datensatz,split,gehalten,modell,fenster,w1,w2,vorlauf_s,seed,epochen,block,dilationen,params,trials_train,sek,bekannt,ungesehen
Datensatz,ohne 2,2,voll12,10,,,0.40,0,10,2conv+wn,1-2-4-8,23749,193,9,0.8000,0.6296
Datensatz,ohne 2,2,voll12,10,,,0.40,1,10,2conv+wn,1-2-4-8,23749,193,8,0.7500,0.6296
Datensatz,ohne 2,2,voll12,10,,,0.40,2,10,2conv+wn,1-2-4-8,23749,193,8,0.9000,0.6296
Datensatz,ohne 2,2,voll12,10,,,0.40,3,10,2conv+wn,1-2-4-8,23749,193,8,0.8000,0.5370
Datensatz,ohne 2,2,voll12,10,,,0.40,4,10,2conv+wn,1-2-4-8,23749,193,8,0.7500,0.6852
Datensatz,ohne 2,2,voll12,10,,,0.40,5,10,2conv+wn,1-2-4-8,23749,193,8,0.7500,0.5741
Datensatz,ohne 2,2,voll12,10,,,0.40,6,10,2conv+wn,1-2-4-8,23749,193,8,0.8000,0.5926
Datensatz,ohne 2,2,voll12,10,,,0.40,7,10,2conv+wn,1-2-4-8,23749,193,8,0.8000,0.6296
Datensatz,ohne 2,2,voll12,10,,,0.40,8,10,2conv+wn,1-2-4-8,23749,193,8,0.9000,0.5556
Datensatz,ohne 2,2,voll12,10,,,0.40,9,10,2conv+wn,1-2-4-8,23749,193,8,0.9000,0.6111
Datensatz,ohne 2,2,voll12,25,,,1.00,0,10,2conv+wn,1-2-4-8,23749,193,6,0.8000,0.7778
Datensatz,ohne 2,2,voll12,25,,,1.00,1,10,2conv+wn,1-2-4-8,23749,193,6,0.7500,0.6852
Datensatz,ohne 2,2,voll12,25,,,1.00,2,10,2conv+wn,1-2-4-8,23749,193,6,0.8500,0.7037
Datensatz,ohne 2,2,voll12,25,,,1.00,3,10,2conv+wn,1-2-4-8,23749,193,6,0.8500,0.6852
Datensatz,ohne 2,2,voll12,25,,,1.00,4,10,2conv+wn,1-2-4-8,23749,193,6,0.9500,0.7037
Datensatz,ohne 2,2,voll12,25,,,1.00,5,10,2conv+wn,1-2-4-8,23749,193,6,0.8000,0.6852
Datensatz,ohne 2,2,voll12,25,,,1.00,6,10,2conv+wn,1-2-4-8,23749,193,6,0.9500,0.7407
Datensatz,ohne 2,2,voll12,25,,,1.00,7,10,2conv+wn,1-2-4-8,23749,193,6,0.8000,0.6667
Datensatz,ohne 2,2,voll12,25,,,1.00,8,10,2conv+wn,1-2-4-8,23749,193,6,0.8000,0.7037
Datensatz,ohne 2,2,voll12,25,,,1.00,9,10,2conv+wn,1-2-4-8,23749,193,6,0.7500,0.7222
Datensatz,ohne 2,2,voll12,50,,,2.00,0,10,2conv+wn,1-2-4-8,23749,193,4,0.7500,0.9259
Datensatz,ohne 2,2,voll12,50,,,2.00,1,10,2conv+wn,1-2-4-8,23749,193,3,0.7500,0.9630
Datensatz,ohne 2,2,voll12,50,,,2.00,2,10,2conv+wn,1-2-4-8,23749,193,3,0.8000,0.9444
Datensatz,ohne 2,2,voll12,50,,,2.00,3,10,2conv+wn,1-2-4-8,23749,193,3,0.8000,0.9444
Datensatz,ohne 2,2,voll12,50,,,2.00,4,10,2conv+wn,1-2-4-8,23749,193,3,0.8000,0.7407
Datensatz,ohne 2,2,voll12,50,,,2.00,5,10,2conv+wn,1-2-4-8,23749,193,3,0.8000,0.7778
Datensatz,ohne 2,2,voll12,50,,,2.00,6,10,2conv+wn,1-2-4-8,23749,193,3,0.7000,0.7037
Datensatz,ohne 2,2,voll12,50,,,2.00,7,10,2conv+wn,1-2-4-8,23749,193,3,0.7000,0.7963
Datensatz,ohne 2,2,voll12,50,,,2.00,8,10,2conv+wn,1-2-4-8,23749,193,3,0.7500,0.7778
Datensatz,ohne 2,2,voll12,50,,,2.00,9,10,2conv+wn,1-2-4-8,23749,193,3,0.8000,0.7222
Datensatz,ohne 2,2,voll12,75,,,3.00,0,10,2conv+wn,1-2-4-8,23749,193,3,0.7000,0.7593
Datensatz,ohne 2,2,voll12,75,,,3.00,1,10,2conv+wn,1-2-4-8,23749,193,3,0.7000,0.7222
Datensatz,ohne 2,2,voll12,75,,,3.00,2,10,2conv+wn,1-2-4-8,23749,193,3,0.8000,0.8148
Datensatz,ohne 2,2,voll12,75,,,3.00,3,10,2conv+wn,1-2-4-8,23749,193,3,0.7500,0.8148
Datensatz,ohne 2,2,voll12,75,,,3.00,4,10,2conv+wn,1-2-4-8,23749,193,3,0.7000,0.7778
Datensatz,ohne 2,2,voll12,75,,,3.00,5,10,2conv+wn,1-2-4-8,23749,193,3,0.8000,0.7407
Datensatz,ohne 2,2,voll12,75,,,3.00,6,10,2conv+wn,1-2-4-8,23749,193,3,0.8000,0.6852
Datensatz,ohne 2,2,voll12,75,,,3.00,7,10,2conv+wn,1-2-4-8,23749,193,3,0.7000,0.7778
Datensatz,ohne 2,2,voll12,75,,,3.00,8,10,2conv+wn,1-2-4-8,23749,193,3,0.8000,0.6852
Datensatz,ohne 2,2,voll12,75,,,3.00,9,10,2conv+wn,1-2-4-8,23749,193,3,0.7000,0.7407
Datensatz,ohne 2,2,voll12,100,,,4.00,0,10,2conv+wn,1-2-4-8,23749,193,2,0.7000,0.7407
Datensatz,ohne 2,2,voll12,100,,,4.00,1,10,2conv+wn,1-2-4-8,23749,193,2,0.8000,0.7778
Datensatz,ohne 2,2,voll12,100,,,4.00,2,10,2conv+wn,1-2-4-8,23749,193,2,0.8500,0.7037
Datensatz,ohne 2,2,voll12,100,,,4.00,3,10,2conv+wn,1-2-4-8,23749,193,2,0.7000,0.7963
Datensatz,ohne 2,2,voll12,100,,,4.00,4,10,2conv+wn,1-2-4-8,23749,193,2,0.7000,0.7407
Datensatz,ohne 2,2,voll12,100,,,4.00,5,10,2conv+wn,1-2-4-8,23749,193,2,0.6500,0.7778
Datensatz,ohne 2,2,voll12,100,,,4.00,6,10,2conv+wn,1-2-4-8,23749,193,2,0.7000,0.6667
Datensatz,ohne 2,2,voll12,100,,,4.00,7,10,2conv+wn,1-2-4-8,23749,193,2,0.6500,0.7778
Datensatz,ohne 2,2,voll12,100,,,4.00,8,10,2conv+wn,1-2-4-8,23749,193,2,0.8000,0.7778
Datensatz,ohne 2,2,voll12,100,,,4.00,9,10,2conv+wn,1-2-4-8,23749,193,2,0.8000,0.6667
Datensatz,ohne 2,2,voll12,125,,,5.00,0,10,2conv+wn,1-2-4-8,23749,193,2,0.7000,0.7778
Datensatz,ohne 2,2,voll12,125,,,5.00,1,10,2conv+wn,1-2-4-8,23749,193,2,0.7000,0.7778
Datensatz,ohne 2,2,voll12,125,,,5.00,2,10,2conv+wn,1-2-4-8,23749,193,2,0.7500,0.7037
Datensatz,ohne 2,2,voll12,125,,,5.00,3,10,2conv+wn,1-2-4-8,23749,193,2,0.7000,0.7778
Datensatz,ohne 2,2,voll12,125,,,5.00,4,10,2conv+wn,1-2-4-8,23749,193,2,0.7000,0.7407
Datensatz,ohne 2,2,voll12,125,,,5.00,5,10,2conv+wn,1-2-4-8,23749,193,2,0.7000,0.7407
Datensatz,ohne 2,2,voll12,125,,,5.00,6,10,2conv+wn,1-2-4-8,23749,193,2,0.7000,0.7407
Datensatz,ohne 2,2,voll12,125,,,5.00,7,10,2conv+wn,1-2-4-8,23749,193,2,0.7000,0.7778
Datensatz,ohne 2,2,voll12,125,,,5.00,8,10,2conv+wn,1-2-4-8,23749,193,2,0.7000,0.8333
Datensatz,ohne 2,2,voll12,125,,,5.00,9,10,2conv+wn,1-2-4-8,23749,193,2,0.7000,0.7407
Datensatz,ohne 2,2,pos4,10,,,0.40,0,10,2conv+wn,1-2-4-8,22725,193,7,0.7000,0.5556
Datensatz,ohne 2,2,pos4,10,,,0.40,1,10,2conv+wn,1-2-4-8,22725,193,7,0.8000,0.5926
Datensatz,ohne 2,2,pos4,10,,,0.40,2,10,2conv+wn,1-2-4-8,22725,193,7,0.7500,0.5000
Datensatz,ohne 2,2,pos4,10,,,0.40,3,10,2conv+wn,1-2-4-8,22725,193,7,0.6000,0.5741
Datensatz,ohne 2,2,pos4,10,,,0.40,4,10,2conv+wn,1-2-4-8,22725,193,7,0.8000,0.5556
Datensatz,ohne 2,2,pos4,10,,,0.40,5,10,2conv+wn,1-2-4-8,22725,193,7,0.8000,0.5000
Datensatz,ohne 2,2,pos4,10,,,0.40,6,10,2conv+wn,1-2-4-8,22725,193,7,0.5500,0.4630
Datensatz,ohne 2,2,pos4,10,,,0.40,7,10,2conv+wn,1-2-4-8,22725,193,7,0.5500,0.5741
Datensatz,ohne 2,2,pos4,10,,,0.40,8,10,2conv+wn,1-2-4-8,22725,193,7,0.8500,0.6667
Datensatz,ohne 2,2,pos4,10,,,0.40,9,10,2conv+wn,1-2-4-8,22725,193,7,0.6500,0.6296
Datensatz,ohne 2,2,pos4,25,,,1.00,0,10,2conv+wn,1-2-4-8,22725,193,5,0.7000,0.7593
Datensatz,ohne 2,2,pos4,25,,,1.00,1,10,2conv+wn,1-2-4-8,22725,193,5,0.7500,0.7963
Datensatz,ohne 2,2,pos4,25,,,1.00,2,10,2conv+wn,1-2-4-8,22725,193,5,0.7000,0.7037
Datensatz,ohne 2,2,pos4,25,,,1.00,3,10,2conv+wn,1-2-4-8,22725,193,5,0.7000,0.6481
Datensatz,ohne 2,2,pos4,25,,,1.00,4,10,2conv+wn,1-2-4-8,22725,193,5,0.8000,0.7778
Datensatz,ohne 2,2,pos4,25,,,1.00,5,10,2conv+wn,1-2-4-8,22725,193,5,0.8000,0.7778
Datensatz,ohne 2,2,pos4,25,,,1.00,6,10,2conv+wn,1-2-4-8,22725,193,5,0.9500,0.8148
Datensatz,ohne 2,2,pos4,25,,,1.00,7,10,2conv+wn,1-2-4-8,22725,193,5,0.7000,0.8148
Datensatz,ohne 2,2,pos4,25,,,1.00,8,10,2conv+wn,1-2-4-8,22725,193,5,0.9000,0.7037
Datensatz,ohne 2,2,pos4,25,,,1.00,9,10,2conv+wn,1-2-4-8,22725,193,5,0.7500,0.8148
Datensatz,ohne 2,2,pos4,50,,,2.00,0,10,2conv+wn,1-2-4-8,22725,193,3,0.7500,0.8148
Datensatz,ohne 2,2,pos4,50,,,2.00,1,10,2conv+wn,1-2-4-8,22725,193,3,0.7000,0.9630
Datensatz,ohne 2,2,pos4,50,,,2.00,2,10,2conv+wn,1-2-4-8,22725,193,3,0.8500,0.8519
Datensatz,ohne 2,2,pos4,50,,,2.00,3,10,2conv+wn,1-2-4-8,22725,193,3,0.7000,0.7037
Datensatz,ohne 2,2,pos4,50,,,2.00,4,10,2conv+wn,1-2-4-8,22725,193,3,0.8000,0.9630
Datensatz,ohne 2,2,pos4,50,,,2.00,5,10,2conv+wn,1-2-4-8,22725,193,3,0.7500,0.8519
Datensatz,ohne 2,2,pos4,50,,,2.00,6,10,2conv+wn,1-2-4-8,22725,193,3,0.8000,0.8333
Datensatz,ohne 2,2,pos4,50,,,2.00,7,10,2conv+wn,1-2-4-8,22725,193,3,0.8500,0.7963
Datensatz,ohne 2,2,pos4,50,,,2.00,8,10,2conv+wn,1-2-4-8,22725,193,3,0.7000,0.9259
Datensatz,ohne 2,2,pos4,50,,,2.00,9,10,2conv+wn,1-2-4-8,22725,193,3,0.7000,0.8519
Datensatz,ohne 2,2,pos4,75,,,3.00,0,10,2conv+wn,1-2-4-8,22725,193,2,0.8000,0.7407
Datensatz,ohne 2,2,pos4,75,,,3.00,1,10,2conv+wn,1-2-4-8,22725,193,2,0.8000,0.8148
Datensatz,ohne 2,2,pos4,75,,,3.00,2,10,2conv+wn,1-2-4-8,22725,193,2,0.7500,0.7778
Datensatz,ohne 2,2,pos4,75,,,3.00,3,10,2conv+wn,1-2-4-8,22725,193,2,0.7500,0.7778
Datensatz,ohne 2,2,pos4,75,,,3.00,4,10,2conv+wn,1-2-4-8,22725,193,2,0.7500,0.7037
Datensatz,ohne 2,2,pos4,75,,,3.00,5,10,2conv+wn,1-2-4-8,22725,193,2,0.8500,0.7778
Datensatz,ohne 2,2,pos4,75,,,3.00,6,10,2conv+wn,1-2-4-8,22725,193,2,0.8000,0.6852
Datensatz,ohne 2,2,pos4,75,,,3.00,7,10,2conv+wn,1-2-4-8,22725,193,2,0.7000,0.7407
Datensatz,ohne 2,2,pos4,75,,,3.00,8,10,2conv+wn,1-2-4-8,22725,193,2,0.7500,0.7778
Datensatz,ohne 2,2,pos4,75,,,3.00,9,10,2conv+wn,1-2-4-8,22725,193,2,0.8000,0.7963
Datensatz,ohne 2,2,pos4,100,,,4.00,0,10,2conv+wn,1-2-4-8,22725,193,2,0.8000,0.8148
Datensatz,ohne 2,2,pos4,100,,,4.00,1,10,2conv+wn,1-2-4-8,22725,193,2,0.8000,0.8148
Datensatz,ohne 2,2,pos4,100,,,4.00,2,10,2conv+wn,1-2-4-8,22725,193,2,0.8000,0.7778
Datensatz,ohne 2,2,pos4,100,,,4.00,3,10,2conv+wn,1-2-4-8,22725,193,2,0.8000,0.7037
Datensatz,ohne 2,2,pos4,100,,,4.00,4,10,2conv+wn,1-2-4-8,22725,193,2,0.7000,0.7778
Datensatz,ohne 2,2,pos4,100,,,4.00,5,10,2conv+wn,1-2-4-8,22725,193,2,0.7500,0.8704
Datensatz,ohne 2,2,pos4,100,,,4.00,6,10,2conv+wn,1-2-4-8,22725,193,2,0.8000,0.7778
Datensatz,ohne 2,2,pos4,100,,,4.00,7,10,2conv+wn,1-2-4-8,22725,193,2,0.8500,0.9074
Datensatz,ohne 2,2,pos4,100,,,4.00,8,10,2conv+wn,1-2-4-8,22725,193,2,0.8500,0.7037
Datensatz,ohne 2,2,pos4,100,,,4.00,9,10,2conv+wn,1-2-4-8,22725,193,2,0.8500,0.7407
Datensatz,ohne 2,2,pos4,125,,,5.00,0,10,2conv+wn,1-2-4-8,22725,193,2,0.7000,0.7778
Datensatz,ohne 2,2,pos4,125,,,5.00,1,10,2conv+wn,1-2-4-8,22725,193,2,0.7500,0.7778
Datensatz,ohne 2,2,pos4,125,,,5.00,2,10,2conv+wn,1-2-4-8,22725,193,2,0.8000,0.7407
Datensatz,ohne 2,2,pos4,125,,,5.00,3,10,2conv+wn,1-2-4-8,22725,193,2,0.7000,0.7778
Datensatz,ohne 2,2,pos4,125,,,5.00,4,10,2conv+wn,1-2-4-8,22725,193,2,0.7500,0.7037
Datensatz,ohne 2,2,pos4,125,,,5.00,5,10,2conv+wn,1-2-4-8,22725,193,2,0.7000,0.8148
Datensatz,ohne 2,2,pos4,125,,,5.00,6,10,2conv+wn,1-2-4-8,22725,193,2,0.7000,0.8148
Datensatz,ohne 2,2,pos4,125,,,5.00,7,10,2conv+wn,1-2-4-8,22725,193,2,0.6500,0.8148
Datensatz,ohne 2,2,pos4,125,,,5.00,8,10,2conv+wn,1-2-4-8,22725,193,2,0.7000,0.7778
Datensatz,ohne 2,2,pos4,125,,,5.00,9,10,2conv+wn,1-2-4-8,22725,193,2,0.7000,0.7407
Datensatz,ohne 2,2,tips6pos,10,,,0.40,0,10,2conv+wn,1-2-4-8,23749,193,10,0.8000,0.3704
Datensatz,ohne 2,2,tips6pos,10,,,0.40,1,10,2conv+wn,1-2-4-8,23749,193,10,0.8000,0.5370
Datensatz,ohne 2,2,tips6pos,10,,,0.40,2,10,2conv+wn,1-2-4-8,23749,193,10,0.9000,0.5185
Datensatz,ohne 2,2,tips6pos,10,,,0.40,3,10,2conv+wn,1-2-4-8,23749,193,10,0.7500,0.3889
Datensatz,ohne 2,2,tips6pos,10,,,0.40,4,10,2conv+wn,1-2-4-8,23749,193,10,0.7500,0.4444
Datensatz,ohne 2,2,tips6pos,10,,,0.40,5,10,2conv+wn,1-2-4-8,23749,193,10,0.7000,0.4074
Datensatz,ohne 2,2,tips6pos,10,,,0.40,6,10,2conv+wn,1-2-4-8,23749,193,10,0.8000,0.3519
Datensatz,ohne 2,2,tips6pos,10,,,0.40,7,10,2conv+wn,1-2-4-8,23749,193,10,0.8500,0.3704
Datensatz,ohne 2,2,tips6pos,10,,,0.40,8,10,2conv+wn,1-2-4-8,23749,193,10,0.8500,0.5000
Datensatz,ohne 2,2,tips6pos,10,,,0.40,9,10,2conv+wn,1-2-4-8,23749,193,10,0.7500,0.3704
Datensatz,ohne 2,2,tips6pos,25,,,1.00,0,10,2conv+wn,1-2-4-8,23749,193,7,0.8000,0.7037
Datensatz,ohne 2,2,tips6pos,25,,,1.00,1,10,2conv+wn,1-2-4-8,23749,193,7,0.8000,0.6852
Datensatz,ohne 2,2,tips6pos,25,,,1.00,2,10,2conv+wn,1-2-4-8,23749,193,7,0.7000,0.7037
Datensatz,ohne 2,2,tips6pos,25,,,1.00,3,10,2conv+wn,1-2-4-8,23749,193,7,0.9000,0.7222
Datensatz,ohne 2,2,tips6pos,25,,,1.00,4,10,2conv+wn,1-2-4-8,23749,193,7,0.8500,0.7037
Datensatz,ohne 2,2,tips6pos,25,,,1.00,5,10,2conv+wn,1-2-4-8,23749,193,7,0.8000,0.6296
Datensatz,ohne 2,2,tips6pos,25,,,1.00,6,10,2conv+wn,1-2-4-8,23749,193,7,0.8500,0.6667
Datensatz,ohne 2,2,tips6pos,25,,,1.00,7,10,2conv+wn,1-2-4-8,23749,193,7,0.8000,0.8333
Datensatz,ohne 2,2,tips6pos,25,,,1.00,8,10,2conv+wn,1-2-4-8,23749,193,7,0.8000,0.6111
Datensatz,ohne 2,2,tips6pos,25,,,1.00,9,10,2conv+wn,1-2-4-8,23749,193,7,0.7000,0.7037
Datensatz,ohne 2,2,tips6pos,50,,,2.00,0,10,2conv+wn,1-2-4-8,23749,193,4,0.7000,0.9630
Datensatz,ohne 2,2,tips6pos,50,,,2.00,1,10,2conv+wn,1-2-4-8,23749,193,4,0.7000,0.9259
Datensatz,ohne 2,2,tips6pos,50,,,2.00,2,10,2conv+wn,1-2-4-8,23749,193,4,0.8000,0.7963
Datensatz,ohne 2,2,tips6pos,50,,,2.00,3,10,2conv+wn,1-2-4-8,23749,193,4,0.7000,0.7963
Datensatz,ohne 2,2,tips6pos,50,,,2.00,4,10,2conv+wn,1-2-4-8,23749,193,4,0.8000,0.7778
Datensatz,ohne 2,2,tips6pos,50,,,2.00,5,10,2conv+wn,1-2-4-8,23749,193,5,0.8000,0.8148
Datensatz,ohne 2,2,tips6pos,50,,,2.00,6,10,2conv+wn,1-2-4-8,23749,193,4,0.8000,0.7037
Datensatz,ohne 2,2,tips6pos,50,,,2.00,7,10,2conv+wn,1-2-4-8,23749,193,4,0.7000,0.7407
Datensatz,ohne 2,2,tips6pos,50,,,2.00,8,10,2conv+wn,1-2-4-8,23749,193,5,0.8500,0.9630
Datensatz,ohne 2,2,tips6pos,50,,,2.00,9,10,2conv+wn,1-2-4-8,23749,193,4,0.8000,0.9259
Datensatz,ohne 2,2,tips6pos,75,,,3.00,0,10,2conv+wn,1-2-4-8,23749,193,3,0.7000,0.7963
Datensatz,ohne 2,2,tips6pos,75,,,3.00,1,10,2conv+wn,1-2-4-8,23749,193,4,0.7000,0.7037
Datensatz,ohne 2,2,tips6pos,75,,,3.00,2,10,2conv+wn,1-2-4-8,23749,193,4,0.8000,0.7037
Datensatz,ohne 2,2,tips6pos,75,,,3.00,3,10,2conv+wn,1-2-4-8,23749,193,4,0.7500,0.8889
Datensatz,ohne 2,2,tips6pos,75,,,3.00,4,10,2conv+wn,1-2-4-8,23749,193,4,0.7000,0.7778
Datensatz,ohne 2,2,tips6pos,75,,,3.00,5,10,2conv+wn,1-2-4-8,23749,193,4,0.8000,0.7778
Datensatz,ohne 2,2,tips6pos,75,,,3.00,6,10,2conv+wn,1-2-4-8,23749,193,4,0.8000,0.8148
Datensatz,ohne 2,2,tips6pos,75,,,3.00,7,10,2conv+wn,1-2-4-8,23749,193,4,0.8000,0.7778
Datensatz,ohne 2,2,tips6pos,75,,,3.00,8,10,2conv+wn,1-2-4-8,23749,193,4,0.8000,0.7778
Datensatz,ohne 2,2,tips6pos,75,,,3.00,9,10,2conv+wn,1-2-4-8,23749,193,4,0.7000,0.7407
Datensatz,ohne 2,2,tips6pos,100,,,4.00,0,10,2conv+wn,1-2-4-8,23749,193,3,0.7000,0.7963
Datensatz,ohne 2,2,tips6pos,100,,,4.00,1,10,2conv+wn,1-2-4-8,23749,193,3,0.7500,0.7778
Datensatz,ohne 2,2,tips6pos,100,,,4.00,2,10,2conv+wn,1-2-4-8,23749,193,3,0.8000,0.7778
Datensatz,ohne 2,2,tips6pos,100,,,4.00,3,10,2conv+wn,1-2-4-8,23749,193,3,0.8000,0.7778
Datensatz,ohne 2,2,tips6pos,100,,,4.00,4,10,2conv+wn,1-2-4-8,23749,193,3,0.7500,0.7963
Datensatz,ohne 2,2,tips6pos,100,,,4.00,5,10,2conv+wn,1-2-4-8,23749,193,3,0.7000,0.7778
Datensatz,ohne 2,2,tips6pos,100,,,4.00,6,10,2conv+wn,1-2-4-8,23749,193,3,0.7500,0.7407
Datensatz,ohne 2,2,tips6pos,100,,,4.00,7,10,2conv+wn,1-2-4-8,23749,193,3,0.8000,0.7778
Datensatz,ohne 2,2,tips6pos,100,,,4.00,8,10,2conv+wn,1-2-4-8,23749,193,3,0.8500,0.7593
Datensatz,ohne 2,2,tips6pos,100,,,4.00,9,10,2conv+wn,1-2-4-8,23749,193,3,0.8000,0.9630
Datensatz,ohne 2,2,tips6pos,125,,,5.00,0,10,2conv+wn,1-2-4-8,23749,193,3,0.7000,0.8333
Datensatz,ohne 2,2,tips6pos,125,,,5.00,1,10,2conv+wn,1-2-4-8,23749,193,3,0.7500,0.9630
Datensatz,ohne 2,2,tips6pos,125,,,5.00,2,10,2conv+wn,1-2-4-8,23749,193,3,0.8000,0.7778
Datensatz,ohne 2,2,tips6pos,125,,,5.00,3,10,2conv+wn,1-2-4-8,23749,193,3,0.7000,0.7407
Datensatz,ohne 2,2,tips6pos,125,,,5.00,4,10,2conv+wn,1-2-4-8,23749,193,3,0.7000,0.7778
Datensatz,ohne 2,2,tips6pos,125,,,5.00,5,10,2conv+wn,1-2-4-8,23749,193,3,0.7000,0.7778
Datensatz,ohne 2,2,tips6pos,125,,,5.00,6,10,2conv+wn,1-2-4-8,23749,193,3,0.7000,0.7778
Datensatz,ohne 2,2,tips6pos,125,,,5.00,7,10,2conv+wn,1-2-4-8,23749,193,3,0.7000,0.7778
Datensatz,ohne 2,2,tips6pos,125,,,5.00,8,10,2conv+wn,1-2-4-8,23749,193,3,0.7500,0.7778
Datensatz,ohne 2,2,tips6pos,125,,,5.00,9,10,2conv+wn,1-2-4-8,23749,193,3,0.8000,0.7778
Datensatz,ohne 2,2,TCN->TCN,25,10,25,1.40,0,10,2conv+wn,1-2-4-8,67977,193,20,0.8500,0.8148
Datensatz,ohne 2,2,TCN->TCN,25,10,25,1.40,1,10,2conv+wn,1-2-4-8,67977,193,20,0.8000,0.7963
Datensatz,ohne 2,2,TCN->TCN,25,10,25,1.40,2,10,2conv+wn,1-2-4-8,67977,193,20,0.7500,0.8148
Datensatz,ohne 2,2,TCN->TCN,25,10,25,1.40,3,10,2conv+wn,1-2-4-8,67977,193,20,0.8500,0.8148
Datensatz,ohne 2,2,TCN->TCN,25,10,25,1.40,4,10,2conv+wn,1-2-4-8,67977,193,20,0.8000,0.8148
Datensatz,ohne 2,2,TCN->TCN,25,10,25,1.40,5,10,2conv+wn,1-2-4-8,67977,193,20,0.8500,0.7963
Datensatz,ohne 2,2,TCN->TCN,25,10,25,1.40,6,10,2conv+wn,1-2-4-8,67977,193,20,0.8000,0.7407
Datensatz,ohne 2,2,TCN->TCN,25,10,25,1.40,7,10,2conv+wn,1-2-4-8,67977,193,20,0.8500,0.7963
Datensatz,ohne 2,2,TCN->TCN,25,10,25,1.40,8,10,2conv+wn,1-2-4-8,67977,193,20,0.8500,0.8148
Datensatz,ohne 2,2,TCN->TCN,25,10,25,1.40,9,10,2conv+wn,1-2-4-8,67977,193,20,0.7500,0.8148
Datensatz,ohne 2,2,TCN->TCN,50,10,50,2.40,0,10,2conv+wn,1-2-4-8,67977,193,18,0.8000,0.9259
Datensatz,ohne 2,2,TCN->TCN,50,10,50,2.40,1,10,2conv+wn,1-2-4-8,67977,193,18,0.8000,0.8704
Datensatz,ohne 2,2,TCN->TCN,50,10,50,2.40,2,10,2conv+wn,1-2-4-8,67977,193,18,0.8500,0.9259
Datensatz,ohne 2,2,TCN->TCN,50,10,50,2.40,3,10,2conv+wn,1-2-4-8,67977,193,19,0.8000,0.8148
Datensatz,ohne 2,2,TCN->TCN,50,10,50,2.40,4,10,2conv+wn,1-2-4-8,67977,193,18,0.8000,0.8148
Datensatz,ohne 2,2,TCN->TCN,50,10,50,2.40,5,10,2conv+wn,1-2-4-8,67977,193,18,0.8000,0.8519
Datensatz,ohne 2,2,TCN->TCN,50,10,50,2.40,6,10,2conv+wn,1-2-4-8,67977,193,18,0.8500,0.8704
Datensatz,ohne 2,2,TCN->TCN,50,10,50,2.40,7,10,2conv+wn,1-2-4-8,67977,193,18,0.8000,0.8889
Datensatz,ohne 2,2,TCN->TCN,50,10,50,2.40,8,10,2conv+wn,1-2-4-8,67977,193,18,0.9000,0.8889
Datensatz,ohne 2,2,TCN->TCN,50,10,50,2.40,9,10,2conv+wn,1-2-4-8,67977,193,18,0.8000,0.8519
Datensatz,ohne 2,2,TCN->TCN,75,10,75,3.40,0,10,2conv+wn,1-2-4-8,67977,193,18,0.9000,0.9630
Datensatz,ohne 2,2,TCN->TCN,75,10,75,3.40,1,10,2conv+wn,1-2-4-8,67977,193,18,0.8000,0.9259
Datensatz,ohne 2,2,TCN->TCN,75,10,75,3.40,2,10,2conv+wn,1-2-4-8,67977,193,18,0.8000,0.8519
Datensatz,ohne 2,2,TCN->TCN,75,10,75,3.40,3,10,2conv+wn,1-2-4-8,67977,193,18,0.7000,0.8148
Datensatz,ohne 2,2,TCN->TCN,75,10,75,3.40,4,10,2conv+wn,1-2-4-8,67977,193,18,0.8000,0.9074
Datensatz,ohne 2,2,TCN->TCN,75,10,75,3.40,5,10,2conv+wn,1-2-4-8,67977,193,18,0.8000,0.9444
Datensatz,ohne 2,2,TCN->TCN,75,10,75,3.40,6,10,2conv+wn,1-2-4-8,67977,193,18,0.8000,0.9074
Datensatz,ohne 2,2,TCN->TCN,75,10,75,3.40,7,10,2conv+wn,1-2-4-8,67977,193,18,0.7000,0.9444
Datensatz,ohne 2,2,TCN->TCN,75,10,75,3.40,8,10,2conv+wn,1-2-4-8,67977,193,18,0.8000,0.9074
Datensatz,ohne 2,2,TCN->TCN,75,10,75,3.40,9,10,2conv+wn,1-2-4-8,67977,193,18,0.8000,0.9074
Datensatz,ohne 2,2,TCN->TCN,100,10,100,4.40,0,10,2conv+wn,1-2-4-8,67977,193,17,0.8000,0.9444
Datensatz,ohne 2,2,TCN->TCN,100,10,100,4.40,1,10,2conv+wn,1-2-4-8,67977,193,18,0.7000,0.9259
Datensatz,ohne 2,2,TCN->TCN,100,10,100,4.40,2,10,2conv+wn,1-2-4-8,67977,193,18,0.7000,0.9074
Datensatz,ohne 2,2,TCN->TCN,100,10,100,4.40,3,10,2conv+wn,1-2-4-8,67977,193,18,0.8000,0.8889
Datensatz,ohne 2,2,TCN->TCN,100,10,100,4.40,4,10,2conv+wn,1-2-4-8,67977,193,17,0.8000,0.8519
Datensatz,ohne 2,2,TCN->TCN,100,10,100,4.40,5,10,2conv+wn,1-2-4-8,67977,193,17,0.8000,0.9259
Datensatz,ohne 2,2,TCN->TCN,100,10,100,4.40,6,10,2conv+wn,1-2-4-8,67977,193,18,0.8000,0.9444
Datensatz,ohne 2,2,TCN->TCN,100,10,100,4.40,7,10,2conv+wn,1-2-4-8,67977,193,18,0.8000,0.8889
Datensatz,ohne 2,2,TCN->TCN,100,10,100,4.40,8,10,2conv+wn,1-2-4-8,67977,193,18,0.8000,0.9074
Datensatz,ohne 2,2,TCN->TCN,100,10,100,4.40,9,10,2conv+wn,1-2-4-8,67977,193,18,0.8000,0.8704
Datensatz,ohne 2,2,TCN->TCN,125,10,125,5.40,0,10,2conv+wn,1-2-4-8,67977,193,18,0.8000,0.9074
Datensatz,ohne 2,2,TCN->TCN,125,10,125,5.40,1,10,2conv+wn,1-2-4-8,67977,193,17,0.7000,0.9259
Datensatz,ohne 2,2,TCN->TCN,125,10,125,5.40,2,10,2conv+wn,1-2-4-8,67977,193,17,0.8500,0.8889
Datensatz,ohne 2,2,TCN->TCN,125,10,125,5.40,3,10,2conv+wn,1-2-4-8,67977,193,18,0.8000,0.7963
Datensatz,ohne 2,2,TCN->TCN,125,10,125,5.40,4,10,2conv+wn,1-2-4-8,67977,193,18,0.8000,0.9074
Datensatz,ohne 2,2,TCN->TCN,125,10,125,5.40,5,10,2conv+wn,1-2-4-8,67977,193,18,0.8000,0.8889
Datensatz,ohne 2,2,TCN->TCN,125,10,125,5.40,6,10,2conv+wn,1-2-4-8,67977,193,18,0.8000,0.7963
Datensatz,ohne 2,2,TCN->TCN,125,10,125,5.40,7,10,2conv+wn,1-2-4-8,67977,193,18,0.8000,0.9074
Datensatz,ohne 2,2,TCN->TCN,125,10,125,5.40,8,10,2conv+wn,1-2-4-8,67977,193,18,0.8000,0.9259
Datensatz,ohne 2,2,TCN->TCN,125,10,125,5.40,9,10,2conv+wn,1-2-4-8,67977,193,17,0.8000,0.8889
Datensatz,ohne 2,2,TCN->TCN,150,10,150,6.40,0,10,2conv+wn,1-2-4-8,67977,193,18,0.7000,0.7963
Datensatz,ohne 2,2,TCN->TCN,150,10,150,6.40,1,10,2conv+wn,1-2-4-8,67977,193,17,0.8000,0.9259
Datensatz,ohne 2,2,TCN->TCN,150,10,150,6.40,2,10,2conv+wn,1-2-4-8,67977,193,16,0.7000,0.9074
Datensatz,ohne 2,2,TCN->TCN,150,10,150,6.40,3,10,2conv+wn,1-2-4-8,67977,193,17,0.8000,0.8889
Datensatz,ohne 2,2,TCN->TCN,150,10,150,6.40,4,10,2conv+wn,1-2-4-8,67977,193,16,0.7000,0.8519
Datensatz,ohne 2,2,TCN->TCN,150,10,150,6.40,5,10,2conv+wn,1-2-4-8,67977,193,17,0.8000,0.8889
Datensatz,ohne 2,2,TCN->TCN,150,10,150,6.40,6,10,2conv+wn,1-2-4-8,67977,193,18,0.8000,0.8148
Datensatz,ohne 2,2,TCN->TCN,150,10,150,6.40,7,10,2conv+wn,1-2-4-8,67977,193,18,0.8000,0.7963
Datensatz,ohne 2,2,TCN->TCN,150,10,150,6.40,8,10,2conv+wn,1-2-4-8,67977,193,17,0.8000,0.8704
Datensatz,ohne 2,2,TCN->TCN,150,10,150,6.40,9,10,2conv+wn,1-2-4-8,67977,193,17,0.8000,0.9259
Datensatz,ohne 2,2,TCN->TCN,175,10,175,7.40,0,10,2conv+wn,1-2-4-8,67977,193,18,0.7500,0.7963
Datensatz,ohne 2,2,TCN->TCN,175,10,175,7.40,1,10,2conv+wn,1-2-4-8,67977,193,18,0.7000,0.7963
Datensatz,ohne 2,2,TCN->TCN,175,10,175,7.40,2,10,2conv+wn,1-2-4-8,67977,193,17,0.8000,0.9074
Datensatz,ohne 2,2,TCN->TCN,175,10,175,7.40,3,10,2conv+wn,1-2-4-8,67977,193,18,0.8000,0.8704
Datensatz,ohne 2,2,TCN->TCN,175,10,175,7.40,4,10,2conv+wn,1-2-4-8,67977,193,18,0.7000,0.8519
Datensatz,ohne 2,2,TCN->TCN,175,10,175,7.40,5,10,2conv+wn,1-2-4-8,67977,193,17,0.7500,0.8333
Datensatz,ohne 2,2,TCN->TCN,175,10,175,7.40,6,10,2conv+wn,1-2-4-8,67977,193,17,0.7000,0.9074
Datensatz,ohne 2,2,TCN->TCN,175,10,175,7.40,7,10,2conv+wn,1-2-4-8,67977,193,17,0.8000,0.7778
Datensatz,ohne 2,2,TCN->TCN,175,10,175,7.40,8,10,2conv+wn,1-2-4-8,67977,193,17,0.7000,0.8704
Datensatz,ohne 2,2,TCN->TCN,175,10,175,7.40,9,10,2conv+wn,1-2-4-8,67977,193,17,0.7000,0.9074
Datensatz,ohne 2,2,TCN->TCN,25,25,25,2.00,0,10,2conv+wn,1-2-4-8,67977,193,16,0.9000,0.6852
Datensatz,ohne 2,2,TCN->TCN,25,25,25,2.00,1,10,2conv+wn,1-2-4-8,67977,193,16,0.8500,0.6481
Datensatz,ohne 2,2,TCN->TCN,25,25,25,2.00,2,10,2conv+wn,1-2-4-8,67977,193,16,0.7500,0.6481
Datensatz,ohne 2,2,TCN->TCN,25,25,25,2.00,3,10,2conv+wn,1-2-4-8,67977,193,17,0.8000,0.6667
Datensatz,ohne 2,2,TCN->TCN,25,25,25,2.00,4,10,2conv+wn,1-2-4-8,67977,193,16,0.9500,0.6481
Datensatz,ohne 2,2,TCN->TCN,25,25,25,2.00,5,10,2conv+wn,1-2-4-8,67977,193,15,0.8000,0.6111
Datensatz,ohne 2,2,TCN->TCN,25,25,25,2.00,6,10,2conv+wn,1-2-4-8,67977,193,15,0.9000,0.7037
Datensatz,ohne 2,2,TCN->TCN,25,25,25,2.00,7,10,2conv+wn,1-2-4-8,67977,193,15,0.8000,0.6667
Datensatz,ohne 2,2,TCN->TCN,25,25,25,2.00,8,10,2conv+wn,1-2-4-8,67977,193,15,0.9000,0.7407
Datensatz,ohne 2,2,TCN->TCN,25,25,25,2.00,9,10,2conv+wn,1-2-4-8,67977,193,16,0.8000,0.6667
Datensatz,ohne 2,2,TCN->TCN,50,25,50,3.00,0,10,2conv+wn,1-2-4-8,67977,193,14,0.8000,0.8704
Datensatz,ohne 2,2,TCN->TCN,50,25,50,3.00,1,10,2conv+wn,1-2-4-8,67977,193,14,0.9000,0.7593
Datensatz,ohne 2,2,TCN->TCN,50,25,50,3.00,2,10,2conv+wn,1-2-4-8,67977,193,14,0.8000,0.7778
Datensatz,ohne 2,2,TCN->TCN,50,25,50,3.00,3,10,2conv+wn,1-2-4-8,67977,193,14,0.9000,0.7963
Datensatz,ohne 2,2,TCN->TCN,50,25,50,3.00,4,10,2conv+wn,1-2-4-8,67977,193,14,0.8000,0.7963
Datensatz,ohne 2,2,TCN->TCN,50,25,50,3.00,5,10,2conv+wn,1-2-4-8,67977,193,13,0.8000,0.6852
Datensatz,ohne 2,2,TCN->TCN,50,25,50,3.00,6,10,2conv+wn,1-2-4-8,67977,193,13,0.8000,0.8148
Datensatz,ohne 2,2,TCN->TCN,50,25,50,3.00,7,10,2conv+wn,1-2-4-8,67977,193,13,0.7500,0.6667
Datensatz,ohne 2,2,TCN->TCN,50,25,50,3.00,8,10,2conv+wn,1-2-4-8,67977,193,13,0.7500,0.7593
Datensatz,ohne 2,2,TCN->TCN,50,25,50,3.00,9,10,2conv+wn,1-2-4-8,67977,193,13,0.9000,0.8519
Datensatz,ohne 2,2,TCN->TCN,75,25,75,4.00,0,10,2conv+wn,1-2-4-8,67977,193,12,0.8000,0.8889
Datensatz,ohne 2,2,TCN->TCN,75,25,75,4.00,1,10,2conv+wn,1-2-4-8,67977,193,13,0.7500,0.7222
Datensatz,ohne 2,2,TCN->TCN,75,25,75,4.00,2,10,2conv+wn,1-2-4-8,67977,193,12,0.9000,0.8889
Datensatz,ohne 2,2,TCN->TCN,75,25,75,4.00,3,10,2conv+wn,1-2-4-8,67977,193,12,0.8000,0.8333
Datensatz,ohne 2,2,TCN->TCN,75,25,75,4.00,4,10,2conv+wn,1-2-4-8,67977,193,12,0.8500,0.7778
Datensatz,ohne 2,2,TCN->TCN,75,25,75,4.00,5,10,2conv+wn,1-2-4-8,67977,193,12,0.9000,0.8519
Datensatz,ohne 2,2,TCN->TCN,75,25,75,4.00,6,10,2conv+wn,1-2-4-8,67977,193,13,0.9000,0.7407
Datensatz,ohne 2,2,TCN->TCN,75,25,75,4.00,7,10,2conv+wn,1-2-4-8,67977,193,13,0.8000,0.7963
Datensatz,ohne 2,2,TCN->TCN,75,25,75,4.00,8,10,2conv+wn,1-2-4-8,67977,193,13,0.8000,0.8704
Datensatz,ohne 2,2,TCN->TCN,75,25,75,4.00,9,10,2conv+wn,1-2-4-8,67977,193,12,0.8000,0.8333
Datensatz,ohne 2,2,TCN->TCN,100,25,100,5.00,0,10,2conv+wn,1-2-4-8,67977,193,12,0.8500,0.8333
Datensatz,ohne 2,2,TCN->TCN,100,25,100,5.00,1,10,2conv+wn,1-2-4-8,67977,193,12,0.9000,0.8704
Datensatz,ohne 2,2,TCN->TCN,100,25,100,5.00,2,10,2conv+wn,1-2-4-8,67977,193,12,0.9000,0.8519
Datensatz,ohne 2,2,TCN->TCN,100,25,100,5.00,3,10,2conv+wn,1-2-4-8,67977,193,12,0.8000,0.6481
Datensatz,ohne 2,2,TCN->TCN,100,25,100,5.00,4,10,2conv+wn,1-2-4-8,67977,193,12,0.9000,0.7407
Datensatz,ohne 2,2,TCN->TCN,100,25,100,5.00,5,10,2conv+wn,1-2-4-8,67977,193,12,0.8500,0.8333
Datensatz,ohne 2,2,TCN->TCN,100,25,100,5.00,6,10,2conv+wn,1-2-4-8,67977,193,12,0.9000,0.7222
Datensatz,ohne 2,2,TCN->TCN,100,25,100,5.00,7,10,2conv+wn,1-2-4-8,67977,193,12,0.9000,0.8519
Datensatz,ohne 2,2,TCN->TCN,100,25,100,5.00,8,10,2conv+wn,1-2-4-8,67977,193,12,0.8000,0.7963
Datensatz,ohne 2,2,TCN->TCN,100,25,100,5.00,9,10,2conv+wn,1-2-4-8,67977,193,12,0.9000,0.8889
Datensatz,ohne 2,2,TCN->TCN,125,25,125,6.00,0,10,2conv+wn,1-2-4-8,67977,193,12,0.7000,0.8519
Datensatz,ohne 2,2,TCN->TCN,125,25,125,6.00,1,10,2conv+wn,1-2-4-8,67977,193,12,0.8500,0.9630
Datensatz,ohne 2,2,TCN->TCN,125,25,125,6.00,2,10,2conv+wn,1-2-4-8,67977,193,12,0.9000,0.8333
Datensatz,ohne 2,2,TCN->TCN,125,25,125,6.00,3,10,2conv+wn,1-2-4-8,67977,193,12,0.8000,0.6481
Datensatz,ohne 2,2,TCN->TCN,125,25,125,6.00,4,10,2conv+wn,1-2-4-8,67977,193,12,0.9000,0.7037
Datensatz,ohne 2,2,TCN->TCN,125,25,125,6.00,5,10,2conv+wn,1-2-4-8,67977,193,12,0.9000,0.7963
Datensatz,ohne 2,2,TCN->TCN,125,25,125,6.00,6,10,2conv+wn,1-2-4-8,67977,193,12,0.9000,0.7222
Datensatz,ohne 2,2,TCN->TCN,125,25,125,6.00,7,10,2conv+wn,1-2-4-8,67977,193,12,0.8000,0.8333
Datensatz,ohne 2,2,TCN->TCN,125,25,125,6.00,8,10,2conv+wn,1-2-4-8,67977,193,12,0.8000,0.7963
Datensatz,ohne 2,2,TCN->TCN,125,25,125,6.00,9,10,2conv+wn,1-2-4-8,67977,193,12,0.8500,0.8333
Datensatz,ohne 2,2,TCN->TCN,150,25,150,7.00,0,10,2conv+wn,1-2-4-8,67977,193,12,0.8000,0.8148
Datensatz,ohne 2,2,TCN->TCN,150,25,150,7.00,1,10,2conv+wn,1-2-4-8,67977,193,12,0.9000,0.8704
Datensatz,ohne 2,2,TCN->TCN,150,25,150,7.00,2,10,2conv+wn,1-2-4-8,67977,193,12,0.9000,0.7407
Datensatz,ohne 2,2,TCN->TCN,150,25,150,7.00,3,10,2conv+wn,1-2-4-8,67977,193,12,0.8000,0.7037
Datensatz,ohne 2,2,TCN->TCN,150,25,150,7.00,4,10,2conv+wn,1-2-4-8,67977,193,12,0.9000,0.8148
Datensatz,ohne 2,2,TCN->TCN,150,25,150,7.00,5,10,2conv+wn,1-2-4-8,67977,193,12,0.9000,0.7963
Datensatz,ohne 2,2,TCN->TCN,150,25,150,7.00,6,10,2conv+wn,1-2-4-8,67977,193,12,0.9000,0.7222
Datensatz,ohne 2,2,TCN->TCN,150,25,150,7.00,7,10,2conv+wn,1-2-4-8,67977,193,12,0.9000,0.7963
Datensatz,ohne 2,2,TCN->TCN,150,25,150,7.00,8,10,2conv+wn,1-2-4-8,67977,193,12,0.7500,0.7778
Datensatz,ohne 2,2,TCN->TCN,150,25,150,7.00,9,10,2conv+wn,1-2-4-8,67977,193,12,0.9000,0.9074
Datensatz,ohne 2,2,TCN->TCN,175,25,175,8.00,0,10,2conv+wn,1-2-4-8,67977,193,12,0.8000,0.8333
Datensatz,ohne 2,2,TCN->TCN,175,25,175,8.00,1,10,2conv+wn,1-2-4-8,67977,193,12,0.9000,0.9259
Datensatz,ohne 2,2,TCN->TCN,175,25,175,8.00,2,10,2conv+wn,1-2-4-8,67977,193,12,0.9000,0.7222
Datensatz,ohne 2,2,TCN->TCN,175,25,175,8.00,3,10,2conv+wn,1-2-4-8,67977,193,12,0.8000,0.7222
Datensatz,ohne 2,2,TCN->TCN,175,25,175,8.00,4,10,2conv+wn,1-2-4-8,67977,193,12,0.9000,0.8519
Datensatz,ohne 2,2,TCN->TCN,175,25,175,8.00,5,10,2conv+wn,1-2-4-8,67977,193,12,0.9000,0.7407
Datensatz,ohne 2,2,TCN->TCN,175,25,175,8.00,6,10,2conv+wn,1-2-4-8,67977,193,12,0.9000,0.8889
Datensatz,ohne 2,2,TCN->TCN,175,25,175,8.00,7,10,2conv+wn,1-2-4-8,67977,193,12,0.8500,0.8704
Datensatz,ohne 2,2,TCN->TCN,175,25,175,8.00,8,10,2conv+wn,1-2-4-8,67977,193,12,0.9000,0.8704
Datensatz,ohne 2,2,TCN->TCN,175,25,175,8.00,9,10,2conv+wn,1-2-4-8,67977,193,12,0.9000,0.8704
Datensatz,ohne 2,2,TCN->TCN,25,50,25,3.00,0,10,2conv+wn,1-2-4-8,67977,193,11,0.8000,0.9444
Datensatz,ohne 2,2,TCN->TCN,25,50,25,3.00,1,10,2conv+wn,1-2-4-8,67977,193,11,0.8500,0.7963
Datensatz,ohne 2,2,TCN->TCN,25,50,25,3.00,2,10,2conv+wn,1-2-4-8,67977,193,11,0.9000,0.8519
Datensatz,ohne 2,2,TCN->TCN,25,50,25,3.00,3,10,2conv+wn,1-2-4-8,67977,193,11,0.9000,0.9259
Datensatz,ohne 2,2,TCN->TCN,25,50,25,3.00,4,10,2conv+wn,1-2-4-8,67977,193,11,0.9500,0.8148
Datensatz,ohne 2,2,TCN->TCN,25,50,25,3.00,5,10,2conv+wn,1-2-4-8,67977,193,11,0.9000,0.8333
Datensatz,ohne 2,2,TCN->TCN,25,50,25,3.00,6,10,2conv+wn,1-2-4-8,67977,193,11,0.9500,0.7963
Datensatz,ohne 2,2,TCN->TCN,25,50,25,3.00,7,10,2conv+wn,1-2-4-8,67977,193,10,0.9000,0.9259
Datensatz,ohne 2,2,TCN->TCN,25,50,25,3.00,8,10,2conv+wn,1-2-4-8,67977,193,10,0.9000,0.7963
Datensatz,ohne 2,2,TCN->TCN,25,50,25,3.00,9,10,2conv+wn,1-2-4-8,67977,193,11,0.9000,0.8889
Datensatz,ohne 2,2,TCN->TCN,50,50,50,4.00,0,10,2conv+wn,1-2-4-8,67977,193,9,0.8500,0.9444
Datensatz,ohne 2,2,TCN->TCN,50,50,50,4.00,1,10,2conv+wn,1-2-4-8,67977,193,9,0.9000,0.8519
Datensatz,ohne 2,2,TCN->TCN,50,50,50,4.00,2,10,2conv+wn,1-2-4-8,67977,193,9,0.9500,0.8148
Datensatz,ohne 2,2,TCN->TCN,50,50,50,4.00,3,10,2conv+wn,1-2-4-8,67977,193,9,0.8000,0.9074
Datensatz,ohne 2,2,TCN->TCN,50,50,50,4.00,4,10,2conv+wn,1-2-4-8,67977,193,9,0.9000,0.8889
Datensatz,ohne 2,2,TCN->TCN,50,50,50,4.00,5,10,2conv+wn,1-2-4-8,67977,193,9,0.8000,0.7778
Datensatz,ohne 2,2,TCN->TCN,50,50,50,4.00,6,10,2conv+wn,1-2-4-8,67977,193,9,0.9500,0.7963
Datensatz,ohne 2,2,TCN->TCN,50,50,50,4.00,7,10,2conv+wn,1-2-4-8,67977,193,9,0.9000,0.8519
Datensatz,ohne 2,2,TCN->TCN,50,50,50,4.00,8,10,2conv+wn,1-2-4-8,67977,193,9,0.9000,0.7963
Datensatz,ohne 2,2,TCN->TCN,50,50,50,4.00,9,10,2conv+wn,1-2-4-8,67977,193,9,0.9000,0.9074
Datensatz,ohne 2,2,TCN->TCN,75,50,75,5.00,0,10,2conv+wn,1-2-4-8,67977,193,8,0.9000,0.9074
Datensatz,ohne 2,2,TCN->TCN,75,50,75,5.00,1,10,2conv+wn,1-2-4-8,67977,193,8,0.9000,0.8519
Datensatz,ohne 2,2,TCN->TCN,75,50,75,5.00,2,10,2conv+wn,1-2-4-8,67977,193,8,0.9500,0.9815
Datensatz,ohne 2,2,TCN->TCN,75,50,75,5.00,3,10,2conv+wn,1-2-4-8,67977,193,8,0.8000,0.8704
Datensatz,ohne 2,2,TCN->TCN,75,50,75,5.00,4,10,2conv+wn,1-2-4-8,67977,193,8,0.9000,0.8519
Datensatz,ohne 2,2,TCN->TCN,75,50,75,5.00,5,10,2conv+wn,1-2-4-8,67977,193,8,0.8000,0.7963
Datensatz,ohne 2,2,TCN->TCN,75,50,75,5.00,6,10,2conv+wn,1-2-4-8,67977,193,8,0.8000,0.7778
Datensatz,ohne 2,2,TCN->TCN,75,50,75,5.00,7,10,2conv+wn,1-2-4-8,67977,193,8,0.9000,0.9444
Datensatz,ohne 2,2,TCN->TCN,75,50,75,5.00,8,10,2conv+wn,1-2-4-8,67977,193,8,0.9000,0.8333
Datensatz,ohne 2,2,TCN->TCN,75,50,75,5.00,9,10,2conv+wn,1-2-4-8,67977,193,8,0.9000,0.9259
Datensatz,ohne 2,2,TCN->TCN,100,50,100,6.00,0,10,2conv+wn,1-2-4-8,67977,193,9,0.9500,0.9259
Datensatz,ohne 2,2,TCN->TCN,100,50,100,6.00,1,10,2conv+wn,1-2-4-8,67977,193,9,0.9000,0.8148
Datensatz,ohne 2,2,TCN->TCN,100,50,100,6.00,2,10,2conv+wn,1-2-4-8,67977,193,9,0.9500,0.9630
Datensatz,ohne 2,2,TCN->TCN,100,50,100,6.00,3,10,2conv+wn,1-2-4-8,67977,193,9,0.8000,0.7778
Datensatz,ohne 2,2,TCN->TCN,100,50,100,6.00,4,10,2conv+wn,1-2-4-8,67977,193,9,0.9000,0.8704
Datensatz,ohne 2,2,TCN->TCN,100,50,100,6.00,5,10,2conv+wn,1-2-4-8,67977,193,9,0.9000,0.8333
Datensatz,ohne 2,2,TCN->TCN,100,50,100,6.00,6,10,2conv+wn,1-2-4-8,67977,193,9,0.9000,0.7963
Datensatz,ohne 2,2,TCN->TCN,100,50,100,6.00,7,10,2conv+wn,1-2-4-8,67977,193,9,0.9000,0.8889
Datensatz,ohne 2,2,TCN->TCN,100,50,100,6.00,8,10,2conv+wn,1-2-4-8,67977,193,9,0.9000,0.9815
Datensatz,ohne 2,2,TCN->TCN,100,50,100,6.00,9,10,2conv+wn,1-2-4-8,67977,193,9,0.9000,0.8704
Datensatz,ohne 2,2,TCN->TCN,125,50,125,7.00,0,10,2conv+wn,1-2-4-8,67977,193,9,0.8500,0.8333
Datensatz,ohne 2,2,TCN->TCN,125,50,125,7.00,1,10,2conv+wn,1-2-4-8,67977,193,9,0.9000,0.9259
Datensatz,ohne 2,2,TCN->TCN,125,50,125,7.00,2,10,2conv+wn,1-2-4-8,67977,193,9,0.9500,1.0000
Datensatz,ohne 2,2,TCN->TCN,125,50,125,7.00,3,10,2conv+wn,1-2-4-8,67977,193,9,0.8000,0.7593
Datensatz,ohne 2,2,TCN->TCN,125,50,125,7.00,4,10,2conv+wn,1-2-4-8,67977,193,9,0.8500,0.8889
Datensatz,ohne 2,2,TCN->TCN,125,50,125,7.00,5,10,2conv+wn,1-2-4-8,67977,193,9,0.8000,0.8519
Datensatz,ohne 2,2,TCN->TCN,125,50,125,7.00,6,10,2conv+wn,1-2-4-8,67977,193,9,0.9000,0.8148
Datensatz,ohne 2,2,TCN->TCN,125,50,125,7.00,7,10,2conv+wn,1-2-4-8,67977,193,9,0.9000,0.9074
Datensatz,ohne 2,2,TCN->TCN,125,50,125,7.00,8,10,2conv+wn,1-2-4-8,67977,193,9,0.9000,0.7778
Datensatz,ohne 2,2,TCN->TCN,125,50,125,7.00,9,10,2conv+wn,1-2-4-8,67977,193,9,0.8500,0.9259
Datensatz,ohne 2,2,TCN->TCN,150,50,150,8.00,0,10,2conv+wn,1-2-4-8,67977,193,9,0.8500,0.9444
Datensatz,ohne 2,2,TCN->TCN,150,50,150,8.00,1,10,2conv+wn,1-2-4-8,67977,193,9,0.9000,0.8519
Datensatz,ohne 2,2,TCN->TCN,150,50,150,8.00,2,10,2conv+wn,1-2-4-8,67977,193,9,0.9500,0.8889
Datensatz,ohne 2,2,TCN->TCN,150,50,150,8.00,3,10,2conv+wn,1-2-4-8,67977,193,9,0.7500,0.7407
Datensatz,ohne 2,2,TCN->TCN,150,50,150,8.00,4,10,2conv+wn,1-2-4-8,67977,193,9,0.8000,0.7407
Datensatz,ohne 2,2,TCN->TCN,150,50,150,8.00,5,10,2conv+wn,1-2-4-8,67977,193,9,0.7500,0.8889
Datensatz,ohne 2,2,TCN->TCN,150,50,150,8.00,6,10,2conv+wn,1-2-4-8,67977,193,9,0.8500,0.7778
Datensatz,ohne 2,2,TCN->TCN,150,50,150,8.00,7,10,2conv+wn,1-2-4-8,67977,193,9,0.9000,0.8519
Datensatz,ohne 2,2,TCN->TCN,150,50,150,8.00,8,10,2conv+wn,1-2-4-8,67977,193,9,0.9000,0.8148
Datensatz,ohne 2,2,TCN->TCN,150,50,150,8.00,9,10,2conv+wn,1-2-4-8,67977,193,9,0.9000,0.9259
Datensatz,ohne 2,2,TCN->TCN,175,50,175,9.00,0,10,2conv+wn,1-2-4-8,67977,193,9,0.9000,0.9074
Datensatz,ohne 2,2,TCN->TCN,175,50,175,9.00,1,10,2conv+wn,1-2-4-8,67977,193,9,0.9000,0.8333
Datensatz,ohne 2,2,TCN->TCN,175,50,175,9.00,2,10,2conv+wn,1-2-4-8,67977,193,9,0.9000,0.8889
Datensatz,ohne 2,2,TCN->TCN,175,50,175,9.00,3,10,2conv+wn,1-2-4-8,67977,193,9,0.8000,0.9074
Datensatz,ohne 2,2,TCN->TCN,175,50,175,9.00,4,10,2conv+wn,1-2-4-8,67977,193,9,0.8000,0.8148
Datensatz,ohne 2,2,TCN->TCN,175,50,175,9.00,5,10,2conv+wn,1-2-4-8,67977,193,9,0.8000,0.8148
Datensatz,ohne 2,2,TCN->TCN,175,50,175,9.00,6,10,2conv+wn,1-2-4-8,67977,193,9,0.9000,0.8148
Datensatz,ohne 2,2,TCN->TCN,175,50,175,9.00,7,10,2conv+wn,1-2-4-8,67977,193,9,0.9000,0.7593
Datensatz,ohne 2,2,TCN->TCN,175,50,175,9.00,8,10,2conv+wn,1-2-4-8,67977,193,9,0.9000,0.8519
Datensatz,ohne 2,2,TCN->TCN,175,50,175,9.00,9,10,2conv+wn,1-2-4-8,67977,193,9,0.9000,0.8519
Datensatz,ohne 1,1,voll12,10,,,0.40,0,10,2conv+wn,1-2-4-8,23749,155,6,0.6667,0.6200
Datensatz,ohne 1,1,voll12,10,,,0.40,1,10,2conv+wn,1-2-4-8,23749,155,6,0.6667,0.6100
Datensatz,ohne 1,1,voll12,10,,,0.40,2,10,2conv+wn,1-2-4-8,23749,155,6,0.6667,0.4800
Datensatz,ohne 1,1,voll12,10,,,0.40,3,10,2conv+wn,1-2-4-8,23749,155,6,0.6667,0.5800
Datensatz,ohne 1,1,voll12,10,,,0.40,4,10,2conv+wn,1-2-4-8,23749,155,6,0.6667,0.5500
Datensatz,ohne 1,1,voll12,10,,,0.40,5,10,2conv+wn,1-2-4-8,23749,155,6,0.6667,0.5800
Datensatz,ohne 1,1,voll12,10,,,0.40,6,10,2conv+wn,1-2-4-8,23749,155,6,0.6667,0.5200
Datensatz,ohne 1,1,voll12,10,,,0.40,7,10,2conv+wn,1-2-4-8,23749,155,6,0.6667,0.5700
Datensatz,ohne 1,1,voll12,10,,,0.40,8,10,2conv+wn,1-2-4-8,23749,155,6,0.6667,0.5100
Datensatz,ohne 1,1,voll12,10,,,0.40,9,10,2conv+wn,1-2-4-8,23749,155,6,0.5833,0.4700
Datensatz,ohne 1,1,voll12,25,,,1.00,0,10,2conv+wn,1-2-4-8,23749,155,5,1.0000,0.7800
Datensatz,ohne 1,1,voll12,25,,,1.00,1,10,2conv+wn,1-2-4-8,23749,155,5,1.0000,0.8000
Datensatz,ohne 1,1,voll12,25,,,1.00,2,10,2conv+wn,1-2-4-8,23749,155,5,1.0000,0.8000
Datensatz,ohne 1,1,voll12,25,,,1.00,3,10,2conv+wn,1-2-4-8,23749,155,4,1.0000,0.7800
Datensatz,ohne 1,1,voll12,25,,,1.00,4,10,2conv+wn,1-2-4-8,23749,155,5,1.0000,0.7900
Datensatz,ohne 1,1,voll12,25,,,1.00,5,10,2conv+wn,1-2-4-8,23749,155,4,1.0000,0.8100
Datensatz,ohne 1,1,voll12,25,,,1.00,6,10,2conv+wn,1-2-4-8,23749,155,5,1.0000,0.7900
Datensatz,ohne 1,1,voll12,25,,,1.00,7,10,2conv+wn,1-2-4-8,23749,155,5,1.0000,0.7800
Datensatz,ohne 1,1,voll12,25,,,1.00,8,10,2conv+wn,1-2-4-8,23749,155,5,1.0000,0.7900
Datensatz,ohne 1,1,voll12,25,,,1.00,9,10,2conv+wn,1-2-4-8,23749,155,5,1.0000,0.7800
Datensatz,ohne 1,1,voll12,50,,,2.00,0,10,2conv+wn,1-2-4-8,23749,155,3,1.0000,0.7700
Datensatz,ohne 1,1,voll12,50,,,2.00,1,10,2conv+wn,1-2-4-8,23749,155,3,1.0000,0.8000
Datensatz,ohne 1,1,voll12,50,,,2.00,2,10,2conv+wn,1-2-4-8,23749,155,3,1.0000,0.8000
Datensatz,ohne 1,1,voll12,50,,,2.00,3,10,2conv+wn,1-2-4-8,23749,155,3,1.0000,0.7900
Datensatz,ohne 1,1,voll12,50,,,2.00,4,10,2conv+wn,1-2-4-8,23749,155,3,1.0000,0.7900
Datensatz,ohne 1,1,voll12,50,,,2.00,5,10,2conv+wn,1-2-4-8,23749,155,3,1.0000,0.7800
Datensatz,ohne 1,1,voll12,50,,,2.00,6,10,2conv+wn,1-2-4-8,23749,155,3,1.0000,0.7800
Datensatz,ohne 1,1,voll12,50,,,2.00,7,10,2conv+wn,1-2-4-8,23749,155,3,1.0000,0.8100
Datensatz,ohne 1,1,voll12,50,,,2.00,8,10,2conv+wn,1-2-4-8,23749,155,3,1.0000,0.7900
Datensatz,ohne 1,1,voll12,50,,,2.00,9,10,2conv+wn,1-2-4-8,23749,155,3,1.0000,0.7900
Datensatz,ohne 1,1,voll12,75,,,3.00,0,10,2conv+wn,1-2-4-8,23749,155,3,1.0000,0.8100
Datensatz,ohne 1,1,voll12,75,,,3.00,1,10,2conv+wn,1-2-4-8,23749,155,3,1.0000,0.8000
Datensatz,ohne 1,1,voll12,75,,,3.00,2,10,2conv+wn,1-2-4-8,23749,155,3,1.0000,0.7900
Datensatz,ohne 1,1,voll12,75,,,3.00,3,10,2conv+wn,1-2-4-8,23749,155,3,1.0000,0.7900
Datensatz,ohne 1,1,voll12,75,,,3.00,4,10,2conv+wn,1-2-4-8,23749,155,3,1.0000,0.7800
Datensatz,ohne 1,1,voll12,75,,,3.00,5,10,2conv+wn,1-2-4-8,23749,155,3,1.0000,0.8100
Datensatz,ohne 1,1,voll12,75,,,3.00,6,10,2conv+wn,1-2-4-8,23749,155,3,1.0000,0.7800
Datensatz,ohne 1,1,voll12,75,,,3.00,7,10,2conv+wn,1-2-4-8,23749,155,3,1.0000,0.7800
Datensatz,ohne 1,1,voll12,75,,,3.00,8,10,2conv+wn,1-2-4-8,23749,155,3,1.0000,0.7800
Datensatz,ohne 1,1,voll12,75,,,3.00,9,10,2conv+wn,1-2-4-8,23749,155,3,1.0000,0.8000
Datensatz,ohne 1,1,voll12,100,,,4.00,0,10,2conv+wn,1-2-4-8,23749,155,3,1.0000,0.7900
Datensatz,ohne 1,1,voll12,100,,,4.00,1,10,2conv+wn,1-2-4-8,23749,155,3,1.0000,0.7800
Datensatz,ohne 1,1,voll12,100,,,4.00,2,10,2conv+wn,1-2-4-8,23749,155,3,1.0000,0.8700
Datensatz,ohne 1,1,voll12,100,,,4.00,3,10,2conv+wn,1-2-4-8,23749,155,3,1.0000,0.8100
Datensatz,ohne 1,1,voll12,100,,,4.00,4,10,2conv+wn,1-2-4-8,23749,155,3,1.0000,0.7900
Datensatz,ohne 1,1,voll12,100,,,4.00,5,10,2conv+wn,1-2-4-8,23749,155,3,1.0000,0.7600
Datensatz,ohne 1,1,voll12,100,,,4.00,6,10,2conv+wn,1-2-4-8,23749,155,3,1.0000,0.7800
Datensatz,ohne 1,1,voll12,100,,,4.00,7,10,2conv+wn,1-2-4-8,23749,155,3,1.0000,0.8000
Datensatz,ohne 1,1,voll12,100,,,4.00,8,10,2conv+wn,1-2-4-8,23749,155,3,1.0000,0.8100
Datensatz,ohne 1,1,voll12,100,,,4.00,9,10,2conv+wn,1-2-4-8,23749,155,3,0.8333,0.6900
Datensatz,ohne 1,1,voll12,125,,,5.00,0,10,2conv+wn,1-2-4-8,23749,155,3,1.0000,0.8000
Datensatz,ohne 1,1,voll12,125,,,5.00,1,10,2conv+wn,1-2-4-8,23749,155,3,1.0000,0.7800
Datensatz,ohne 1,1,voll12,125,,,5.00,2,10,2conv+wn,1-2-4-8,23749,155,3,1.0000,0.7600
Datensatz,ohne 1,1,voll12,125,,,5.00,3,10,2conv+wn,1-2-4-8,23749,155,3,1.0000,0.8100
Datensatz,ohne 1,1,voll12,125,,,5.00,4,10,2conv+wn,1-2-4-8,23749,155,3,1.0000,0.8100
Datensatz,ohne 1,1,voll12,125,,,5.00,5,10,2conv+wn,1-2-4-8,23749,155,3,1.0000,0.8100
Datensatz,ohne 1,1,voll12,125,,,5.00,6,10,2conv+wn,1-2-4-8,23749,155,3,1.0000,0.8100
Datensatz,ohne 1,1,voll12,125,,,5.00,7,10,2conv+wn,1-2-4-8,23749,155,3,1.0000,0.8100
Datensatz,ohne 1,1,voll12,125,,,5.00,8,10,2conv+wn,1-2-4-8,23749,155,3,1.0000,0.7900
Datensatz,ohne 1,1,voll12,125,,,5.00,9,10,2conv+wn,1-2-4-8,23749,155,3,1.0000,0.7800
Datensatz,ohne 1,1,pos4,10,,,0.40,0,10,2conv+wn,1-2-4-8,22725,155,5,0.5833,0.5200
Datensatz,ohne 1,1,pos4,10,,,0.40,1,10,2conv+wn,1-2-4-8,22725,155,5,0.6667,0.6300
Datensatz,ohne 1,1,pos4,10,,,0.40,2,10,2conv+wn,1-2-4-8,22725,155,5,0.3333,0.5400
Datensatz,ohne 1,1,pos4,10,,,0.40,3,10,2conv+wn,1-2-4-8,22725,155,5,0.7500,0.6000
Datensatz,ohne 1,1,pos4,10,,,0.40,4,10,2conv+wn,1-2-4-8,22725,155,5,0.6667,0.6100
Datensatz,ohne 1,1,pos4,10,,,0.40,5,10,2conv+wn,1-2-4-8,22725,155,5,0.6667,0.6200
Datensatz,ohne 1,1,pos4,10,,,0.40,6,10,2conv+wn,1-2-4-8,22725,155,5,0.6667,0.5700
Datensatz,ohne 1,1,pos4,10,,,0.40,7,10,2conv+wn,1-2-4-8,22725,155,5,0.6667,0.5600
Datensatz,ohne 1,1,pos4,10,,,0.40,8,10,2conv+wn,1-2-4-8,22725,155,5,0.6667,0.5600
Datensatz,ohne 1,1,pos4,10,,,0.40,9,10,2conv+wn,1-2-4-8,22725,155,5,0.8333,0.6000
Datensatz,ohne 1,1,pos4,25,,,1.00,0,10,2conv+wn,1-2-4-8,22725,155,3,1.0000,0.7200
Datensatz,ohne 1,1,pos4,25,,,1.00,1,10,2conv+wn,1-2-4-8,22725,155,3,1.0000,0.8000
Datensatz,ohne 1,1,pos4,25,,,1.00,2,10,2conv+wn,1-2-4-8,22725,155,3,1.0000,0.7800
Datensatz,ohne 1,1,pos4,25,,,1.00,3,10,2conv+wn,1-2-4-8,22725,155,3,1.0000,0.8000
Datensatz,ohne 1,1,pos4,25,,,1.00,4,10,2conv+wn,1-2-4-8,22725,155,3,1.0000,0.7800
Datensatz,ohne 1,1,pos4,25,,,1.00,5,10,2conv+wn,1-2-4-8,22725,155,4,1.0000,0.7900
Datensatz,ohne 1,1,pos4,25,,,1.00,6,10,2conv+wn,1-2-4-8,22725,155,3,1.0000,0.7600
Datensatz,ohne 1,1,pos4,25,,,1.00,7,10,2conv+wn,1-2-4-8,22725,155,4,1.0000,0.8100
Datensatz,ohne 1,1,pos4,25,,,1.00,8,10,2conv+wn,1-2-4-8,22725,155,4,1.0000,0.8000
Datensatz,ohne 1,1,pos4,25,,,1.00,9,10,2conv+wn,1-2-4-8,22725,155,4,1.0000,0.7500
Datensatz,ohne 1,1,pos4,50,,,2.00,0,10,2conv+wn,1-2-4-8,22725,155,2,1.0000,0.7800
Datensatz,ohne 1,1,pos4,50,,,2.00,1,10,2conv+wn,1-2-4-8,22725,155,2,1.0000,0.8000
Datensatz,ohne 1,1,pos4,50,,,2.00,2,10,2conv+wn,1-2-4-8,22725,155,2,1.0000,0.8000
Datensatz,ohne 1,1,pos4,50,,,2.00,3,10,2conv+wn,1-2-4-8,22725,155,2,1.0000,0.7800
Datensatz,ohne 1,1,pos4,50,,,2.00,4,10,2conv+wn,1-2-4-8,22725,155,2,1.0000,0.8100
Datensatz,ohne 1,1,pos4,50,,,2.00,5,10,2conv+wn,1-2-4-8,22725,155,2,1.0000,0.8100
Datensatz,ohne 1,1,pos4,50,,,2.00,6,10,2conv+wn,1-2-4-8,22725,155,2,1.0000,0.7700
Datensatz,ohne 1,1,pos4,50,,,2.00,7,10,2conv+wn,1-2-4-8,22725,155,2,1.0000,0.7800
Datensatz,ohne 1,1,pos4,50,,,2.00,8,10,2conv+wn,1-2-4-8,22725,155,2,1.0000,0.7900
Datensatz,ohne 1,1,pos4,50,,,2.00,9,10,2conv+wn,1-2-4-8,22725,155,2,1.0000,0.7800
Datensatz,ohne 1,1,pos4,75,,,3.00,0,10,2conv+wn,1-2-4-8,22725,155,2,1.0000,0.8000
Datensatz,ohne 1,1,pos4,75,,,3.00,1,10,2conv+wn,1-2-4-8,22725,155,2,1.0000,0.7900
Datensatz,ohne 1,1,pos4,75,,,3.00,2,10,2conv+wn,1-2-4-8,22725,155,2,1.0000,0.7900
Datensatz,ohne 1,1,pos4,75,,,3.00,3,10,2conv+wn,1-2-4-8,22725,155,2,1.0000,0.8100
Datensatz,ohne 1,1,pos4,75,,,3.00,4,10,2conv+wn,1-2-4-8,22725,155,2,1.0000,0.8000
Datensatz,ohne 1,1,pos4,75,,,3.00,5,10,2conv+wn,1-2-4-8,22725,155,2,1.0000,0.8100
Datensatz,ohne 1,1,pos4,75,,,3.00,6,10,2conv+wn,1-2-4-8,22725,155,2,1.0000,0.8000
Datensatz,ohne 1,1,pos4,75,,,3.00,7,10,2conv+wn,1-2-4-8,22725,155,2,1.0000,0.7900
Datensatz,ohne 1,1,pos4,75,,,3.00,8,10,2conv+wn,1-2-4-8,22725,155,2,1.0000,0.7800
Datensatz,ohne 1,1,pos4,75,,,3.00,9,10,2conv+wn,1-2-4-8,22725,155,2,1.0000,0.7900
Datensatz,ohne 1,1,pos4,100,,,4.00,0,10,2conv+wn,1-2-4-8,22725,155,2,1.0000,0.8100
Datensatz,ohne 1,1,pos4,100,,,4.00,1,10,2conv+wn,1-2-4-8,22725,155,2,1.0000,0.8300
Datensatz,ohne 1,1,pos4,100,,,4.00,2,10,2conv+wn,1-2-4-8,22725,155,2,1.0000,0.8000
Datensatz,ohne 1,1,pos4,100,,,4.00,3,10,2conv+wn,1-2-4-8,22725,155,2,1.0000,0.8300
Datensatz,ohne 1,1,pos4,100,,,4.00,4,10,2conv+wn,1-2-4-8,22725,155,2,1.0000,0.8100
Datensatz,ohne 1,1,pos4,100,,,4.00,5,10,2conv+wn,1-2-4-8,22725,155,2,1.0000,0.7900
Datensatz,ohne 1,1,pos4,100,,,4.00,6,10,2conv+wn,1-2-4-8,22725,155,2,1.0000,0.7900
Datensatz,ohne 1,1,pos4,100,,,4.00,7,10,2conv+wn,1-2-4-8,22725,155,2,1.0000,0.7900
Datensatz,ohne 1,1,pos4,100,,,4.00,8,10,2conv+wn,1-2-4-8,22725,155,2,1.0000,0.8000
Datensatz,ohne 1,1,pos4,100,,,4.00,9,10,2conv+wn,1-2-4-8,22725,155,2,1.0000,0.8100
Datensatz,ohne 1,1,pos4,125,,,5.00,0,10,2conv+wn,1-2-4-8,22725,155,2,1.0000,0.8200
Datensatz,ohne 1,1,pos4,125,,,5.00,1,10,2conv+wn,1-2-4-8,22725,155,2,1.0000,0.8100
Datensatz,ohne 1,1,pos4,125,,,5.00,2,10,2conv+wn,1-2-4-8,22725,155,2,1.0000,0.8400
Datensatz,ohne 1,1,pos4,125,,,5.00,3,10,2conv+wn,1-2-4-8,22725,155,2,1.0000,0.8900
Datensatz,ohne 1,1,pos4,125,,,5.00,4,10,2conv+wn,1-2-4-8,22725,155,2,1.0000,0.8100
Datensatz,ohne 1,1,pos4,125,,,5.00,5,10,2conv+wn,1-2-4-8,22725,155,2,1.0000,0.8200
Datensatz,ohne 1,1,pos4,125,,,5.00,6,10,2conv+wn,1-2-4-8,22725,155,2,1.0000,0.7800
Datensatz,ohne 1,1,pos4,125,,,5.00,7,10,2conv+wn,1-2-4-8,22725,155,2,1.0000,0.7900
Datensatz,ohne 1,1,pos4,125,,,5.00,8,10,2conv+wn,1-2-4-8,22725,155,2,1.0000,0.8200
Datensatz,ohne 1,1,pos4,125,,,5.00,9,10,2conv+wn,1-2-4-8,22725,155,2,1.0000,0.8000
Datensatz,ohne 1,1,tips6pos,10,,,0.40,0,10,2conv+wn,1-2-4-8,23749,155,7,1.0000,0.5300
Datensatz,ohne 1,1,tips6pos,10,,,0.40,1,10,2conv+wn,1-2-4-8,23749,155,7,0.8333,0.5900
Datensatz,ohne 1,1,tips6pos,10,,,0.40,2,10,2conv+wn,1-2-4-8,23749,155,7,1.0000,0.6400
Datensatz,ohne 1,1,tips6pos,10,,,0.40,3,10,2conv+wn,1-2-4-8,23749,155,8,1.0000,0.5800
Datensatz,ohne 1,1,tips6pos,10,,,0.40,4,10,2conv+wn,1-2-4-8,23749,155,7,0.8333,0.5800
Datensatz,ohne 1,1,tips6pos,10,,,0.40,5,10,2conv+wn,1-2-4-8,23749,155,7,0.8333,0.5100
Datensatz,ohne 1,1,tips6pos,10,,,0.40,6,10,2conv+wn,1-2-4-8,23749,155,7,0.8333,0.5200
Datensatz,ohne 1,1,tips6pos,10,,,0.40,7,10,2conv+wn,1-2-4-8,23749,155,7,0.8333,0.5800
Datensatz,ohne 1,1,tips6pos,10,,,0.40,8,10,2conv+wn,1-2-4-8,23749,155,7,0.7500,0.4700
Datensatz,ohne 1,1,tips6pos,10,,,0.40,9,10,2conv+wn,1-2-4-8,23749,155,7,0.8333,0.5800
Datensatz,ohne 1,1,tips6pos,25,,,1.00,0,10,2conv+wn,1-2-4-8,23749,155,6,1.0000,0.7500
Datensatz,ohne 1,1,tips6pos,25,,,1.00,1,10,2conv+wn,1-2-4-8,23749,155,6,1.0000,0.7600
Datensatz,ohne 1,1,tips6pos,25,,,1.00,2,10,2conv+wn,1-2-4-8,23749,155,6,1.0000,0.7500
Datensatz,ohne 1,1,tips6pos,25,,,1.00,3,10,2conv+wn,1-2-4-8,23749,155,6,1.0000,0.7500
Datensatz,ohne 1,1,tips6pos,25,,,1.00,4,10,2conv+wn,1-2-4-8,23749,155,6,1.0000,0.7900
Datensatz,ohne 1,1,tips6pos,25,,,1.00,5,10,2conv+wn,1-2-4-8,23749,155,6,1.0000,0.7100
Datensatz,ohne 1,1,tips6pos,25,,,1.00,6,10,2conv+wn,1-2-4-8,23749,155,6,1.0000,0.7600
Datensatz,ohne 1,1,tips6pos,25,,,1.00,7,10,2conv+wn,1-2-4-8,23749,155,6,1.0000,0.7100
Datensatz,ohne 1,1,tips6pos,25,,,1.00,8,10,2conv+wn,1-2-4-8,23749,155,6,1.0000,0.7500
Datensatz,ohne 1,1,tips6pos,25,,,1.00,9,10,2conv+wn,1-2-4-8,23749,155,6,1.0000,0.7900
Datensatz,ohne 1,1,tips6pos,50,,,2.00,0,10,2conv+wn,1-2-4-8,23749,155,4,1.0000,0.7800
Datensatz,ohne 1,1,tips6pos,50,,,2.00,1,10,2conv+wn,1-2-4-8,23749,155,4,1.0000,0.8000
Datensatz,ohne 1,1,tips6pos,50,,,2.00,2,10,2conv+wn,1-2-4-8,23749,155,4,1.0000,0.8000
Datensatz,ohne 1,1,tips6pos,50,,,2.00,3,10,2conv+wn,1-2-4-8,23749,155,4,1.0000,0.7800
Datensatz,ohne 1,1,tips6pos,50,,,2.00,4,10,2conv+wn,1-2-4-8,23749,155,4,1.0000,0.8100
Datensatz,ohne 1,1,tips6pos,50,,,2.00,5,10,2conv+wn,1-2-4-8,23749,155,4,1.0000,0.8100
Datensatz,ohne 1,1,tips6pos,50,,,2.00,6,10,2conv+wn,1-2-4-8,23749,155,4,1.0000,0.8200
Datensatz,ohne 1,1,tips6pos,50,,,2.00,7,10,2conv+wn,1-2-4-8,23749,155,4,1.0000,0.8100
Datensatz,ohne 1,1,tips6pos,50,,,2.00,8,10,2conv+wn,1-2-4-8,23749,155,4,1.0000,0.7700
Datensatz,ohne 1,1,tips6pos,50,,,2.00,9,10,2conv+wn,1-2-4-8,23749,155,4,1.0000,0.7800
Datensatz,ohne 1,1,tips6pos,75,,,3.00,0,10,2conv+wn,1-2-4-8,23749,155,4,1.0000,0.8100
Datensatz,ohne 1,1,tips6pos,75,,,3.00,1,10,2conv+wn,1-2-4-8,23749,155,4,1.0000,0.8100
Datensatz,ohne 1,1,tips6pos,75,,,3.00,2,10,2conv+wn,1-2-4-8,23749,155,4,1.0000,0.8000
Datensatz,ohne 1,1,tips6pos,75,,,3.00,3,10,2conv+wn,1-2-4-8,23749,155,4,1.0000,0.7900
Datensatz,ohne 1,1,tips6pos,75,,,3.00,4,10,2conv+wn,1-2-4-8,23749,155,4,1.0000,0.8000
Datensatz,ohne 1,1,tips6pos,75,,,3.00,5,10,2conv+wn,1-2-4-8,23749,155,4,1.0000,0.8000
Datensatz,ohne 1,1,tips6pos,75,,,3.00,6,10,2conv+wn,1-2-4-8,23749,155,4,1.0000,0.7800
Datensatz,ohne 1,1,tips6pos,75,,,3.00,7,10,2conv+wn,1-2-4-8,23749,155,4,1.0000,0.7800
Datensatz,ohne 1,1,tips6pos,75,,,3.00,8,10,2conv+wn,1-2-4-8,23749,155,4,1.0000,0.7900
Datensatz,ohne 1,1,tips6pos,75,,,3.00,9,10,2conv+wn,1-2-4-8,23749,155,4,1.0000,0.8100
Datensatz,ohne 1,1,tips6pos,100,,,4.00,0,10,2conv+wn,1-2-4-8,23749,155,4,1.0000,0.8000
Datensatz,ohne 1,1,tips6pos,100,,,4.00,1,10,2conv+wn,1-2-4-8,23749,155,4,1.0000,0.8200
Datensatz,ohne 1,1,tips6pos,100,,,4.00,2,10,2conv+wn,1-2-4-8,23749,155,4,1.0000,0.8400
Datensatz,ohne 1,1,tips6pos,100,,,4.00,3,10,2conv+wn,1-2-4-8,23749,155,4,1.0000,0.8000
Datensatz,ohne 1,1,tips6pos,100,,,4.00,4,10,2conv+wn,1-2-4-8,23749,155,4,1.0000,0.8000
Datensatz,ohne 1,1,tips6pos,100,,,4.00,5,10,2conv+wn,1-2-4-8,23749,155,4,1.0000,0.8000
Datensatz,ohne 1,1,tips6pos,100,,,4.00,6,10,2conv+wn,1-2-4-8,23749,155,4,1.0000,0.8200
Datensatz,ohne 1,1,tips6pos,100,,,4.00,7,10,2conv+wn,1-2-4-8,23749,155,4,1.0000,0.8100
Datensatz,ohne 1,1,tips6pos,100,,,4.00,8,10,2conv+wn,1-2-4-8,23749,155,4,1.0000,0.8000
Datensatz,ohne 1,1,tips6pos,100,,,4.00,9,10,2conv+wn,1-2-4-8,23749,155,4,1.0000,0.7700
Datensatz,ohne 1,1,tips6pos,125,,,5.00,0,10,2conv+wn,1-2-4-8,23749,155,4,1.0000,0.8000
Datensatz,ohne 1,1,tips6pos,125,,,5.00,1,10,2conv+wn,1-2-4-8,23749,155,4,1.0000,0.7500
Datensatz,ohne 1,1,tips6pos,125,,,5.00,2,10,2conv+wn,1-2-4-8,23749,155,4,1.0000,0.8200
Datensatz,ohne 1,1,tips6pos,125,,,5.00,3,10,2conv+wn,1-2-4-8,23749,155,4,1.0000,0.8000
Datensatz,ohne 1,1,tips6pos,125,,,5.00,4,10,2conv+wn,1-2-4-8,23749,155,4,1.0000,0.8100
Datensatz,ohne 1,1,tips6pos,125,,,5.00,5,10,2conv+wn,1-2-4-8,23749,155,4,1.0000,0.8000
Datensatz,ohne 1,1,tips6pos,125,,,5.00,6,10,2conv+wn,1-2-4-8,23749,155,4,1.0000,0.8100
Datensatz,ohne 1,1,tips6pos,125,,,5.00,7,10,2conv+wn,1-2-4-8,23749,155,4,1.0000,0.8100
Datensatz,ohne 1,1,tips6pos,125,,,5.00,8,10,2conv+wn,1-2-4-8,23749,155,4,1.0000,0.8000
Datensatz,ohne 1,1,tips6pos,125,,,5.00,9,10,2conv+wn,1-2-4-8,23749,155,4,1.0000,0.8000
Datensatz,ohne 1,1,TCN->TCN,25,10,25,1.40,0,10,2conv+wn,1-2-4-8,67977,155,13,1.0000,0.7700
Datensatz,ohne 1,1,TCN->TCN,25,10,25,1.40,1,10,2conv+wn,1-2-4-8,67977,155,13,0.8333,0.7300
Datensatz,ohne 1,1,TCN->TCN,25,10,25,1.40,2,10,2conv+wn,1-2-4-8,67977,155,13,0.9167,0.6700
Datensatz,ohne 1,1,TCN->TCN,25,10,25,1.40,3,10,2conv+wn,1-2-4-8,67977,155,13,1.0000,0.7500
Datensatz,ohne 1,1,TCN->TCN,25,10,25,1.40,4,10,2conv+wn,1-2-4-8,67977,155,13,1.0000,0.7300
Datensatz,ohne 1,1,TCN->TCN,25,10,25,1.40,5,10,2conv+wn,1-2-4-8,67977,155,13,1.0000,0.7100
Datensatz,ohne 1,1,TCN->TCN,25,10,25,1.40,6,10,2conv+wn,1-2-4-8,67977,155,13,1.0000,0.7100
Datensatz,ohne 1,1,TCN->TCN,25,10,25,1.40,7,10,2conv+wn,1-2-4-8,67977,155,13,0.9167,0.7800
Datensatz,ohne 1,1,TCN->TCN,25,10,25,1.40,8,10,2conv+wn,1-2-4-8,67977,155,13,0.8333,0.7100
Datensatz,ohne 1,1,TCN->TCN,25,10,25,1.40,9,10,2conv+wn,1-2-4-8,67977,155,13,0.8333,0.7500
Datensatz,ohne 1,1,TCN->TCN,50,10,50,2.40,0,10,2conv+wn,1-2-4-8,67977,155,12,1.0000,0.7600
Datensatz,ohne 1,1,TCN->TCN,50,10,50,2.40,1,10,2conv+wn,1-2-4-8,67977,155,12,1.0000,0.7600
Datensatz,ohne 1,1,TCN->TCN,50,10,50,2.40,2,10,2conv+wn,1-2-4-8,67977,155,12,0.9167,0.7200
Datensatz,ohne 1,1,TCN->TCN,50,10,50,2.40,3,10,2conv+wn,1-2-4-8,67977,155,12,1.0000,0.7800
Datensatz,ohne 1,1,TCN->TCN,50,10,50,2.40,4,10,2conv+wn,1-2-4-8,67977,155,12,1.0000,0.7600
Datensatz,ohne 1,1,TCN->TCN,50,10,50,2.40,5,10,2conv+wn,1-2-4-8,67977,155,12,1.0000,0.7900
Datensatz,ohne 1,1,TCN->TCN,50,10,50,2.40,6,10,2conv+wn,1-2-4-8,67977,155,12,1.0000,0.8000
Datensatz,ohne 1,1,TCN->TCN,50,10,50,2.40,7,10,2conv+wn,1-2-4-8,67977,155,12,1.0000,0.7500
Datensatz,ohne 1,1,TCN->TCN,50,10,50,2.40,8,10,2conv+wn,1-2-4-8,67977,155,12,1.0000,0.7700
Datensatz,ohne 1,1,TCN->TCN,50,10,50,2.40,9,10,2conv+wn,1-2-4-8,67977,155,12,1.0000,0.8200
Datensatz,ohne 1,1,TCN->TCN,75,10,75,3.40,0,10,2conv+wn,1-2-4-8,67977,155,12,1.0000,0.7600
Datensatz,ohne 1,1,TCN->TCN,75,10,75,3.40,1,10,2conv+wn,1-2-4-8,67977,155,12,1.0000,0.6700
Datensatz,ohne 1,1,TCN->TCN,75,10,75,3.40,2,10,2conv+wn,1-2-4-8,67977,155,12,1.0000,0.7700
Datensatz,ohne 1,1,TCN->TCN,75,10,75,3.40,3,10,2conv+wn,1-2-4-8,67977,155,11,1.0000,0.8000
Datensatz,ohne 1,1,TCN->TCN,75,10,75,3.40,4,10,2conv+wn,1-2-4-8,67977,155,11,1.0000,0.7900
Datensatz,ohne 1,1,TCN->TCN,75,10,75,3.40,5,10,2conv+wn,1-2-4-8,67977,155,11,0.8333,0.7100
Datensatz,ohne 1,1,TCN->TCN,75,10,75,3.40,6,10,2conv+wn,1-2-4-8,67977,155,12,1.0000,0.7600
Datensatz,ohne 1,1,TCN->TCN,75,10,75,3.40,7,10,2conv+wn,1-2-4-8,67977,155,12,0.8333,0.7100
Datensatz,ohne 1,1,TCN->TCN,75,10,75,3.40,8,10,2conv+wn,1-2-4-8,67977,155,12,1.0000,0.7700
Datensatz,ohne 1,1,TCN->TCN,75,10,75,3.40,9,10,2conv+wn,1-2-4-8,67977,155,11,1.0000,0.7500
Datensatz,ohne 1,1,TCN->TCN,100,10,100,4.40,0,10,2conv+wn,1-2-4-8,67977,155,12,1.0000,0.7600
Datensatz,ohne 1,1,TCN->TCN,100,10,100,4.40,1,10,2conv+wn,1-2-4-8,67977,155,11,1.0000,0.7800
Datensatz,ohne 1,1,TCN->TCN,100,10,100,4.40,2,10,2conv+wn,1-2-4-8,67977,155,11,1.0000,0.7200
Datensatz,ohne 1,1,TCN->TCN,100,10,100,4.40,3,10,2conv+wn,1-2-4-8,67977,155,12,1.0000,0.7300
Datensatz,ohne 1,1,TCN->TCN,100,10,100,4.40,4,10,2conv+wn,1-2-4-8,67977,155,11,1.0000,0.8000
Datensatz,ohne 1,1,TCN->TCN,100,10,100,4.40,5,10,2conv+wn,1-2-4-8,67977,155,11,1.0000,0.7700
Datensatz,ohne 1,1,TCN->TCN,100,10,100,4.40,6,10,2conv+wn,1-2-4-8,67977,155,11,1.0000,0.7700
Datensatz,ohne 1,1,TCN->TCN,100,10,100,4.40,7,10,2conv+wn,1-2-4-8,67977,155,11,1.0000,0.7900
Datensatz,ohne 1,1,TCN->TCN,100,10,100,4.40,8,10,2conv+wn,1-2-4-8,67977,155,11,1.0000,0.7900
Datensatz,ohne 1,1,TCN->TCN,100,10,100,4.40,9,10,2conv+wn,1-2-4-8,67977,155,11,1.0000,0.8500
Datensatz,ohne 1,1,TCN->TCN,125,10,125,5.40,0,10,2conv+wn,1-2-4-8,67977,155,11,1.0000,0.7200
Datensatz,ohne 1,1,TCN->TCN,125,10,125,5.40,1,10,2conv+wn,1-2-4-8,67977,155,11,1.0000,0.7200
Datensatz,ohne 1,1,TCN->TCN,125,10,125,5.40,2,10,2conv+wn,1-2-4-8,67977,155,11,1.0000,0.7600
Datensatz,ohne 1,1,TCN->TCN,125,10,125,5.40,3,10,2conv+wn,1-2-4-8,67977,155,11,1.0000,0.7600
Datensatz,ohne 1,1,TCN->TCN,125,10,125,5.40,4,10,2conv+wn,1-2-4-8,67977,155,11,1.0000,0.7600
Datensatz,ohne 1,1,TCN->TCN,125,10,125,5.40,5,10,2conv+wn,1-2-4-8,67977,155,11,1.0000,0.7400
Datensatz,ohne 1,1,TCN->TCN,125,10,125,5.40,6,10,2conv+wn,1-2-4-8,67977,155,12,1.0000,0.7500
Datensatz,ohne 1,1,TCN->TCN,125,10,125,5.40,7,10,2conv+wn,1-2-4-8,67977,155,12,1.0000,0.7700
Datensatz,ohne 1,1,TCN->TCN,125,10,125,5.40,8,10,2conv+wn,1-2-4-8,67977,155,11,1.0000,0.7400
Datensatz,ohne 1,1,TCN->TCN,125,10,125,5.40,9,10,2conv+wn,1-2-4-8,67977,155,12,1.0000,0.8000
Datensatz,ohne 1,1,TCN->TCN,150,10,150,6.40,0,10,2conv+wn,1-2-4-8,67977,155,12,1.0000,0.6600
Datensatz,ohne 1,1,TCN->TCN,150,10,150,6.40,1,10,2conv+wn,1-2-4-8,67977,155,12,1.0000,0.7200
Datensatz,ohne 1,1,TCN->TCN,150,10,150,6.40,2,10,2conv+wn,1-2-4-8,67977,155,12,1.0000,0.7000
Datensatz,ohne 1,1,TCN->TCN,150,10,150,6.40,3,10,2conv+wn,1-2-4-8,67977,155,12,1.0000,0.7400
Datensatz,ohne 1,1,TCN->TCN,150,10,150,6.40,4,10,2conv+wn,1-2-4-8,67977,155,12,1.0000,0.7600
Datensatz,ohne 1,1,TCN->TCN,150,10,150,6.40,5,10,2conv+wn,1-2-4-8,67977,155,11,1.0000,0.7000
Datensatz,ohne 1,1,TCN->TCN,150,10,150,6.40,6,10,2conv+wn,1-2-4-8,67977,155,12,1.0000,0.7100
Datensatz,ohne 1,1,TCN->TCN,150,10,150,6.40,7,10,2conv+wn,1-2-4-8,67977,155,12,1.0000,0.7400
Datensatz,ohne 1,1,TCN->TCN,150,10,150,6.40,8,10,2conv+wn,1-2-4-8,67977,155,12,1.0000,0.7300
Datensatz,ohne 1,1,TCN->TCN,150,10,150,6.40,9,10,2conv+wn,1-2-4-8,67977,155,11,1.0000,0.8200
Datensatz,ohne 1,1,TCN->TCN,175,10,175,7.40,0,10,2conv+wn,1-2-4-8,67977,155,11,0.9167,0.6200
Datensatz,ohne 1,1,TCN->TCN,175,10,175,7.40,1,10,2conv+wn,1-2-4-8,67977,155,11,1.0000,0.7500
Datensatz,ohne 1,1,TCN->TCN,175,10,175,7.40,2,10,2conv+wn,1-2-4-8,67977,155,11,1.0000,0.6200
Datensatz,ohne 1,1,TCN->TCN,175,10,175,7.40,3,10,2conv+wn,1-2-4-8,67977,155,11,1.0000,0.7300
Datensatz,ohne 1,1,TCN->TCN,175,10,175,7.40,4,10,2conv+wn,1-2-4-8,67977,155,11,1.0000,0.7300
Datensatz,ohne 1,1,TCN->TCN,175,10,175,7.40,5,10,2conv+wn,1-2-4-8,67977,155,11,1.0000,0.7600
Datensatz,ohne 1,1,TCN->TCN,175,10,175,7.40,6,10,2conv+wn,1-2-4-8,67977,155,11,1.0000,0.7300
Datensatz,ohne 1,1,TCN->TCN,175,10,175,7.40,7,10,2conv+wn,1-2-4-8,67977,155,11,1.0000,0.7200
Datensatz,ohne 1,1,TCN->TCN,175,10,175,7.40,8,10,2conv+wn,1-2-4-8,67977,155,11,1.0000,0.7300
Datensatz,ohne 1,1,TCN->TCN,175,10,175,7.40,9,10,2conv+wn,1-2-4-8,67977,155,11,1.0000,0.7400
Datensatz,ohne 1,1,TCN->TCN,25,25,25,2.00,0,10,2conv+wn,1-2-4-8,67977,155,10,1.0000,0.8000
Datensatz,ohne 1,1,TCN->TCN,25,25,25,2.00,1,10,2conv+wn,1-2-4-8,67977,155,10,1.0000,0.8200
Datensatz,ohne 1,1,TCN->TCN,25,25,25,2.00,2,10,2conv+wn,1-2-4-8,67977,155,10,1.0000,0.8000
Datensatz,ohne 1,1,TCN->TCN,25,25,25,2.00,3,10,2conv+wn,1-2-4-8,67977,155,10,0.9167,0.7200
Datensatz,ohne 1,1,TCN->TCN,25,25,25,2.00,4,10,2conv+wn,1-2-4-8,67977,155,10,1.0000,0.8100
Datensatz,ohne 1,1,TCN->TCN,25,25,25,2.00,5,10,2conv+wn,1-2-4-8,67977,155,10,0.8333,0.7800
Datensatz,ohne 1,1,TCN->TCN,25,25,25,2.00,6,10,2conv+wn,1-2-4-8,67977,155,10,0.8333,0.7700
Datensatz,ohne 1,1,TCN->TCN,25,25,25,2.00,7,10,2conv+wn,1-2-4-8,67977,155,10,0.8333,0.8400
Datensatz,ohne 1,1,TCN->TCN,25,25,25,2.00,8,10,2conv+wn,1-2-4-8,67977,155,10,1.0000,0.8600
Datensatz,ohne 1,1,TCN->TCN,25,25,25,2.00,9,10,2conv+wn,1-2-4-8,67977,155,10,0.8333,0.8300
Datensatz,ohne 1,1,TCN->TCN,50,25,50,3.00,0,10,2conv+wn,1-2-4-8,67977,155,9,1.0000,0.8200
Datensatz,ohne 1,1,TCN->TCN,50,25,50,3.00,1,10,2conv+wn,1-2-4-8,67977,155,9,1.0000,0.8200
Datensatz,ohne 1,1,TCN->TCN,50,25,50,3.00,2,10,2conv+wn,1-2-4-8,67977,155,9,1.0000,0.8400
Datensatz,ohne 1,1,TCN->TCN,50,25,50,3.00,3,10,2conv+wn,1-2-4-8,67977,155,9,1.0000,0.8100
Datensatz,ohne 1,1,TCN->TCN,50,25,50,3.00,4,10,2conv+wn,1-2-4-8,67977,155,9,1.0000,0.8100
Datensatz,ohne 1,1,TCN->TCN,50,25,50,3.00,5,10,2conv+wn,1-2-4-8,67977,155,9,1.0000,0.8200
Datensatz,ohne 1,1,TCN->TCN,50,25,50,3.00,6,10,2conv+wn,1-2-4-8,67977,155,9,1.0000,0.8300
Datensatz,ohne 1,1,TCN->TCN,50,25,50,3.00,7,10,2conv+wn,1-2-4-8,67977,155,9,1.0000,0.8100
Datensatz,ohne 1,1,TCN->TCN,50,25,50,3.00,8,10,2conv+wn,1-2-4-8,67977,155,9,1.0000,0.8200
Datensatz,ohne 1,1,TCN->TCN,50,25,50,3.00,9,10,2conv+wn,1-2-4-8,67977,155,9,1.0000,0.8200
Datensatz,ohne 1,1,TCN->TCN,75,25,75,4.00,0,10,2conv+wn,1-2-4-8,67977,155,9,1.0000,0.8300
Datensatz,ohne 1,1,TCN->TCN,75,25,75,4.00,1,10,2conv+wn,1-2-4-8,67977,155,9,1.0000,0.8300
Datensatz,ohne 1,1,TCN->TCN,75,25,75,4.00,2,10,2conv+wn,1-2-4-8,67977,155,9,1.0000,0.8300
Datensatz,ohne 1,1,TCN->TCN,75,25,75,4.00,3,10,2conv+wn,1-2-4-8,67977,155,9,1.0000,0.8300
Datensatz,ohne 1,1,TCN->TCN,75,25,75,4.00,4,10,2conv+wn,1-2-4-8,67977,155,9,1.0000,0.8100
Datensatz,ohne 1,1,TCN->TCN,75,25,75,4.00,5,10,2conv+wn,1-2-4-8,67977,155,9,1.0000,0.8100
Datensatz,ohne 1,1,TCN->TCN,75,25,75,4.00,6,10,2conv+wn,1-2-4-8,67977,155,9,1.0000,0.8200
Datensatz,ohne 1,1,TCN->TCN,75,25,75,4.00,7,10,2conv+wn,1-2-4-8,67977,155,9,1.0000,0.8300
Datensatz,ohne 1,1,TCN->TCN,75,25,75,4.00,8,10,2conv+wn,1-2-4-8,67977,155,9,1.0000,0.8000
Datensatz,ohne 1,1,TCN->TCN,75,25,75,4.00,9,10,2conv+wn,1-2-4-8,67977,155,9,1.0000,0.7900
Datensatz,ohne 1,1,TCN->TCN,100,25,100,5.00,0,10,2conv+wn,1-2-4-8,67977,155,9,1.0000,0.8100
Datensatz,ohne 1,1,TCN->TCN,100,25,100,5.00,1,10,2conv+wn,1-2-4-8,67977,155,9,1.0000,0.8300
Datensatz,ohne 1,1,TCN->TCN,100,25,100,5.00,2,10,2conv+wn,1-2-4-8,67977,155,9,1.0000,0.8300
Datensatz,ohne 1,1,TCN->TCN,100,25,100,5.00,3,10,2conv+wn,1-2-4-8,67977,155,9,1.0000,0.8300
Datensatz,ohne 1,1,TCN->TCN,100,25,100,5.00,4,10,2conv+wn,1-2-4-8,67977,155,9,1.0000,0.8100
Datensatz,ohne 1,1,TCN->TCN,100,25,100,5.00,5,10,2conv+wn,1-2-4-8,67977,155,9,1.0000,0.8400
Datensatz,ohne 1,1,TCN->TCN,100,25,100,5.00,6,10,2conv+wn,1-2-4-8,67977,155,9,1.0000,0.7900
Datensatz,ohne 1,1,TCN->TCN,100,25,100,5.00,7,10,2conv+wn,1-2-4-8,67977,155,9,1.0000,0.8300
Datensatz,ohne 1,1,TCN->TCN,100,25,100,5.00,8,10,2conv+wn,1-2-4-8,67977,155,9,1.0000,0.8100
Datensatz,ohne 1,1,TCN->TCN,100,25,100,5.00,9,10,2conv+wn,1-2-4-8,67977,155,9,1.0000,0.8100
Datensatz,ohne 1,1,TCN->TCN,125,25,125,6.00,0,10,2conv+wn,1-2-4-8,67977,155,9,1.0000,0.8300
Datensatz,ohne 1,1,TCN->TCN,125,25,125,6.00,1,10,2conv+wn,1-2-4-8,67977,155,9,1.0000,0.8100
Datensatz,ohne 1,1,TCN->TCN,125,25,125,6.00,2,10,2conv+wn,1-2-4-8,67977,155,9,1.0000,0.8400
Datensatz,ohne 1,1,TCN->TCN,125,25,125,6.00,3,10,2conv+wn,1-2-4-8,67977,155,9,1.0000,0.8200
Datensatz,ohne 1,1,TCN->TCN,125,25,125,6.00,4,10,2conv+wn,1-2-4-8,67977,155,9,1.0000,0.8100
Datensatz,ohne 1,1,TCN->TCN,125,25,125,6.00,5,10,2conv+wn,1-2-4-8,67977,155,9,1.0000,0.7300
Datensatz,ohne 1,1,TCN->TCN,125,25,125,6.00,6,10,2conv+wn,1-2-4-8,67977,155,9,1.0000,0.8200
Datensatz,ohne 1,1,TCN->TCN,125,25,125,6.00,7,10,2conv+wn,1-2-4-8,67977,155,9,1.0000,0.8000
Datensatz,ohne 1,1,TCN->TCN,125,25,125,6.00,8,10,2conv+wn,1-2-4-8,67977,155,9,1.0000,0.8000
Datensatz,ohne 1,1,TCN->TCN,125,25,125,6.00,9,10,2conv+wn,1-2-4-8,67977,155,9,1.0000,0.7900
Datensatz,ohne 1,1,TCN->TCN,150,25,150,7.00,0,10,2conv+wn,1-2-4-8,67977,155,9,1.0000,0.8000
Datensatz,ohne 1,1,TCN->TCN,150,25,150,7.00,1,10,2conv+wn,1-2-4-8,67977,155,9,1.0000,0.8400
Datensatz,ohne 1,1,TCN->TCN,150,25,150,7.00,2,10,2conv+wn,1-2-4-8,67977,155,9,1.0000,0.8200
Datensatz,ohne 1,1,TCN->TCN,150,25,150,7.00,3,10,2conv+wn,1-2-4-8,67977,155,9,1.0000,0.8300
Datensatz,ohne 1,1,TCN->TCN,150,25,150,7.00,4,10,2conv+wn,1-2-4-8,67977,155,9,1.0000,0.7900
Datensatz,ohne 1,1,TCN->TCN,150,25,150,7.00,5,10,2conv+wn,1-2-4-8,67977,155,9,1.0000,0.7600
Datensatz,ohne 1,1,TCN->TCN,150,25,150,7.00,6,10,2conv+wn,1-2-4-8,67977,155,9,1.0000,0.7900
Datensatz,ohne 1,1,TCN->TCN,150,25,150,7.00,7,10,2conv+wn,1-2-4-8,67977,155,9,1.0000,0.8100
Datensatz,ohne 1,1,TCN->TCN,150,25,150,7.00,8,10,2conv+wn,1-2-4-8,67977,155,9,1.0000,0.7900
Datensatz,ohne 1,1,TCN->TCN,150,25,150,7.00,9,10,2conv+wn,1-2-4-8,67977,155,9,1.0000,0.8200
Datensatz,ohne 1,1,TCN->TCN,175,25,175,8.00,0,10,2conv+wn,1-2-4-8,67977,155,9,1.0000,0.8100
Datensatz,ohne 1,1,TCN->TCN,175,25,175,8.00,1,10,2conv+wn,1-2-4-8,67977,155,9,1.0000,0.7900
Datensatz,ohne 1,1,TCN->TCN,175,25,175,8.00,2,10,2conv+wn,1-2-4-8,67977,155,8,1.0000,0.8100
Datensatz,ohne 1,1,TCN->TCN,175,25,175,8.00,3,10,2conv+wn,1-2-4-8,67977,155,9,1.0000,0.8000
Datensatz,ohne 1,1,TCN->TCN,175,25,175,8.00,4,10,2conv+wn,1-2-4-8,67977,155,9,1.0000,0.7900
Datensatz,ohne 1,1,TCN->TCN,175,25,175,8.00,5,10,2conv+wn,1-2-4-8,67977,155,9,1.0000,0.7600
Datensatz,ohne 1,1,TCN->TCN,175,25,175,8.00,6,10,2conv+wn,1-2-4-8,67977,155,9,1.0000,0.7800
Datensatz,ohne 1,1,TCN->TCN,175,25,175,8.00,7,10,2conv+wn,1-2-4-8,67977,155,9,1.0000,0.8400
Datensatz,ohne 1,1,TCN->TCN,175,25,175,8.00,8,10,2conv+wn,1-2-4-8,67977,155,9,0.8333,0.8200
Datensatz,ohne 1,1,TCN->TCN,175,25,175,8.00,9,10,2conv+wn,1-2-4-8,67977,155,8,1.0000,0.7500
Datensatz,ohne 1,1,TCN->TCN,25,50,25,3.00,0,10,2conv+wn,1-2-4-8,67977,155,8,1.0000,0.8300
Datensatz,ohne 1,1,TCN->TCN,25,50,25,3.00,1,10,2conv+wn,1-2-4-8,67977,155,8,1.0000,0.8400
Datensatz,ohne 1,1,TCN->TCN,25,50,25,3.00,2,10,2conv+wn,1-2-4-8,67977,155,8,1.0000,0.8400
Datensatz,ohne 1,1,TCN->TCN,25,50,25,3.00,3,10,2conv+wn,1-2-4-8,67977,155,8,1.0000,0.8300
Datensatz,ohne 1,1,TCN->TCN,25,50,25,3.00,4,10,2conv+wn,1-2-4-8,67977,155,8,1.0000,0.8100
Datensatz,ohne 1,1,TCN->TCN,25,50,25,3.00,5,10,2conv+wn,1-2-4-8,67977,155,8,1.0000,0.8400
Datensatz,ohne 1,1,TCN->TCN,25,50,25,3.00,6,10,2conv+wn,1-2-4-8,67977,155,8,1.0000,0.8000
Datensatz,ohne 1,1,TCN->TCN,25,50,25,3.00,7,10,2conv+wn,1-2-4-8,67977,155,8,1.0000,0.8100
Datensatz,ohne 1,1,TCN->TCN,25,50,25,3.00,8,10,2conv+wn,1-2-4-8,67977,155,8,1.0000,0.8200
Datensatz,ohne 1,1,TCN->TCN,25,50,25,3.00,9,10,2conv+wn,1-2-4-8,67977,155,8,1.0000,0.8400
Datensatz,ohne 1,1,TCN->TCN,50,50,50,4.00,0,10,2conv+wn,1-2-4-8,67977,155,7,1.0000,0.8300
Datensatz,ohne 1,1,TCN->TCN,50,50,50,4.00,1,10,2conv+wn,1-2-4-8,67977,155,7,1.0000,0.8200
Datensatz,ohne 1,1,TCN->TCN,50,50,50,4.00,2,10,2conv+wn,1-2-4-8,67977,155,7,1.0000,0.8300
Datensatz,ohne 1,1,TCN->TCN,50,50,50,4.00,3,10,2conv+wn,1-2-4-8,67977,155,7,1.0000,0.8500
Datensatz,ohne 1,1,TCN->TCN,50,50,50,4.00,4,10,2conv+wn,1-2-4-8,67977,155,6,1.0000,0.8300
Datensatz,ohne 1,1,TCN->TCN,50,50,50,4.00,5,10,2conv+wn,1-2-4-8,67977,155,7,1.0000,0.8300
Datensatz,ohne 1,1,TCN->TCN,50,50,50,4.00,6,10,2conv+wn,1-2-4-8,67977,155,7,1.0000,0.8300
Datensatz,ohne 1,1,TCN->TCN,50,50,50,4.00,7,10,2conv+wn,1-2-4-8,67977,155,7,1.0000,0.8400
Datensatz,ohne 1,1,TCN->TCN,50,50,50,4.00,8,10,2conv+wn,1-2-4-8,67977,155,7,1.0000,0.8500
Datensatz,ohne 1,1,TCN->TCN,50,50,50,4.00,9,10,2conv+wn,1-2-4-8,67977,155,7,1.0000,0.8200
Datensatz,ohne 1,1,TCN->TCN,75,50,75,5.00,0,10,2conv+wn,1-2-4-8,67977,155,6,1.0000,0.8300
Datensatz,ohne 1,1,TCN->TCN,75,50,75,5.00,1,10,2conv+wn,1-2-4-8,67977,155,6,1.0000,0.8500
Datensatz,ohne 1,1,TCN->TCN,75,50,75,5.00,2,10,2conv+wn,1-2-4-8,67977,155,6,1.0000,0.8400
Datensatz,ohne 1,1,TCN->TCN,75,50,75,5.00,3,10,2conv+wn,1-2-4-8,67977,155,6,1.0000,0.8400
Datensatz,ohne 1,1,TCN->TCN,75,50,75,5.00,4,10,2conv+wn,1-2-4-8,67977,155,6,1.0000,0.8300
Datensatz,ohne 1,1,TCN->TCN,75,50,75,5.00,5,10,2conv+wn,1-2-4-8,67977,155,6,1.0000,0.8500
Datensatz,ohne 1,1,TCN->TCN,75,50,75,5.00,6,10,2conv+wn,1-2-4-8,67977,155,6,1.0000,0.8300
Datensatz,ohne 1,1,TCN->TCN,75,50,75,5.00,7,10,2conv+wn,1-2-4-8,67977,155,6,1.0000,0.8500
Datensatz,ohne 1,1,TCN->TCN,75,50,75,5.00,8,10,2conv+wn,1-2-4-8,67977,155,6,0.8333,0.8400
Datensatz,ohne 1,1,TCN->TCN,75,50,75,5.00,9,10,2conv+wn,1-2-4-8,67977,155,6,1.0000,0.8300
Datensatz,ohne 1,1,TCN->TCN,100,50,100,6.00,0,10,2conv+wn,1-2-4-8,67977,155,6,1.0000,0.8200
Datensatz,ohne 1,1,TCN->TCN,100,50,100,6.00,1,10,2conv+wn,1-2-4-8,67977,155,6,1.0000,0.8700
Datensatz,ohne 1,1,TCN->TCN,100,50,100,6.00,2,10,2conv+wn,1-2-4-8,67977,155,6,0.8333,0.8300
Datensatz,ohne 1,1,TCN->TCN,100,50,100,6.00,3,10,2conv+wn,1-2-4-8,67977,155,6,1.0000,0.8300
Datensatz,ohne 1,1,TCN->TCN,100,50,100,6.00,4,10,2conv+wn,1-2-4-8,67977,155,6,0.8333,0.8500
Datensatz,ohne 1,1,TCN->TCN,100,50,100,6.00,5,10,2conv+wn,1-2-4-8,67977,155,6,1.0000,0.7400
Datensatz,ohne 1,1,TCN->TCN,100,50,100,6.00,6,10,2conv+wn,1-2-4-8,67977,155,6,1.0000,0.8400
Datensatz,ohne 1,1,TCN->TCN,100,50,100,6.00,7,10,2conv+wn,1-2-4-8,67977,155,6,1.0000,0.8600
Datensatz,ohne 1,1,TCN->TCN,100,50,100,6.00,8,10,2conv+wn,1-2-4-8,67977,155,6,1.0000,0.8300
Datensatz,ohne 1,1,TCN->TCN,100,50,100,6.00,9,10,2conv+wn,1-2-4-8,67977,155,6,1.0000,0.8400
Datensatz,ohne 1,1,TCN->TCN,125,50,125,7.00,0,10,2conv+wn,1-2-4-8,67977,155,6,1.0000,0.8400
Datensatz,ohne 1,1,TCN->TCN,125,50,125,7.00,1,10,2conv+wn,1-2-4-8,67977,155,6,1.0000,0.8500
Datensatz,ohne 1,1,TCN->TCN,125,50,125,7.00,2,10,2conv+wn,1-2-4-8,67977,155,6,1.0000,0.8300
Datensatz,ohne 1,1,TCN->TCN,125,50,125,7.00,3,10,2conv+wn,1-2-4-8,67977,155,6,0.9167,0.8300
Datensatz,ohne 1,1,TCN->TCN,125,50,125,7.00,4,10,2conv+wn,1-2-4-8,67977,155,6,1.0000,0.8400
Datensatz,ohne 1,1,TCN->TCN,125,50,125,7.00,5,10,2conv+wn,1-2-4-8,67977,155,6,1.0000,0.8100
Datensatz,ohne 1,1,TCN->TCN,125,50,125,7.00,6,10,2conv+wn,1-2-4-8,67977,155,6,1.0000,0.8400
Datensatz,ohne 1,1,TCN->TCN,125,50,125,7.00,7,10,2conv+wn,1-2-4-8,67977,155,6,1.0000,0.8400
Datensatz,ohne 1,1,TCN->TCN,125,50,125,7.00,8,10,2conv+wn,1-2-4-8,67977,155,6,0.9167,0.8600
Datensatz,ohne 1,1,TCN->TCN,125,50,125,7.00,9,10,2conv+wn,1-2-4-8,67977,155,6,1.0000,0.8300
Datensatz,ohne 1,1,TCN->TCN,150,50,150,8.00,0,10,2conv+wn,1-2-4-8,67977,155,6,1.0000,0.7700
Datensatz,ohne 1,1,TCN->TCN,150,50,150,8.00,1,10,2conv+wn,1-2-4-8,67977,155,6,1.0000,0.8500
Datensatz,ohne 1,1,TCN->TCN,150,50,150,8.00,2,10,2conv+wn,1-2-4-8,67977,155,6,1.0000,0.7600
Datensatz,ohne 1,1,TCN->TCN,150,50,150,8.00,3,10,2conv+wn,1-2-4-8,67977,155,6,1.0000,0.8300
Datensatz,ohne 1,1,TCN->TCN,150,50,150,8.00,4,10,2conv+wn,1-2-4-8,67977,155,6,0.8333,0.8400
Datensatz,ohne 1,1,TCN->TCN,150,50,150,8.00,5,10,2conv+wn,1-2-4-8,67977,155,6,1.0000,0.8500
Datensatz,ohne 1,1,TCN->TCN,150,50,150,8.00,6,10,2conv+wn,1-2-4-8,67977,155,6,1.0000,0.8300
Datensatz,ohne 1,1,TCN->TCN,150,50,150,8.00,7,10,2conv+wn,1-2-4-8,67977,155,6,1.0000,0.8500
Datensatz,ohne 1,1,TCN->TCN,150,50,150,8.00,8,10,2conv+wn,1-2-4-8,67977,155,6,1.0000,0.8600
Datensatz,ohne 1,1,TCN->TCN,150,50,150,8.00,9,10,2conv+wn,1-2-4-8,67977,155,6,1.0000,0.8300
Datensatz,ohne 1,1,TCN->TCN,175,50,175,9.00,0,10,2conv+wn,1-2-4-8,67977,155,6,1.0000,0.8300
Datensatz,ohne 1,1,TCN->TCN,175,50,175,9.00,1,10,2conv+wn,1-2-4-8,67977,155,6,1.0000,0.8400
Datensatz,ohne 1,1,TCN->TCN,175,50,175,9.00,2,10,2conv+wn,1-2-4-8,67977,155,6,0.8333,0.8200
Datensatz,ohne 1,1,TCN->TCN,175,50,175,9.00,3,10,2conv+wn,1-2-4-8,67977,155,6,1.0000,0.8400
Datensatz,ohne 1,1,TCN->TCN,175,50,175,9.00,4,10,2conv+wn,1-2-4-8,67977,155,6,0.8333,0.8600
Datensatz,ohne 1,1,TCN->TCN,175,50,175,9.00,5,10,2conv+wn,1-2-4-8,67977,155,6,1.0000,0.8400
Datensatz,ohne 1,1,TCN->TCN,175,50,175,9.00,6,10,2conv+wn,1-2-4-8,67977,155,6,1.0000,0.8300
Datensatz,ohne 1,1,TCN->TCN,175,50,175,9.00,7,10,2conv+wn,1-2-4-8,67977,155,6,1.0000,0.8400
Datensatz,ohne 1,1,TCN->TCN,175,50,175,9.00,8,10,2conv+wn,1-2-4-8,67977,155,6,1.0000,0.8300
Datensatz,ohne 1,1,TCN->TCN,175,50,175,9.00,9,10,2conv+wn,1-2-4-8,67977,155,6,1.0000,0.8300
Datensatz,alle Personen (80/20),,voll12,10,,,0.40,0,10,2conv+wn,1-2-4-8,23749,260,10,0.7647,nan
Datensatz,alle Personen (80/20),,voll12,10,,,0.40,1,10,2conv+wn,1-2-4-8,23749,260,10,0.7353,nan
Datensatz,alle Personen (80/20),,voll12,10,,,0.40,2,10,2conv+wn,1-2-4-8,23749,260,9,0.7059,nan
Datensatz,alle Personen (80/20),,voll12,10,,,0.40,3,10,2conv+wn,1-2-4-8,23749,260,9,0.7941,nan
Datensatz,alle Personen (80/20),,voll12,10,,,0.40,4,10,2conv+wn,1-2-4-8,23749,260,10,0.7353,nan
Datensatz,alle Personen (80/20),,voll12,10,,,0.40,5,10,2conv+wn,1-2-4-8,23749,260,10,0.6765,nan
Datensatz,alle Personen (80/20),,voll12,10,,,0.40,6,10,2conv+wn,1-2-4-8,23749,260,10,0.8235,nan
Datensatz,alle Personen (80/20),,voll12,10,,,0.40,7,10,2conv+wn,1-2-4-8,23749,260,10,0.6765,nan
Datensatz,alle Personen (80/20),,voll12,10,,,0.40,8,10,2conv+wn,1-2-4-8,23749,260,10,0.7353,nan
Datensatz,alle Personen (80/20),,voll12,10,,,0.40,9,10,2conv+wn,1-2-4-8,23749,260,9,0.6765,nan
Datensatz,alle Personen (80/20),,voll12,25,,,1.00,0,10,2conv+wn,1-2-4-8,23749,260,7,0.9412,nan
Datensatz,alle Personen (80/20),,voll12,25,,,1.00,1,10,2conv+wn,1-2-4-8,23749,260,7,0.8824,nan
Datensatz,alle Personen (80/20),,voll12,25,,,1.00,2,10,2conv+wn,1-2-4-8,23749,260,7,1.0000,nan
Datensatz,alle Personen (80/20),,voll12,25,,,1.00,3,10,2conv+wn,1-2-4-8,23749,260,6,1.0000,nan
Datensatz,alle Personen (80/20),,voll12,25,,,1.00,4,10,2conv+wn,1-2-4-8,23749,260,7,0.9706,nan
Datensatz,alle Personen (80/20),,voll12,25,,,1.00,5,10,2conv+wn,1-2-4-8,23749,260,7,0.9706,nan
Datensatz,alle Personen (80/20),,voll12,25,,,1.00,6,10,2conv+wn,1-2-4-8,23749,260,7,0.9412,nan
Datensatz,alle Personen (80/20),,voll12,25,,,1.00,7,10,2conv+wn,1-2-4-8,23749,260,7,1.0000,nan
Datensatz,alle Personen (80/20),,voll12,25,,,1.00,8,10,2conv+wn,1-2-4-8,23749,260,7,1.0000,nan
Datensatz,alle Personen (80/20),,voll12,25,,,1.00,9,10,2conv+wn,1-2-4-8,23749,260,7,0.9706,nan
Datensatz,alle Personen (80/20),,voll12,50,,,2.00,0,10,2conv+wn,1-2-4-8,23749,260,4,0.9118,nan
Datensatz,alle Personen (80/20),,voll12,50,,,2.00,1,10,2conv+wn,1-2-4-8,23749,260,4,0.8529,nan
Datensatz,alle Personen (80/20),,voll12,50,,,2.00,2,10,2conv+wn,1-2-4-8,23749,260,4,0.9118,nan
Datensatz,alle Personen (80/20),,voll12,50,,,2.00,3,10,2conv+wn,1-2-4-8,23749,260,4,0.9118,nan
Datensatz,alle Personen (80/20),,voll12,50,,,2.00,4,10,2conv+wn,1-2-4-8,23749,260,4,0.9412,nan
Datensatz,alle Personen (80/20),,voll12,50,,,2.00,5,10,2conv+wn,1-2-4-8,23749,260,4,0.8529,nan
Datensatz,alle Personen (80/20),,voll12,50,,,2.00,6,10,2conv+wn,1-2-4-8,23749,260,4,0.9118,nan
Datensatz,alle Personen (80/20),,voll12,50,,,2.00,7,10,2conv+wn,1-2-4-8,23749,260,4,0.9118,nan
Datensatz,alle Personen (80/20),,voll12,50,,,2.00,8,10,2conv+wn,1-2-4-8,23749,260,4,0.8824,nan
Datensatz,alle Personen (80/20),,voll12,50,,,2.00,9,10,2conv+wn,1-2-4-8,23749,260,4,0.9118,nan
Datensatz,alle Personen (80/20),,voll12,75,,,3.00,0,10,2conv+wn,1-2-4-8,23749,260,3,0.9118,nan
Datensatz,alle Personen (80/20),,voll12,75,,,3.00,1,10,2conv+wn,1-2-4-8,23749,260,3,0.9412,nan
Datensatz,alle Personen (80/20),,voll12,75,,,3.00,2,10,2conv+wn,1-2-4-8,23749,260,3,0.9118,nan
Datensatz,alle Personen (80/20),,voll12,75,,,3.00,3,10,2conv+wn,1-2-4-8,23749,260,3,0.8529,nan
Datensatz,alle Personen (80/20),,voll12,75,,,3.00,4,10,2conv+wn,1-2-4-8,23749,260,3,0.9412,nan
Datensatz,alle Personen (80/20),,voll12,75,,,3.00,5,10,2conv+wn,1-2-4-8,23749,260,3,0.8529,nan
Datensatz,alle Personen (80/20),,voll12,75,,,3.00,6,10,2conv+wn,1-2-4-8,23749,260,3,0.9412,nan
Datensatz,alle Personen (80/20),,voll12,75,,,3.00,7,10,2conv+wn,1-2-4-8,23749,260,3,0.9412,nan
Datensatz,alle Personen (80/20),,voll12,75,,,3.00,8,10,2conv+wn,1-2-4-8,23749,260,3,0.9412,nan
Datensatz,alle Personen (80/20),,voll12,75,,,3.00,9,10,2conv+wn,1-2-4-8,23749,260,3,0.9412,nan
Datensatz,alle Personen (80/20),,voll12,100,,,4.00,0,10,2conv+wn,1-2-4-8,23749,260,2,0.8824,nan
Datensatz,alle Personen (80/20),,voll12,100,,,4.00,1,10,2conv+wn,1-2-4-8,23749,260,2,0.9118,nan
Datensatz,alle Personen (80/20),,voll12,100,,,4.00,2,10,2conv+wn,1-2-4-8,23749,260,2,0.9412,nan
Datensatz,alle Personen (80/20),,voll12,100,,,4.00,3,10,2conv+wn,1-2-4-8,23749,260,2,0.8235,nan
Datensatz,alle Personen (80/20),,voll12,100,,,4.00,4,10,2conv+wn,1-2-4-8,23749,260,2,0.9118,nan
Datensatz,alle Personen (80/20),,voll12,100,,,4.00,5,10,2conv+wn,1-2-4-8,23749,260,2,0.9118,nan
Datensatz,alle Personen (80/20),,voll12,100,,,4.00,6,10,2conv+wn,1-2-4-8,23749,260,2,0.9412,nan
Datensatz,alle Personen (80/20),,voll12,100,,,4.00,7,10,2conv+wn,1-2-4-8,23749,260,2,0.9118,nan
Datensatz,alle Personen (80/20),,voll12,100,,,4.00,8,10,2conv+wn,1-2-4-8,23749,260,2,0.9118,nan
Datensatz,alle Personen (80/20),,voll12,100,,,4.00,9,10,2conv+wn,1-2-4-8,23749,260,2,0.9412,nan
Datensatz,alle Personen (80/20),,voll12,125,,,5.00,0,10,2conv+wn,1-2-4-8,23749,260,2,0.9412,nan
Datensatz,alle Personen (80/20),,voll12,125,,,5.00,1,10,2conv+wn,1-2-4-8,23749,260,2,0.8235,nan
Datensatz,alle Personen (80/20),,voll12,125,,,5.00,2,10,2conv+wn,1-2-4-8,23749,260,2,0.9412,nan
Datensatz,alle Personen (80/20),,voll12,125,,,5.00,3,10,2conv+wn,1-2-4-8,23749,260,2,0.8824,nan
Datensatz,alle Personen (80/20),,voll12,125,,,5.00,4,10,2conv+wn,1-2-4-8,23749,260,2,0.8824,nan
Datensatz,alle Personen (80/20),,voll12,125,,,5.00,5,10,2conv+wn,1-2-4-8,23749,260,2,0.7941,nan
Datensatz,alle Personen (80/20),,voll12,125,,,5.00,6,10,2conv+wn,1-2-4-8,23749,260,2,0.9412,nan
Datensatz,alle Personen (80/20),,voll12,125,,,5.00,7,10,2conv+wn,1-2-4-8,23749,260,2,0.9412,nan
Datensatz,alle Personen (80/20),,voll12,125,,,5.00,8,10,2conv+wn,1-2-4-8,23749,260,2,0.7941,nan
Datensatz,alle Personen (80/20),,voll12,125,,,5.00,9,10,2conv+wn,1-2-4-8,23749,260,2,0.9412,nan
Datensatz,alle Personen (80/20),,pos4,10,,,0.40,0,10,2conv+wn,1-2-4-8,22725,260,9,0.7941,nan
Datensatz,alle Personen (80/20),,pos4,10,,,0.40,1,10,2conv+wn,1-2-4-8,22725,260,8,0.7941,nan
Datensatz,alle Personen (80/20),,pos4,10,,,0.40,2,10,2conv+wn,1-2-4-8,22725,260,9,0.7059,nan
Datensatz,alle Personen (80/20),,pos4,10,,,0.40,3,10,2conv+wn,1-2-4-8,22725,260,9,0.7059,nan
Datensatz,alle Personen (80/20),,pos4,10,,,0.40,4,10,2conv+wn,1-2-4-8,22725,260,9,0.7059,nan
Datensatz,alle Personen (80/20),,pos4,10,,,0.40,5,10,2conv+wn,1-2-4-8,22725,260,9,0.7059,nan
Datensatz,alle Personen (80/20),,pos4,10,,,0.40,6,10,2conv+wn,1-2-4-8,22725,260,8,0.7059,nan
Datensatz,alle Personen (80/20),,pos4,10,,,0.40,7,10,2conv+wn,1-2-4-8,22725,260,9,0.6471,nan
Datensatz,alle Personen (80/20),,pos4,10,,,0.40,8,10,2conv+wn,1-2-4-8,22725,260,9,0.7059,nan
Datensatz,alle Personen (80/20),,pos4,10,,,0.40,9,10,2conv+wn,1-2-4-8,22725,260,9,0.7059,nan
Datensatz,alle Personen (80/20),,pos4,25,,,1.00,0,10,2conv+wn,1-2-4-8,22725,260,6,1.0000,nan
Datensatz,alle Personen (80/20),,pos4,25,,,1.00,1,10,2conv+wn,1-2-4-8,22725,260,6,0.9412,nan
Datensatz,alle Personen (80/20),,pos4,25,,,1.00,2,10,2conv+wn,1-2-4-8,22725,260,6,1.0000,nan
Datensatz,alle Personen (80/20),,pos4,25,,,1.00,3,10,2conv+wn,1-2-4-8,22725,260,6,0.8824,nan
Datensatz,alle Personen (80/20),,pos4,25,,,1.00,4,10,2conv+wn,1-2-4-8,22725,260,6,0.7353,nan
Datensatz,alle Personen (80/20),,pos4,25,,,1.00,5,10,2conv+wn,1-2-4-8,22725,260,6,0.8824,nan
Datensatz,alle Personen (80/20),,pos4,25,,,1.00,6,10,2conv+wn,1-2-4-8,22725,260,6,0.9412,nan
Datensatz,alle Personen (80/20),,pos4,25,,,1.00,7,10,2conv+wn,1-2-4-8,22725,260,6,0.9118,nan
Datensatz,alle Personen (80/20),,pos4,25,,,1.00,8,10,2conv+wn,1-2-4-8,22725,260,6,0.9412,nan
Datensatz,alle Personen (80/20),,pos4,25,,,1.00,9,10,2conv+wn,1-2-4-8,22725,260,6,0.9412,nan
Datensatz,alle Personen (80/20),,pos4,50,,,2.00,0,10,2conv+wn,1-2-4-8,22725,260,3,0.9118,nan
Datensatz,alle Personen (80/20),,pos4,50,,,2.00,1,10,2conv+wn,1-2-4-8,22725,260,3,0.8824,nan
Datensatz,alle Personen (80/20),,pos4,50,,,2.00,2,10,2conv+wn,1-2-4-8,22725,260,3,0.9412,nan
Datensatz,alle Personen (80/20),,pos4,50,,,2.00,3,10,2conv+wn,1-2-4-8,22725,260,3,1.0000,nan
Datensatz,alle Personen (80/20),,pos4,50,,,2.00,4,10,2conv+wn,1-2-4-8,22725,260,3,0.9412,nan
Datensatz,alle Personen (80/20),,pos4,50,,,2.00,5,10,2conv+wn,1-2-4-8,22725,260,3,0.9706,nan
Datensatz,alle Personen (80/20),,pos4,50,,,2.00,6,10,2conv+wn,1-2-4-8,22725,260,3,0.9412,nan
Datensatz,alle Personen (80/20),,pos4,50,,,2.00,7,10,2conv+wn,1-2-4-8,22725,260,3,0.9118,nan
Datensatz,alle Personen (80/20),,pos4,50,,,2.00,8,10,2conv+wn,1-2-4-8,22725,260,3,0.9706,nan
Datensatz,alle Personen (80/20),,pos4,50,,,2.00,9,10,2conv+wn,1-2-4-8,22725,260,3,0.8824,nan
Datensatz,alle Personen (80/20),,pos4,75,,,3.00,0,10,2conv+wn,1-2-4-8,22725,260,2,0.9118,nan
Datensatz,alle Personen (80/20),,pos4,75,,,3.00,1,10,2conv+wn,1-2-4-8,22725,260,2,0.9412,nan
Datensatz,alle Personen (80/20),,pos4,75,,,3.00,2,10,2conv+wn,1-2-4-8,22725,260,2,0.8529,nan
Datensatz,alle Personen (80/20),,pos4,75,,,3.00,3,10,2conv+wn,1-2-4-8,22725,260,2,0.9118,nan
Datensatz,alle Personen (80/20),,pos4,75,,,3.00,4,10,2conv+wn,1-2-4-8,22725,260,2,0.9412,nan
Datensatz,alle Personen (80/20),,pos4,75,,,3.00,5,10,2conv+wn,1-2-4-8,22725,260,2,0.9412,nan
Datensatz,alle Personen (80/20),,pos4,75,,,3.00,6,10,2conv+wn,1-2-4-8,22725,260,2,0.9118,nan
Datensatz,alle Personen (80/20),,pos4,75,,,3.00,7,10,2conv+wn,1-2-4-8,22725,260,2,0.8824,nan
Datensatz,alle Personen (80/20),,pos4,75,,,3.00,8,10,2conv+wn,1-2-4-8,22725,260,2,0.9412,nan
Datensatz,alle Personen (80/20),,pos4,75,,,3.00,9,10,2conv+wn,1-2-4-8,22725,260,2,0.9118,nan
Datensatz,alle Personen (80/20),,pos4,100,,,4.00,0,10,2conv+wn,1-2-4-8,22725,260,2,0.9118,nan
Datensatz,alle Personen (80/20),,pos4,100,,,4.00,1,10,2conv+wn,1-2-4-8,22725,260,2,0.9118,nan
Datensatz,alle Personen (80/20),,pos4,100,,,4.00,2,10,2conv+wn,1-2-4-8,22725,260,2,0.9706,nan
Datensatz,alle Personen (80/20),,pos4,100,,,4.00,3,10,2conv+wn,1-2-4-8,22725,260,2,1.0000,nan
Datensatz,alle Personen (80/20),,pos4,100,,,4.00,4,10,2conv+wn,1-2-4-8,22725,260,2,0.8824,nan
Datensatz,alle Personen (80/20),,pos4,100,,,4.00,5,10,2conv+wn,1-2-4-8,22725,260,2,0.9412,nan
Datensatz,alle Personen (80/20),,pos4,100,,,4.00,6,10,2conv+wn,1-2-4-8,22725,260,2,0.9412,nan
Datensatz,alle Personen (80/20),,pos4,100,,,4.00,7,10,2conv+wn,1-2-4-8,22725,260,2,0.9412,nan
Datensatz,alle Personen (80/20),,pos4,100,,,4.00,8,10,2conv+wn,1-2-4-8,22725,260,2,0.9412,nan
Datensatz,alle Personen (80/20),,pos4,100,,,4.00,9,10,2conv+wn,1-2-4-8,22725,260,2,0.9412,nan
Datensatz,alle Personen (80/20),,pos4,125,,,5.00,0,10,2conv+wn,1-2-4-8,22725,260,2,0.8235,nan
Datensatz,alle Personen (80/20),,pos4,125,,,5.00,1,10,2conv+wn,1-2-4-8,22725,260,2,0.8824,nan
Datensatz,alle Personen (80/20),,pos4,125,,,5.00,2,10,2conv+wn,1-2-4-8,22725,260,2,0.8529,nan
Datensatz,alle Personen (80/20),,pos4,125,,,5.00,3,10,2conv+wn,1-2-4-8,22725,260,2,0.9412,nan
Datensatz,alle Personen (80/20),,pos4,125,,,5.00,4,10,2conv+wn,1-2-4-8,22725,260,2,0.8824,nan
Datensatz,alle Personen (80/20),,pos4,125,,,5.00,5,10,2conv+wn,1-2-4-8,22725,260,2,0.9118,nan
Datensatz,alle Personen (80/20),,pos4,125,,,5.00,6,10,2conv+wn,1-2-4-8,22725,260,2,0.9118,nan
Datensatz,alle Personen (80/20),,pos4,125,,,5.00,7,10,2conv+wn,1-2-4-8,22725,260,2,0.8235,nan
Datensatz,alle Personen (80/20),,pos4,125,,,5.00,8,10,2conv+wn,1-2-4-8,22725,260,2,0.8824,nan
Datensatz,alle Personen (80/20),,pos4,125,,,5.00,9,10,2conv+wn,1-2-4-8,22725,260,2,0.8824,nan
Datensatz,alle Personen (80/20),,tips6pos,10,,,0.40,0,10,2conv+wn,1-2-4-8,23749,260,11,0.7941,nan
Datensatz,alle Personen (80/20),,tips6pos,10,,,0.40,1,10,2conv+wn,1-2-4-8,23749,260,11,0.7059,nan
Datensatz,alle Personen (80/20),,tips6pos,10,,,0.40,2,10,2conv+wn,1-2-4-8,23749,260,12,0.7647,nan
Datensatz,alle Personen (80/20),,tips6pos,10,,,0.40,3,10,2conv+wn,1-2-4-8,23749,260,12,0.7647,nan
Datensatz,alle Personen (80/20),,tips6pos,10,,,0.40,4,10,2conv+wn,1-2-4-8,23749,260,12,0.8235,nan
Datensatz,alle Personen (80/20),,tips6pos,10,,,0.40,5,10,2conv+wn,1-2-4-8,23749,260,12,0.7647,nan
Datensatz,alle Personen (80/20),,tips6pos,10,,,0.40,6,10,2conv+wn,1-2-4-8,23749,260,12,0.7647,nan
Datensatz,alle Personen (80/20),,tips6pos,10,,,0.40,7,10,2conv+wn,1-2-4-8,23749,260,12,0.6471,nan
Datensatz,alle Personen (80/20),,tips6pos,10,,,0.40,8,10,2conv+wn,1-2-4-8,23749,260,11,0.7941,nan
Datensatz,alle Personen (80/20),,tips6pos,10,,,0.40,9,10,2conv+wn,1-2-4-8,23749,260,11,0.8235,nan
Datensatz,alle Personen (80/20),,tips6pos,25,,,1.00,0,10,2conv+wn,1-2-4-8,23749,260,8,0.8824,nan
Datensatz,alle Personen (80/20),,tips6pos,25,,,1.00,1,10,2conv+wn,1-2-4-8,23749,260,8,1.0000,nan
Datensatz,alle Personen (80/20),,tips6pos,25,,,1.00,2,10,2conv+wn,1-2-4-8,23749,260,8,0.9118,nan
Datensatz,alle Personen (80/20),,tips6pos,25,,,1.00,3,10,2conv+wn,1-2-4-8,23749,260,8,1.0000,nan
Datensatz,alle Personen (80/20),,tips6pos,25,,,1.00,4,10,2conv+wn,1-2-4-8,23749,260,8,0.9412,nan
Datensatz,alle Personen (80/20),,tips6pos,25,,,1.00,5,10,2conv+wn,1-2-4-8,23749,260,8,0.9412,nan
Datensatz,alle Personen (80/20),,tips6pos,25,,,1.00,6,10,2conv+wn,1-2-4-8,23749,260,8,0.9412,nan
Datensatz,alle Personen (80/20),,tips6pos,25,,,1.00,7,10,2conv+wn,1-2-4-8,23749,260,8,0.9118,nan
Datensatz,alle Personen (80/20),,tips6pos,25,,,1.00,8,10,2conv+wn,1-2-4-8,23749,260,8,0.9412,nan
Datensatz,alle Personen (80/20),,tips6pos,25,,,1.00,9,10,2conv+wn,1-2-4-8,23749,260,8,0.9412,nan
Datensatz,alle Personen (80/20),,tips6pos,50,,,2.00,0,10,2conv+wn,1-2-4-8,23749,260,4,0.9412,nan
Datensatz,alle Personen (80/20),,tips6pos,50,,,2.00,1,10,2conv+wn,1-2-4-8,23749,260,4,0.9118,nan
Datensatz,alle Personen (80/20),,tips6pos,50,,,2.00,2,10,2conv+wn,1-2-4-8,23749,260,4,0.9118,nan
Datensatz,alle Personen (80/20),,tips6pos,50,,,2.00,3,10,2conv+wn,1-2-4-8,23749,260,4,0.9412,nan
Datensatz,alle Personen (80/20),,tips6pos,50,,,2.00,4,10,2conv+wn,1-2-4-8,23749,260,4,0.9412,nan
Datensatz,alle Personen (80/20),,tips6pos,50,,,2.00,5,10,2conv+wn,1-2-4-8,23749,260,4,0.9118,nan
Datensatz,alle Personen (80/20),,tips6pos,50,,,2.00,6,10,2conv+wn,1-2-4-8,23749,260,4,0.9706,nan
Datensatz,alle Personen (80/20),,tips6pos,50,,,2.00,7,10,2conv+wn,1-2-4-8,23749,260,4,0.9118,nan
Datensatz,alle Personen (80/20),,tips6pos,50,,,2.00,8,10,2conv+wn,1-2-4-8,23749,260,5,0.9412,nan
Datensatz,alle Personen (80/20),,tips6pos,50,,,2.00,9,10,2conv+wn,1-2-4-8,23749,260,5,0.9412,nan
Datensatz,alle Personen (80/20),,tips6pos,75,,,3.00,0,10,2conv+wn,1-2-4-8,23749,260,3,0.9412,nan
Datensatz,alle Personen (80/20),,tips6pos,75,,,3.00,1,10,2conv+wn,1-2-4-8,23749,260,3,0.9412,nan
Datensatz,alle Personen (80/20),,tips6pos,75,,,3.00,2,10,2conv+wn,1-2-4-8,23749,260,3,0.9118,nan
Datensatz,alle Personen (80/20),,tips6pos,75,,,3.00,3,10,2conv+wn,1-2-4-8,23749,260,3,0.9118,nan
Datensatz,alle Personen (80/20),,tips6pos,75,,,3.00,4,10,2conv+wn,1-2-4-8,23749,260,3,0.9118,nan
Datensatz,alle Personen (80/20),,tips6pos,75,,,3.00,5,10,2conv+wn,1-2-4-8,23749,260,3,0.8529,nan
Datensatz,alle Personen (80/20),,tips6pos,75,,,3.00,6,10,2conv+wn,1-2-4-8,23749,260,3,0.9412,nan
Datensatz,alle Personen (80/20),,tips6pos,75,,,3.00,7,10,2conv+wn,1-2-4-8,23749,260,4,0.9412,nan
Datensatz,alle Personen (80/20),,tips6pos,75,,,3.00,8,10,2conv+wn,1-2-4-8,23749,260,4,0.9412,nan
Datensatz,alle Personen (80/20),,tips6pos,75,,,3.00,9,10,2conv+wn,1-2-4-8,23749,260,4,0.9412,nan
Datensatz,alle Personen (80/20),,tips6pos,100,,,4.00,0,10,2conv+wn,1-2-4-8,23749,260,3,0.9118,nan
Datensatz,alle Personen (80/20),,tips6pos,100,,,4.00,1,10,2conv+wn,1-2-4-8,23749,260,3,0.9412,nan
Datensatz,alle Personen (80/20),,tips6pos,100,,,4.00,2,10,2conv+wn,1-2-4-8,23749,260,3,0.9412,nan
Datensatz,alle Personen (80/20),,tips6pos,100,,,4.00,3,10,2conv+wn,1-2-4-8,23749,260,3,0.9118,nan
Datensatz,alle Personen (80/20),,tips6pos,100,,,4.00,4,10,2conv+wn,1-2-4-8,23749,260,3,0.9412,nan
Datensatz,alle Personen (80/20),,tips6pos,100,,,4.00,5,10,2conv+wn,1-2-4-8,23749,260,3,0.9118,nan
Datensatz,alle Personen (80/20),,tips6pos,100,,,4.00,6,10,2conv+wn,1-2-4-8,23749,260,3,0.9412,nan
Datensatz,alle Personen (80/20),,tips6pos,100,,,4.00,7,10,2conv+wn,1-2-4-8,23749,260,3,0.9412,nan
Datensatz,alle Personen (80/20),,tips6pos,100,,,4.00,8,10,2conv+wn,1-2-4-8,23749,260,3,0.9118,nan
Datensatz,alle Personen (80/20),,tips6pos,100,,,4.00,9,10,2conv+wn,1-2-4-8,23749,260,3,0.9118,nan
Datensatz,alle Personen (80/20),,tips6pos,125,,,5.00,0,10,2conv+wn,1-2-4-8,23749,260,3,0.8824,nan
Datensatz,alle Personen (80/20),,tips6pos,125,,,5.00,1,10,2conv+wn,1-2-4-8,23749,260,3,0.8824,nan
Datensatz,alle Personen (80/20),,tips6pos,125,,,5.00,2,10,2conv+wn,1-2-4-8,23749,260,3,0.9412,nan
Datensatz,alle Personen (80/20),,tips6pos,125,,,5.00,3,10,2conv+wn,1-2-4-8,23749,260,3,0.9412,nan
Datensatz,alle Personen (80/20),,tips6pos,125,,,5.00,4,10,2conv+wn,1-2-4-8,23749,260,3,0.9412,nan
Datensatz,alle Personen (80/20),,tips6pos,125,,,5.00,5,10,2conv+wn,1-2-4-8,23749,260,3,0.8824,nan
Datensatz,alle Personen (80/20),,tips6pos,125,,,5.00,6,10,2conv+wn,1-2-4-8,23749,260,3,0.9412,nan
Datensatz,alle Personen (80/20),,tips6pos,125,,,5.00,7,10,2conv+wn,1-2-4-8,23749,260,3,0.9412,nan
Datensatz,alle Personen (80/20),,tips6pos,125,,,5.00,8,10,2conv+wn,1-2-4-8,23749,260,3,0.9118,nan
Datensatz,alle Personen (80/20),,tips6pos,125,,,5.00,9,10,2conv+wn,1-2-4-8,23749,260,3,0.9412,nan
Datensatz,alle Personen (80/20),,TCN->TCN,25,10,25,1.40,0,10,2conv+wn,1-2-4-8,67977,260,25,0.7059,nan
Datensatz,alle Personen (80/20),,TCN->TCN,25,10,25,1.40,1,10,2conv+wn,1-2-4-8,67977,260,24,0.9118,nan
Datensatz,alle Personen (80/20),,TCN->TCN,25,10,25,1.40,2,10,2conv+wn,1-2-4-8,67977,260,24,0.7059,nan
Datensatz,alle Personen (80/20),,TCN->TCN,25,10,25,1.40,3,10,2conv+wn,1-2-4-8,67977,260,24,0.7941,nan
Datensatz,alle Personen (80/20),,TCN->TCN,25,10,25,1.40,4,10,2conv+wn,1-2-4-8,67977,260,24,0.7353,nan
Datensatz,alle Personen (80/20),,TCN->TCN,25,10,25,1.40,5,10,2conv+wn,1-2-4-8,67977,260,24,0.7941,nan
Datensatz,alle Personen (80/20),,TCN->TCN,25,10,25,1.40,6,10,2conv+wn,1-2-4-8,67977,260,25,0.8235,nan
Datensatz,alle Personen (80/20),,TCN->TCN,25,10,25,1.40,7,10,2conv+wn,1-2-4-8,67977,260,24,0.8529,nan
Datensatz,alle Personen (80/20),,TCN->TCN,25,10,25,1.40,8,10,2conv+wn,1-2-4-8,67977,260,24,0.7647,nan
Datensatz,alle Personen (80/20),,TCN->TCN,25,10,25,1.40,9,10,2conv+wn,1-2-4-8,67977,260,24,0.7647,nan
Datensatz,alle Personen (80/20),,TCN->TCN,50,10,50,2.40,0,10,2conv+wn,1-2-4-8,67977,260,22,0.8235,nan
Datensatz,alle Personen (80/20),,TCN->TCN,50,10,50,2.40,1,10,2conv+wn,1-2-4-8,67977,260,22,0.9118,nan
Datensatz,alle Personen (80/20),,TCN->TCN,50,10,50,2.40,2,10,2conv+wn,1-2-4-8,67977,260,22,0.8824,nan
Datensatz,alle Personen (80/20),,TCN->TCN,50,10,50,2.40,3,10,2conv+wn,1-2-4-8,67977,260,22,0.9412,nan
Datensatz,alle Personen (80/20),,TCN->TCN,50,10,50,2.40,4,10,2conv+wn,1-2-4-8,67977,260,22,0.8824,nan
Datensatz,alle Personen (80/20),,TCN->TCN,50,10,50,2.40,5,10,2conv+wn,1-2-4-8,67977,260,22,0.8824,nan
Datensatz,alle Personen (80/20),,TCN->TCN,50,10,50,2.40,6,10,2conv+wn,1-2-4-8,67977,260,22,0.8824,nan
Datensatz,alle Personen (80/20),,TCN->TCN,50,10,50,2.40,7,10,2conv+wn,1-2-4-8,67977,260,22,0.8824,nan
Datensatz,alle Personen (80/20),,TCN->TCN,50,10,50,2.40,8,10,2conv+wn,1-2-4-8,67977,260,22,0.9412,nan
Datensatz,alle Personen (80/20),,TCN->TCN,50,10,50,2.40,9,10,2conv+wn,1-2-4-8,67977,260,22,0.8235,nan
Datensatz,alle Personen (80/20),,TCN->TCN,75,10,75,3.40,0,10,2conv+wn,1-2-4-8,67977,260,21,0.8824,nan
Datensatz,alle Personen (80/20),,TCN->TCN,75,10,75,3.40,1,10,2conv+wn,1-2-4-8,67977,260,21,0.8824,nan
Datensatz,alle Personen (80/20),,TCN->TCN,75,10,75,3.40,2,10,2conv+wn,1-2-4-8,67977,260,21,0.9118,nan
Datensatz,alle Personen (80/20),,TCN->TCN,75,10,75,3.40,3,10,2conv+wn,1-2-4-8,67977,260,21,0.9118,nan
Datensatz,alle Personen (80/20),,TCN->TCN,75,10,75,3.40,4,10,2conv+wn,1-2-4-8,67977,260,21,0.8824,nan
Datensatz,alle Personen (80/20),,TCN->TCN,75,10,75,3.40,5,10,2conv+wn,1-2-4-8,67977,260,21,0.8824,nan
Datensatz,alle Personen (80/20),,TCN->TCN,75,10,75,3.40,6,10,2conv+wn,1-2-4-8,67977,260,21,0.8824,nan
Datensatz,alle Personen (80/20),,TCN->TCN,75,10,75,3.40,7,10,2conv+wn,1-2-4-8,67977,260,21,0.8235,nan
Datensatz,alle Personen (80/20),,TCN->TCN,75,10,75,3.40,8,10,2conv+wn,1-2-4-8,67977,260,21,0.8235,nan
Datensatz,alle Personen (80/20),,TCN->TCN,75,10,75,3.40,9,10,2conv+wn,1-2-4-8,67977,260,21,0.8824,nan
Datensatz,alle Personen (80/20),,TCN->TCN,100,10,100,4.40,0,10,2conv+wn,1-2-4-8,67977,260,21,0.8235,nan
Datensatz,alle Personen (80/20),,TCN->TCN,100,10,100,4.40,1,10,2conv+wn,1-2-4-8,67977,260,21,0.8824,nan
Datensatz,alle Personen (80/20),,TCN->TCN,100,10,100,4.40,2,10,2conv+wn,1-2-4-8,67977,260,21,0.8824,nan
Datensatz,alle Personen (80/20),,TCN->TCN,100,10,100,4.40,3,10,2conv+wn,1-2-4-8,67977,260,21,0.9412,nan
Datensatz,alle Personen (80/20),,TCN->TCN,100,10,100,4.40,4,10,2conv+wn,1-2-4-8,67977,260,21,0.8824,nan
Datensatz,alle Personen (80/20),,TCN->TCN,100,10,100,4.40,5,10,2conv+wn,1-2-4-8,67977,260,21,0.8824,nan
Datensatz,alle Personen (80/20),,TCN->TCN,100,10,100,4.40,6,10,2conv+wn,1-2-4-8,67977,260,21,0.7941,nan
Datensatz,alle Personen (80/20),,TCN->TCN,100,10,100,4.40,7,10,2conv+wn,1-2-4-8,67977,260,21,0.8235,nan
Datensatz,alle Personen (80/20),,TCN->TCN,100,10,100,4.40,8,10,2conv+wn,1-2-4-8,67977,260,21,0.8824,nan
Datensatz,alle Personen (80/20),,TCN->TCN,100,10,100,4.40,9,10,2conv+wn,1-2-4-8,67977,260,21,0.8824,nan
Datensatz,alle Personen (80/20),,TCN->TCN,125,10,125,5.40,0,10,2conv+wn,1-2-4-8,67977,260,21,0.8235,nan
Datensatz,alle Personen (80/20),,TCN->TCN,125,10,125,5.40,1,10,2conv+wn,1-2-4-8,67977,260,22,0.8824,nan
Datensatz,alle Personen (80/20),,TCN->TCN,125,10,125,5.40,2,10,2conv+wn,1-2-4-8,67977,260,21,0.8824,nan
Datensatz,alle Personen (80/20),,TCN->TCN,125,10,125,5.40,3,10,2conv+wn,1-2-4-8,67977,260,21,0.8824,nan
Datensatz,alle Personen (80/20),,TCN->TCN,125,10,125,5.40,4,10,2conv+wn,1-2-4-8,67977,260,21,0.8235,nan
Datensatz,alle Personen (80/20),,TCN->TCN,125,10,125,5.40,5,10,2conv+wn,1-2-4-8,67977,260,21,0.8824,nan
Datensatz,alle Personen (80/20),,TCN->TCN,125,10,125,5.40,6,10,2conv+wn,1-2-4-8,67977,260,21,0.7941,nan
Datensatz,alle Personen (80/20),,TCN->TCN,125,10,125,5.40,7,10,2conv+wn,1-2-4-8,67977,260,21,0.7941,nan
Datensatz,alle Personen (80/20),,TCN->TCN,125,10,125,5.40,8,10,2conv+wn,1-2-4-8,67977,260,21,0.8824,nan
Datensatz,alle Personen (80/20),,TCN->TCN,125,10,125,5.40,9,10,2conv+wn,1-2-4-8,67977,260,21,0.8824,nan
Datensatz,alle Personen (80/20),,TCN->TCN,150,10,150,6.40,0,10,2conv+wn,1-2-4-8,67977,260,21,0.7647,nan
Datensatz,alle Personen (80/20),,TCN->TCN,150,10,150,6.40,1,10,2conv+wn,1-2-4-8,67977,260,21,0.8824,nan
Datensatz,alle Personen (80/20),,TCN->TCN,150,10,150,6.40,2,10,2conv+wn,1-2-4-8,67977,260,21,0.7647,nan
Datensatz,alle Personen (80/20),,TCN->TCN,150,10,150,6.40,3,10,2conv+wn,1-2-4-8,67977,260,21,0.8235,nan
Datensatz,alle Personen (80/20),,TCN->TCN,150,10,150,6.40,4,10,2conv+wn,1-2-4-8,67977,260,21,0.8235,nan
Datensatz,alle Personen (80/20),,TCN->TCN,150,10,150,6.40,5,10,2conv+wn,1-2-4-8,67977,260,21,0.8824,nan
Datensatz,alle Personen (80/20),,TCN->TCN,150,10,150,6.40,6,10,2conv+wn,1-2-4-8,67977,260,21,0.8235,nan
Datensatz,alle Personen (80/20),,TCN->TCN,150,10,150,6.40,7,10,2conv+wn,1-2-4-8,67977,260,20,0.8235,nan
Datensatz,alle Personen (80/20),,TCN->TCN,150,10,150,6.40,8,10,2conv+wn,1-2-4-8,67977,260,21,0.8824,nan
Datensatz,alle Personen (80/20),,TCN->TCN,150,10,150,6.40,9,10,2conv+wn,1-2-4-8,67977,260,21,0.8824,nan
Datensatz,alle Personen (80/20),,TCN->TCN,175,10,175,7.40,0,10,2conv+wn,1-2-4-8,67977,260,22,0.8235,nan
Datensatz,alle Personen (80/20),,TCN->TCN,175,10,175,7.40,1,10,2conv+wn,1-2-4-8,67977,260,21,0.8824,nan
Datensatz,alle Personen (80/20),,TCN->TCN,175,10,175,7.40,2,10,2conv+wn,1-2-4-8,67977,260,21,0.7647,nan
Datensatz,alle Personen (80/20),,TCN->TCN,175,10,175,7.40,3,10,2conv+wn,1-2-4-8,67977,260,21,0.7647,nan
Datensatz,alle Personen (80/20),,TCN->TCN,175,10,175,7.40,4,10,2conv+wn,1-2-4-8,67977,260,21,0.8824,nan
Datensatz,alle Personen (80/20),,TCN->TCN,175,10,175,7.40,5,10,2conv+wn,1-2-4-8,67977,260,21,0.9118,nan
Datensatz,alle Personen (80/20),,TCN->TCN,175,10,175,7.40,6,10,2conv+wn,1-2-4-8,67977,260,21,0.7941,nan
Datensatz,alle Personen (80/20),,TCN->TCN,175,10,175,7.40,7,10,2conv+wn,1-2-4-8,67977,260,21,0.8235,nan
Datensatz,alle Personen (80/20),,TCN->TCN,175,10,175,7.40,8,10,2conv+wn,1-2-4-8,67977,260,20,0.8824,nan
Datensatz,alle Personen (80/20),,TCN->TCN,175,10,175,7.40,9,10,2conv+wn,1-2-4-8,67977,260,19,0.7647,nan
Datensatz,alle Personen (80/20),,TCN->TCN,25,25,25,2.00,0,10,2conv+wn,1-2-4-8,67977,260,18,0.8824,nan
Datensatz,alle Personen (80/20),,TCN->TCN,25,25,25,2.00,1,10,2conv+wn,1-2-4-8,67977,260,18,0.8824,nan
Datensatz,alle Personen (80/20),,TCN->TCN,25,25,25,2.00,2,10,2conv+wn,1-2-4-8,67977,260,18,0.9412,nan
Datensatz,alle Personen (80/20),,TCN->TCN,25,25,25,2.00,3,10,2conv+wn,1-2-4-8,67977,260,18,0.9706,nan
Datensatz,alle Personen (80/20),,TCN->TCN,25,25,25,2.00,4,10,2conv+wn,1-2-4-8,67977,260,18,0.9706,nan
Datensatz,alle Personen (80/20),,TCN->TCN,25,25,25,2.00,5,10,2conv+wn,1-2-4-8,67977,260,18,0.9412,nan
Datensatz,alle Personen (80/20),,TCN->TCN,25,25,25,2.00,6,10,2conv+wn,1-2-4-8,67977,260,19,1.0000,nan
Datensatz,alle Personen (80/20),,TCN->TCN,25,25,25,2.00,7,10,2conv+wn,1-2-4-8,67977,260,19,1.0000,nan
Datensatz,alle Personen (80/20),,TCN->TCN,25,25,25,2.00,8,10,2conv+wn,1-2-4-8,67977,260,19,0.9706,nan
Datensatz,alle Personen (80/20),,TCN->TCN,25,25,25,2.00,9,10,2conv+wn,1-2-4-8,67977,260,19,1.0000,nan
Datensatz,alle Personen (80/20),,TCN->TCN,50,25,50,3.00,0,10,2conv+wn,1-2-4-8,67977,260,16,0.9706,nan
Datensatz,alle Personen (80/20),,TCN->TCN,50,25,50,3.00,1,10,2conv+wn,1-2-4-8,67977,260,16,0.9412,nan
Datensatz,alle Personen (80/20),,TCN->TCN,50,25,50,3.00,2,10,2conv+wn,1-2-4-8,67977,260,16,0.9412,nan
Datensatz,alle Personen (80/20),,TCN->TCN,50,25,50,3.00,3,10,2conv+wn,1-2-4-8,67977,260,16,1.0000,nan
Datensatz,alle Personen (80/20),,TCN->TCN,50,25,50,3.00,4,10,2conv+wn,1-2-4-8,67977,260,16,0.9412,nan
Datensatz,alle Personen (80/20),,TCN->TCN,50,25,50,3.00,5,10,2conv+wn,1-2-4-8,67977,260,16,1.0000,nan
Datensatz,alle Personen (80/20),,TCN->TCN,50,25,50,3.00,6,10,2conv+wn,1-2-4-8,67977,260,17,1.0000,nan
Datensatz,alle Personen (80/20),,TCN->TCN,50,25,50,3.00,7,10,2conv+wn,1-2-4-8,67977,260,17,1.0000,nan
Datensatz,alle Personen (80/20),,TCN->TCN,50,25,50,3.00,8,10,2conv+wn,1-2-4-8,67977,260,17,0.9706,nan
Datensatz,alle Personen (80/20),,TCN->TCN,50,25,50,3.00,9,10,2conv+wn,1-2-4-8,67977,260,17,0.9412,nan
Datensatz,alle Personen (80/20),,TCN->TCN,75,25,75,4.00,0,10,2conv+wn,1-2-4-8,67977,260,15,0.9412,nan
Datensatz,alle Personen (80/20),,TCN->TCN,75,25,75,4.00,1,10,2conv+wn,1-2-4-8,67977,260,15,0.9412,nan
Datensatz,alle Personen (80/20),,TCN->TCN,75,25,75,4.00,2,10,2conv+wn,1-2-4-8,67977,260,15,0.9412,nan
Datensatz,alle Personen (80/20),,TCN->TCN,75,25,75,4.00,3,10,2conv+wn,1-2-4-8,67977,260,15,1.0000,nan
Datensatz,alle Personen (80/20),,TCN->TCN,75,25,75,4.00,4,10,2conv+wn,1-2-4-8,67977,260,15,0.9412,nan
Datensatz,alle Personen (80/20),,TCN->TCN,75,25,75,4.00,5,10,2conv+wn,1-2-4-8,67977,260,15,0.8824,nan
Datensatz,alle Personen (80/20),,TCN->TCN,75,25,75,4.00,6,10,2conv+wn,1-2-4-8,67977,260,15,0.9412,nan
Datensatz,alle Personen (80/20),,TCN->TCN,75,25,75,4.00,7,10,2conv+wn,1-2-4-8,67977,260,15,1.0000,nan
Datensatz,alle Personen (80/20),,TCN->TCN,75,25,75,4.00,8,10,2conv+wn,1-2-4-8,67977,260,15,0.9706,nan
Datensatz,alle Personen (80/20),,TCN->TCN,75,25,75,4.00,9,10,2conv+wn,1-2-4-8,67977,260,15,1.0000,nan
Datensatz,alle Personen (80/20),,TCN->TCN,100,25,100,5.00,0,10,2conv+wn,1-2-4-8,67977,260,15,0.8824,nan
Datensatz,alle Personen (80/20),,TCN->TCN,100,25,100,5.00,1,10,2conv+wn,1-2-4-8,67977,260,15,0.9412,nan
Datensatz,alle Personen (80/20),,TCN->TCN,100,25,100,5.00,2,10,2conv+wn,1-2-4-8,67977,260,15,0.9412,nan
Datensatz,alle Personen (80/20),,TCN->TCN,100,25,100,5.00,3,10,2conv+wn,1-2-4-8,67977,260,15,1.0000,nan
Datensatz,alle Personen (80/20),,TCN->TCN,100,25,100,5.00,4,10,2conv+wn,1-2-4-8,67977,260,15,0.9412,nan
Datensatz,alle Personen (80/20),,TCN->TCN,100,25,100,5.00,5,10,2conv+wn,1-2-4-8,67977,260,15,0.9412,nan
Datensatz,alle Personen (80/20),,TCN->TCN,100,25,100,5.00,6,10,2conv+wn,1-2-4-8,67977,260,15,0.9412,nan
Datensatz,alle Personen (80/20),,TCN->TCN,100,25,100,5.00,7,10,2conv+wn,1-2-4-8,67977,260,15,1.0000,nan
Datensatz,alle Personen (80/20),,TCN->TCN,100,25,100,5.00,8,10,2conv+wn,1-2-4-8,67977,260,15,0.9412,nan
Datensatz,alle Personen (80/20),,TCN->TCN,100,25,100,5.00,9,10,2conv+wn,1-2-4-8,67977,260,15,0.9706,nan
Datensatz,alle Personen (80/20),,TCN->TCN,125,25,125,6.00,0,10,2conv+wn,1-2-4-8,67977,260,14,0.9412,nan
Datensatz,alle Personen (80/20),,TCN->TCN,125,25,125,6.00,1,10,2conv+wn,1-2-4-8,67977,260,15,0.8824,nan
Datensatz,alle Personen (80/20),,TCN->TCN,125,25,125,6.00,2,10,2conv+wn,1-2-4-8,67977,260,14,0.9412,nan
Datensatz,alle Personen (80/20),,TCN->TCN,125,25,125,6.00,3,10,2conv+wn,1-2-4-8,67977,260,15,1.0000,nan
Datensatz,alle Personen (80/20),,TCN->TCN,125,25,125,6.00,4,10,2conv+wn,1-2-4-8,67977,260,14,0.9412,nan
Datensatz,alle Personen (80/20),,TCN->TCN,125,25,125,6.00,5,10,2conv+wn,1-2-4-8,67977,260,15,0.9412,nan
Datensatz,alle Personen (80/20),,TCN->TCN,125,25,125,6.00,6,10,2conv+wn,1-2-4-8,67977,260,14,1.0000,nan
Datensatz,alle Personen (80/20),,TCN->TCN,125,25,125,6.00,7,10,2conv+wn,1-2-4-8,67977,260,14,0.9706,nan
Datensatz,alle Personen (80/20),,TCN->TCN,125,25,125,6.00,8,10,2conv+wn,1-2-4-8,67977,260,14,0.9412,nan
Datensatz,alle Personen (80/20),,TCN->TCN,125,25,125,6.00,9,10,2conv+wn,1-2-4-8,67977,260,15,0.8824,nan
Datensatz,alle Personen (80/20),,TCN->TCN,150,25,150,7.00,0,10,2conv+wn,1-2-4-8,67977,260,14,0.9412,nan
Datensatz,alle Personen (80/20),,TCN->TCN,150,25,150,7.00,1,10,2conv+wn,1-2-4-8,67977,260,14,0.8824,nan
Datensatz,alle Personen (80/20),,TCN->TCN,150,25,150,7.00,2,10,2conv+wn,1-2-4-8,67977,260,14,1.0000,nan
Datensatz,alle Personen (80/20),,TCN->TCN,150,25,150,7.00,3,10,2conv+wn,1-2-4-8,67977,260,14,0.9412,nan
Datensatz,alle Personen (80/20),,TCN->TCN,150,25,150,7.00,4,10,2conv+wn,1-2-4-8,67977,260,14,0.9412,nan
Datensatz,alle Personen (80/20),,TCN->TCN,150,25,150,7.00,5,10,2conv+wn,1-2-4-8,67977,260,14,0.9412,nan
Datensatz,alle Personen (80/20),,TCN->TCN,150,25,150,7.00,6,10,2conv+wn,1-2-4-8,67977,260,14,0.9412,nan
Datensatz,alle Personen (80/20),,TCN->TCN,150,25,150,7.00,7,10,2conv+wn,1-2-4-8,67977,260,14,0.9412,nan
Datensatz,alle Personen (80/20),,TCN->TCN,150,25,150,7.00,8,10,2conv+wn,1-2-4-8,67977,260,14,0.9412,nan
Datensatz,alle Personen (80/20),,TCN->TCN,150,25,150,7.00,9,10,2conv+wn,1-2-4-8,67977,260,14,1.0000,nan
Datensatz,alle Personen (80/20),,TCN->TCN,175,25,175,8.00,0,10,2conv+wn,1-2-4-8,67977,260,14,0.9118,nan
Datensatz,alle Personen (80/20),,TCN->TCN,175,25,175,8.00,1,10,2conv+wn,1-2-4-8,67977,260,14,0.8824,nan
Datensatz,alle Personen (80/20),,TCN->TCN,175,25,175,8.00,2,10,2conv+wn,1-2-4-8,67977,260,14,0.9412,nan
Datensatz,alle Personen (80/20),,TCN->TCN,175,25,175,8.00,3,10,2conv+wn,1-2-4-8,67977,260,14,0.9118,nan
Datensatz,alle Personen (80/20),,TCN->TCN,175,25,175,8.00,4,10,2conv+wn,1-2-4-8,67977,260,14,1.0000,nan
Datensatz,alle Personen (80/20),,TCN->TCN,175,25,175,8.00,5,10,2conv+wn,1-2-4-8,67977,260,14,0.9412,nan
Datensatz,alle Personen (80/20),,TCN->TCN,175,25,175,8.00,6,10,2conv+wn,1-2-4-8,67977,260,14,0.9412,nan
Datensatz,alle Personen (80/20),,TCN->TCN,175,25,175,8.00,7,10,2conv+wn,1-2-4-8,67977,260,14,0.8824,nan
Datensatz,alle Personen (80/20),,TCN->TCN,175,25,175,8.00,8,10,2conv+wn,1-2-4-8,67977,260,14,0.9706,nan
Datensatz,alle Personen (80/20),,TCN->TCN,175,25,175,8.00,9,10,2conv+wn,1-2-4-8,67977,260,14,0.9706,nan
Datensatz,alle Personen (80/20),,TCN->TCN,25,50,25,3.00,0,10,2conv+wn,1-2-4-8,67977,260,13,0.8824,nan
Datensatz,alle Personen (80/20),,TCN->TCN,25,50,25,3.00,1,10,2conv+wn,1-2-4-8,67977,260,13,0.9412,nan
Datensatz,alle Personen (80/20),,TCN->TCN,25,50,25,3.00,2,10,2conv+wn,1-2-4-8,67977,260,13,0.9412,nan
Datensatz,alle Personen (80/20),,TCN->TCN,25,50,25,3.00,3,10,2conv+wn,1-2-4-8,67977,260,13,1.0000,nan
Datensatz,alle Personen (80/20),,TCN->TCN,25,50,25,3.00,4,10,2conv+wn,1-2-4-8,67977,260,13,0.8824,nan
Datensatz,alle Personen (80/20),,TCN->TCN,25,50,25,3.00,5,10,2conv+wn,1-2-4-8,67977,260,13,0.9412,nan
Datensatz,alle Personen (80/20),,TCN->TCN,25,50,25,3.00,6,10,2conv+wn,1-2-4-8,67977,260,13,0.9412,nan
Datensatz,alle Personen (80/20),,TCN->TCN,25,50,25,3.00,7,10,2conv+wn,1-2-4-8,67977,260,13,0.9412,nan
Datensatz,alle Personen (80/20),,TCN->TCN,25,50,25,3.00,8,10,2conv+wn,1-2-4-8,67977,260,13,1.0000,nan
Datensatz,alle Personen (80/20),,TCN->TCN,25,50,25,3.00,9,10,2conv+wn,1-2-4-8,67977,260,13,0.9118,nan
Datensatz,alle Personen (80/20),,TCN->TCN,50,50,50,4.00,0,10,2conv+wn,1-2-4-8,67977,260,11,0.9118,nan
Datensatz,alle Personen (80/20),,TCN->TCN,50,50,50,4.00,1,10,2conv+wn,1-2-4-8,67977,260,10,1.0000,nan
Datensatz,alle Personen (80/20),,TCN->TCN,50,50,50,4.00,2,10,2conv+wn,1-2-4-8,67977,260,11,1.0000,nan
Datensatz,alle Personen (80/20),,TCN->TCN,50,50,50,4.00,3,10,2conv+wn,1-2-4-8,67977,260,10,1.0000,nan
Datensatz,alle Personen (80/20),,TCN->TCN,50,50,50,4.00,4,10,2conv+wn,1-2-4-8,67977,260,11,1.0000,nan
Datensatz,alle Personen (80/20),,TCN->TCN,50,50,50,4.00,5,10,2conv+wn,1-2-4-8,67977,260,10,0.9412,nan
Datensatz,alle Personen (80/20),,TCN->TCN,50,50,50,4.00,6,10,2conv+wn,1-2-4-8,67977,260,11,0.9706,nan
Datensatz,alle Personen (80/20),,TCN->TCN,50,50,50,4.00,7,10,2conv+wn,1-2-4-8,67977,260,11,1.0000,nan
Datensatz,alle Personen (80/20),,TCN->TCN,50,50,50,4.00,8,10,2conv+wn,1-2-4-8,67977,260,10,0.9706,nan
Datensatz,alle Personen (80/20),,TCN->TCN,50,50,50,4.00,9,10,2conv+wn,1-2-4-8,67977,260,10,0.9706,nan
Datensatz,alle Personen (80/20),,TCN->TCN,75,50,75,5.00,0,10,2conv+wn,1-2-4-8,67977,260,10,0.9118,nan
Datensatz,alle Personen (80/20),,TCN->TCN,75,50,75,5.00,1,10,2conv+wn,1-2-4-8,67977,260,10,1.0000,nan
Datensatz,alle Personen (80/20),,TCN->TCN,75,50,75,5.00,2,10,2conv+wn,1-2-4-8,67977,260,10,1.0000,nan
Datensatz,alle Personen (80/20),,TCN->TCN,75,50,75,5.00,3,10,2conv+wn,1-2-4-8,67977,260,10,1.0000,nan
Datensatz,alle Personen (80/20),,TCN->TCN,75,50,75,5.00,4,10,2conv+wn,1-2-4-8,67977,260,10,0.9412,nan
Datensatz,alle Personen (80/20),,TCN->TCN,75,50,75,5.00,5,10,2conv+wn,1-2-4-8,67977,260,10,1.0000,nan
Datensatz,alle Personen (80/20),,TCN->TCN,75,50,75,5.00,6,10,2conv+wn,1-2-4-8,67977,260,10,1.0000,nan
Datensatz,alle Personen (80/20),,TCN->TCN,75,50,75,5.00,7,10,2conv+wn,1-2-4-8,67977,260,10,1.0000,nan
Datensatz,alle Personen (80/20),,TCN->TCN,75,50,75,5.00,8,10,2conv+wn,1-2-4-8,67977,260,10,0.9706,nan
Datensatz,alle Personen (80/20),,TCN->TCN,75,50,75,5.00,9,10,2conv+wn,1-2-4-8,67977,260,10,0.9118,nan
Datensatz,alle Personen (80/20),,TCN->TCN,100,50,100,6.00,0,10,2conv+wn,1-2-4-8,67977,260,9,0.9706,nan
Datensatz,alle Personen (80/20),,TCN->TCN,100,50,100,6.00,1,10,2conv+wn,1-2-4-8,67977,260,10,1.0000,nan
Datensatz,alle Personen (80/20),,TCN->TCN,100,50,100,6.00,2,10,2conv+wn,1-2-4-8,67977,260,9,0.8824,nan
Datensatz,alle Personen (80/20),,TCN->TCN,100,50,100,6.00,3,10,2conv+wn,1-2-4-8,67977,260,9,1.0000,nan
Datensatz,alle Personen (80/20),,TCN->TCN,100,50,100,6.00,4,10,2conv+wn,1-2-4-8,67977,260,9,1.0000,nan
Datensatz,alle Personen (80/20),,TCN->TCN,100,50,100,6.00,5,10,2conv+wn,1-2-4-8,67977,260,9,1.0000,nan
Datensatz,alle Personen (80/20),,TCN->TCN,100,50,100,6.00,6,10,2conv+wn,1-2-4-8,67977,260,9,1.0000,nan
Datensatz,alle Personen (80/20),,TCN->TCN,100,50,100,6.00,7,10,2conv+wn,1-2-4-8,67977,260,9,1.0000,nan
Datensatz,alle Personen (80/20),,TCN->TCN,100,50,100,6.00,8,10,2conv+wn,1-2-4-8,67977,260,10,1.0000,nan
Datensatz,alle Personen (80/20),,TCN->TCN,100,50,100,6.00,9,10,2conv+wn,1-2-4-8,67977,260,10,0.9706,nan
Datensatz,alle Personen (80/20),,TCN->TCN,125,50,125,7.00,0,10,2conv+wn,1-2-4-8,67977,260,9,0.9118,nan
Datensatz,alle Personen (80/20),,TCN->TCN,125,50,125,7.00,1,10,2conv+wn,1-2-4-8,67977,260,9,0.9706,nan
Datensatz,alle Personen (80/20),,TCN->TCN,125,50,125,7.00,2,10,2conv+wn,1-2-4-8,67977,260,9,0.9118,nan
Datensatz,alle Personen (80/20),,TCN->TCN,125,50,125,7.00,3,10,2conv+wn,1-2-4-8,67977,260,9,0.9706,nan
Datensatz,alle Personen (80/20),,TCN->TCN,125,50,125,7.00,4,10,2conv+wn,1-2-4-8,67977,260,9,0.9706,nan
Datensatz,alle Personen (80/20),,TCN->TCN,125,50,125,7.00,5,10,2conv+wn,1-2-4-8,67977,260,10,0.9706,nan
Datensatz,alle Personen (80/20),,TCN->TCN,125,50,125,7.00,6,10,2conv+wn,1-2-4-8,67977,260,9,1.0000,nan
Datensatz,alle Personen (80/20),,TCN->TCN,125,50,125,7.00,7,10,2conv+wn,1-2-4-8,67977,260,9,1.0000,nan
Datensatz,alle Personen (80/20),,TCN->TCN,125,50,125,7.00,8,10,2conv+wn,1-2-4-8,67977,260,10,1.0000,nan
Datensatz,alle Personen (80/20),,TCN->TCN,125,50,125,7.00,9,10,2conv+wn,1-2-4-8,67977,260,9,0.9706,nan
Datensatz,alle Personen (80/20),,TCN->TCN,150,50,150,8.00,0,10,2conv+wn,1-2-4-8,67977,260,9,0.9118,nan
Datensatz,alle Personen (80/20),,TCN->TCN,150,50,150,8.00,1,10,2conv+wn,1-2-4-8,67977,260,9,0.9706,nan
Datensatz,alle Personen (80/20),,TCN->TCN,150,50,150,8.00,2,10,2conv+wn,1-2-4-8,67977,260,9,0.9412,nan
Datensatz,alle Personen (80/20),,TCN->TCN,150,50,150,8.00,3,10,2conv+wn,1-2-4-8,67977,260,10,0.8824,nan
Datensatz,alle Personen (80/20),,TCN->TCN,150,50,150,8.00,4,10,2conv+wn,1-2-4-8,67977,260,10,1.0000,nan
Datensatz,alle Personen (80/20),,TCN->TCN,150,50,150,8.00,5,10,2conv+wn,1-2-4-8,67977,260,9,0.9118,nan
Datensatz,alle Personen (80/20),,TCN->TCN,150,50,150,8.00,6,10,2conv+wn,1-2-4-8,67977,260,10,0.9706,nan
Datensatz,alle Personen (80/20),,TCN->TCN,150,50,150,8.00,7,10,2conv+wn,1-2-4-8,67977,260,9,1.0000,nan
Datensatz,alle Personen (80/20),,TCN->TCN,150,50,150,8.00,8,10,2conv+wn,1-2-4-8,67977,260,9,0.9706,nan
Datensatz,alle Personen (80/20),,TCN->TCN,150,50,150,8.00,9,10,2conv+wn,1-2-4-8,67977,260,10,0.9412,nan
Datensatz,alle Personen (80/20),,TCN->TCN,175,50,175,9.00,0,10,2conv+wn,1-2-4-8,67977,260,9,0.9706,nan
Datensatz,alle Personen (80/20),,TCN->TCN,175,50,175,9.00,1,10,2conv+wn,1-2-4-8,67977,260,9,0.9706,nan
Datensatz,alle Personen (80/20),,TCN->TCN,175,50,175,9.00,2,10,2conv+wn,1-2-4-8,67977,260,10,0.9412,nan
Datensatz,alle Personen (80/20),,TCN->TCN,175,50,175,9.00,3,10,2conv+wn,1-2-4-8,67977,260,9,0.9706,nan
Datensatz,alle Personen (80/20),,TCN->TCN,175,50,175,9.00,4,10,2conv+wn,1-2-4-8,67977,260,9,0.9706,nan
Datensatz,alle Personen (80/20),,TCN->TCN,175,50,175,9.00,5,10,2conv+wn,1-2-4-8,67977,260,9,0.9706,nan
Datensatz,alle Personen (80/20),,TCN->TCN,175,50,175,9.00,6,10,2conv+wn,1-2-4-8,67977,260,9,0.9706,nan
Datensatz,alle Personen (80/20),,TCN->TCN,175,50,175,9.00,7,10,2conv+wn,1-2-4-8,67977,260,9,0.9706,nan
Datensatz,alle Personen (80/20),,TCN->TCN,175,50,175,9.00,8,10,2conv+wn,1-2-4-8,67977,260,10,0.9706,nan
Datensatz,alle Personen (80/20),,TCN->TCN,175,50,175,9.00,9,10,2conv+wn,1-2-4-8,67977,260,10,0.9118,nan
Datensatz,ohne 3,3,voll12,10,,,0.40,0,10,2conv+wn,1-2-4-8,23749,175,8,0.6970,0.5000
Datensatz,ohne 3,3,voll12,10,,,0.40,1,10,2conv+wn,1-2-4-8,23749,175,8,0.6970,0.5909
Datensatz,ohne 3,3,voll12,10,,,0.40,2,10,2conv+wn,1-2-4-8,23749,175,8,0.6970,0.6364
Datensatz,ohne 3,3,voll12,10,,,0.40,3,10,2conv+wn,1-2-4-8,23749,175,8,0.6970,0.5682
Datensatz,ohne 3,3,voll12,10,,,0.40,4,10,2conv+wn,1-2-4-8,23749,175,8,0.7273,0.5682
Datensatz,ohne 3,3,voll12,10,,,0.40,5,10,2conv+wn,1-2-4-8,23749,175,8,0.7273,0.6364
Datensatz,ohne 3,3,voll12,10,,,0.40,6,10,2conv+wn,1-2-4-8,23749,175,8,0.6970,0.5682
Datensatz,ohne 3,3,voll12,10,,,0.40,7,10,2conv+wn,1-2-4-8,23749,175,8,0.6364,0.5455
Datensatz,ohne 3,3,voll12,10,,,0.40,8,10,2conv+wn,1-2-4-8,23749,175,8,0.6970,0.5227
Datensatz,ohne 3,3,voll12,10,,,0.40,9,10,2conv+wn,1-2-4-8,23749,175,8,0.7273,0.5455
Datensatz,ohne 3,3,voll12,25,,,1.00,0,10,2conv+wn,1-2-4-8,23749,175,5,0.9394,0.6136
Datensatz,ohne 3,3,voll12,25,,,1.00,1,10,2conv+wn,1-2-4-8,23749,175,5,0.9091,0.5909
Datensatz,ohne 3,3,voll12,25,,,1.00,2,10,2conv+wn,1-2-4-8,23749,175,5,1.0000,0.5682
Datensatz,ohne 3,3,voll12,25,,,1.00,3,10,2conv+wn,1-2-4-8,23749,175,5,0.9394,0.6591
Datensatz,ohne 3,3,voll12,25,,,1.00,4,10,2conv+wn,1-2-4-8,23749,175,5,0.9394,0.5682
Datensatz,ohne 3,3,voll12,25,,,1.00,5,10,2conv+wn,1-2-4-8,23749,175,5,1.0000,0.6591
Datensatz,ohne 3,3,voll12,25,,,1.00,6,10,2conv+wn,1-2-4-8,23749,175,5,0.9091,0.6818
Datensatz,ohne 3,3,voll12,25,,,1.00,7,10,2conv+wn,1-2-4-8,23749,175,5,0.9394,0.5455
Datensatz,ohne 3,3,voll12,25,,,1.00,8,10,2conv+wn,1-2-4-8,23749,175,5,0.9394,0.6591
Datensatz,ohne 3,3,voll12,25,,,1.00,9,10,2conv+wn,1-2-4-8,23749,175,5,0.9394,0.5909
Datensatz,ohne 3,3,voll12,50,,,2.00,0,10,2conv+wn,1-2-4-8,23749,175,3,0.9394,0.6818
Datensatz,ohne 3,3,voll12,50,,,2.00,1,10,2conv+wn,1-2-4-8,23749,175,3,0.9394,0.6591
Datensatz,ohne 3,3,voll12,50,,,2.00,2,10,2conv+wn,1-2-4-8,23749,175,3,0.9394,0.6136
Datensatz,ohne 3,3,voll12,50,,,2.00,3,10,2conv+wn,1-2-4-8,23749,175,3,0.9394,0.7045
Datensatz,ohne 3,3,voll12,50,,,2.00,4,10,2conv+wn,1-2-4-8,23749,175,3,0.9394,0.6364
Datensatz,ohne 3,3,voll12,50,,,2.00,5,10,2conv+wn,1-2-4-8,23749,175,3,0.9697,0.6136
Datensatz,ohne 3,3,voll12,50,,,2.00,6,10,2conv+wn,1-2-4-8,23749,175,3,0.9697,0.7727
Datensatz,ohne 3,3,voll12,50,,,2.00,7,10,2conv+wn,1-2-4-8,23749,175,3,0.9091,0.6818
Datensatz,ohne 3,3,voll12,50,,,2.00,8,10,2conv+wn,1-2-4-8,23749,175,3,0.9697,0.6591
Datensatz,ohne 3,3,voll12,50,,,2.00,9,10,2conv+wn,1-2-4-8,23749,175,3,0.9394,0.6818
Datensatz,ohne 3,3,voll12,75,,,3.00,0,10,2conv+wn,1-2-4-8,23749,175,3,0.9394,0.7273
Datensatz,ohne 3,3,voll12,75,,,3.00,1,10,2conv+wn,1-2-4-8,23749,175,2,0.9394,0.6818
Datensatz,ohne 3,3,voll12,75,,,3.00,2,10,2conv+wn,1-2-4-8,23749,175,3,0.9394,0.6136
Datensatz,ohne 3,3,voll12,75,,,3.00,3,10,2conv+wn,1-2-4-8,23749,175,3,0.9394,0.6591
Datensatz,ohne 3,3,voll12,75,,,3.00,4,10,2conv+wn,1-2-4-8,23749,175,3,0.9394,0.6591
Datensatz,ohne 3,3,voll12,75,,,3.00,5,10,2conv+wn,1-2-4-8,23749,175,3,0.9091,0.6818
Datensatz,ohne 3,3,voll12,75,,,3.00,6,10,2conv+wn,1-2-4-8,23749,175,3,0.9394,0.6818
Datensatz,ohne 3,3,voll12,75,,,3.00,7,10,2conv+wn,1-2-4-8,23749,175,3,0.9394,0.6591
Datensatz,ohne 3,3,voll12,75,,,3.00,8,10,2conv+wn,1-2-4-8,23749,175,3,1.0000,0.7045
Datensatz,ohne 3,3,voll12,75,,,3.00,9,10,2conv+wn,1-2-4-8,23749,175,3,0.9394,0.6364
Datensatz,ohne 3,3,voll12,100,,,4.00,0,10,2conv+wn,1-2-4-8,23749,175,2,0.9697,0.6364
Datensatz,ohne 3,3,voll12,100,,,4.00,1,10,2conv+wn,1-2-4-8,23749,175,2,0.9394,0.7045
Datensatz,ohne 3,3,voll12,100,,,4.00,2,10,2conv+wn,1-2-4-8,23749,175,2,0.9394,0.6818
Datensatz,ohne 3,3,voll12,100,,,4.00,3,10,2conv+wn,1-2-4-8,23749,175,2,0.9697,0.6136
Datensatz,ohne 3,3,voll12,100,,,4.00,4,10,2conv+wn,1-2-4-8,23749,175,2,0.9394,0.5909
Datensatz,ohne 3,3,voll12,100,,,4.00,5,10,2conv+wn,1-2-4-8,23749,175,2,0.9697,0.6364
Datensatz,ohne 3,3,voll12,100,,,4.00,6,10,2conv+wn,1-2-4-8,23749,175,2,0.9091,0.7045
Datensatz,ohne 3,3,voll12,100,,,4.00,7,10,2conv+wn,1-2-4-8,23749,175,2,0.9394,0.6136
Datensatz,ohne 3,3,voll12,100,,,4.00,8,10,2conv+wn,1-2-4-8,23749,175,2,0.9394,0.6818
Datensatz,ohne 3,3,voll12,100,,,4.00,9,10,2conv+wn,1-2-4-8,23749,175,2,0.9394,0.6591
Datensatz,ohne 3,3,voll12,125,,,5.00,0,10,2conv+wn,1-2-4-8,23749,175,2,0.9697,0.6818
Datensatz,ohne 3,3,voll12,125,,,5.00,1,10,2conv+wn,1-2-4-8,23749,175,2,0.9091,0.6591
Datensatz,ohne 3,3,voll12,125,,,5.00,2,10,2conv+wn,1-2-4-8,23749,175,2,0.9394,0.6136
Datensatz,ohne 3,3,voll12,125,,,5.00,3,10,2conv+wn,1-2-4-8,23749,175,2,0.9091,0.6364
Datensatz,ohne 3,3,voll12,125,,,5.00,4,10,2conv+wn,1-2-4-8,23749,175,2,0.9394,0.6136
Datensatz,ohne 3,3,voll12,125,,,5.00,5,10,2conv+wn,1-2-4-8,23749,175,2,0.9091,0.6591
Datensatz,ohne 3,3,voll12,125,,,5.00,6,10,2conv+wn,1-2-4-8,23749,175,2,0.9697,0.7045
Datensatz,ohne 3,3,voll12,125,,,5.00,7,10,2conv+wn,1-2-4-8,23749,175,2,0.9091,0.6818
Datensatz,ohne 3,3,voll12,125,,,5.00,8,10,2conv+wn,1-2-4-8,23749,175,2,0.9394,0.6591
Datensatz,ohne 3,3,voll12,125,,,5.00,9,10,2conv+wn,1-2-4-8,23749,175,2,0.9091,0.6364
Datensatz,ohne 3,3,pos4,10,,,0.40,0,10,2conv+wn,1-2-4-8,22725,175,7,0.7576,0.5455
Datensatz,ohne 3,3,pos4,10,,,0.40,1,10,2conv+wn,1-2-4-8,22725,175,7,0.6364,0.4545
Datensatz,ohne 3,3,pos4,10,,,0.40,2,10,2conv+wn,1-2-4-8,22725,175,7,0.7576,0.4773
Datensatz,ohne 3,3,pos4,10,,,0.40,3,10,2conv+wn,1-2-4-8,22725,175,7,0.6667,0.5000
Datensatz,ohne 3,3,pos4,10,,,0.40,4,10,2conv+wn,1-2-4-8,22725,175,7,0.7879,0.5227
Datensatz,ohne 3,3,pos4,10,,,0.40,5,10,2conv+wn,1-2-4-8,22725,175,8,0.7576,0.4773
Datensatz,ohne 3,3,pos4,10,,,0.40,6,10,2conv+wn,1-2-4-8,22725,175,7,0.8182,0.5227
Datensatz,ohne 3,3,pos4,10,,,0.40,7,10,2conv+wn,1-2-4-8,22725,175,8,0.6970,0.6136
Datensatz,ohne 3,3,pos4,10,,,0.40,8,10,2conv+wn,1-2-4-8,22725,175,8,0.8182,0.5455
Datensatz,ohne 3,3,pos4,10,,,0.40,9,10,2conv+wn,1-2-4-8,22725,175,8,0.6667,0.4545
Datensatz,ohne 3,3,pos4,25,,,1.00,0,10,2conv+wn,1-2-4-8,22725,175,5,1.0000,0.5909
Datensatz,ohne 3,3,pos4,25,,,1.00,1,10,2conv+wn,1-2-4-8,22725,175,5,0.8788,0.5682
Datensatz,ohne 3,3,pos4,25,,,1.00,2,10,2conv+wn,1-2-4-8,22725,175,5,0.9091,0.5455
Datensatz,ohne 3,3,pos4,25,,,1.00,3,10,2conv+wn,1-2-4-8,22725,175,5,0.9394,0.5455
Datensatz,ohne 3,3,pos4,25,,,1.00,4,10,2conv+wn,1-2-4-8,22725,175,5,0.9697,0.5909
Datensatz,ohne 3,3,pos4,25,,,1.00,5,10,2conv+wn,1-2-4-8,22725,175,5,0.9394,0.5909
Datensatz,ohne 3,3,pos4,25,,,1.00,6,10,2conv+wn,1-2-4-8,22725,175,5,0.8788,0.5455
Datensatz,ohne 3,3,pos4,25,,,1.00,7,10,2conv+wn,1-2-4-8,22725,175,5,0.9394,0.6136
Datensatz,ohne 3,3,pos4,25,,,1.00,8,10,2conv+wn,1-2-4-8,22725,175,5,0.9091,0.5455
Datensatz,ohne 3,3,pos4,25,,,1.00,9,10,2conv+wn,1-2-4-8,22725,175,6,0.8788,0.6364
Datensatz,ohne 3,3,pos4,50,,,2.00,0,10,2conv+wn,1-2-4-8,22725,175,3,0.9394,0.6818
Datensatz,ohne 3,3,pos4,50,,,2.00,1,10,2conv+wn,1-2-4-8,22725,175,3,1.0000,0.6591
Datensatz,ohne 3,3,pos4,50,,,2.00,2,10,2conv+wn,1-2-4-8,22725,175,3,1.0000,0.6136
Datensatz,ohne 3,3,pos4,50,,,2.00,3,10,2conv+wn,1-2-4-8,22725,175,3,0.9394,0.6591
Datensatz,ohne 3,3,pos4,50,,,2.00,4,10,2conv+wn,1-2-4-8,22725,175,3,1.0000,0.6364
Datensatz,ohne 3,3,pos4,50,,,2.00,5,10,2conv+wn,1-2-4-8,22725,175,3,0.9394,0.6818
Datensatz,ohne 3,3,pos4,50,,,2.00,6,10,2conv+wn,1-2-4-8,22725,175,3,0.9394,0.6591
Datensatz,ohne 3,3,pos4,50,,,2.00,7,10,2conv+wn,1-2-4-8,22725,175,3,1.0000,0.6818
Datensatz,ohne 3,3,pos4,50,,,2.00,8,10,2conv+wn,1-2-4-8,22725,175,3,0.9697,0.7045
Datensatz,ohne 3,3,pos4,50,,,2.00,9,10,2conv+wn,1-2-4-8,22725,175,3,0.9394,0.6591
Datensatz,ohne 3,3,pos4,75,,,3.00,0,10,2conv+wn,1-2-4-8,22725,175,2,0.9394,0.6818
Datensatz,ohne 3,3,pos4,75,,,3.00,1,10,2conv+wn,1-2-4-8,22725,175,2,0.9091,0.6818
Datensatz,ohne 3,3,pos4,75,,,3.00,2,10,2conv+wn,1-2-4-8,22725,175,2,0.9394,0.5909
Datensatz,ohne 3,3,pos4,75,,,3.00,3,10,2conv+wn,1-2-4-8,22725,175,2,0.9697,0.6818
Datensatz,ohne 3,3,pos4,75,,,3.00,4,10,2conv+wn,1-2-4-8,22725,175,2,0.9394,0.6818
Datensatz,ohne 3,3,pos4,75,,,3.00,5,10,2conv+wn,1-2-4-8,22725,175,2,0.9394,0.6591
Datensatz,ohne 3,3,pos4,75,,,3.00,6,10,2conv+wn,1-2-4-8,22725,175,2,0.9394,0.6818
Datensatz,ohne 3,3,pos4,75,,,3.00,7,10,2conv+wn,1-2-4-8,22725,175,2,0.9394,0.6591
Datensatz,ohne 3,3,pos4,75,,,3.00,8,10,2conv+wn,1-2-4-8,22725,175,2,0.9091,0.7273
Datensatz,ohne 3,3,pos4,75,,,3.00,9,10,2conv+wn,1-2-4-8,22725,175,2,0.9394,0.6591
Datensatz,ohne 3,3,pos4,100,,,4.00,0,10,2conv+wn,1-2-4-8,22725,175,2,0.9697,0.6591
Datensatz,ohne 3,3,pos4,100,,,4.00,1,10,2conv+wn,1-2-4-8,22725,175,2,1.0000,0.6818
Datensatz,ohne 3,3,pos4,100,,,4.00,2,10,2conv+wn,1-2-4-8,22725,175,2,0.9394,0.6364
Datensatz,ohne 3,3,pos4,100,,,4.00,3,10,2conv+wn,1-2-4-8,22725,175,2,0.9697,0.6364
Datensatz,ohne 3,3,pos4,100,,,4.00,4,10,2conv+wn,1-2-4-8,22725,175,2,0.9091,0.6818
Datensatz,ohne 3,3,pos4,100,,,4.00,5,10,2conv+wn,1-2-4-8,22725,175,2,0.9394,0.6818
Datensatz,ohne 3,3,pos4,100,,,4.00,6,10,2conv+wn,1-2-4-8,22725,175,2,0.9394,0.6364
Datensatz,ohne 3,3,pos4,100,,,4.00,7,10,2conv+wn,1-2-4-8,22725,175,2,0.9394,0.6818
Datensatz,ohne 3,3,pos4,100,,,4.00,8,10,2conv+wn,1-2-4-8,22725,175,2,0.9394,0.7045
Datensatz,ohne 3,3,pos4,100,,,4.00,9,10,2conv+wn,1-2-4-8,22725,175,2,0.9394,0.7045
Datensatz,ohne 3,3,pos4,125,,,5.00,0,10,2conv+wn,1-2-4-8,22725,175,2,0.9091,0.6364
Datensatz,ohne 3,3,pos4,125,,,5.00,1,10,2conv+wn,1-2-4-8,22725,175,2,0.9394,0.7045
Datensatz,ohne 3,3,pos4,125,,,5.00,2,10,2conv+wn,1-2-4-8,22725,175,2,0.9394,0.6364
Datensatz,ohne 3,3,pos4,125,,,5.00,3,10,2conv+wn,1-2-4-8,22725,175,2,0.9394,0.6364
Datensatz,ohne 3,3,pos4,125,,,5.00,4,10,2conv+wn,1-2-4-8,22725,175,2,0.9091,0.7045
Datensatz,ohne 3,3,pos4,125,,,5.00,5,10,2conv+wn,1-2-4-8,22725,175,2,0.9394,0.6818
Datensatz,ohne 3,3,pos4,125,,,5.00,6,10,2conv+wn,1-2-4-8,22725,175,2,0.9394,0.6136
Datensatz,ohne 3,3,pos4,125,,,5.00,7,10,2conv+wn,1-2-4-8,22725,175,2,0.9394,0.6818
Datensatz,ohne 3,3,pos4,125,,,5.00,8,10,2conv+wn,1-2-4-8,22725,175,2,0.9091,0.6591
Datensatz,ohne 3,3,pos4,125,,,5.00,9,10,2conv+wn,1-2-4-8,22725,175,2,0.9394,0.6136
Datensatz,ohne 3,3,tips6pos,10,,,0.40,0,10,2conv+wn,1-2-4-8,23749,175,10,0.7576,0.5909
Datensatz,ohne 3,3,tips6pos,10,,,0.40,1,10,2conv+wn,1-2-4-8,23749,175,10,0.7576,0.5682
Datensatz,ohne 3,3,tips6pos,10,,,0.40,2,10,2conv+wn,1-2-4-8,23749,175,10,0.7576,0.5455
Datensatz,ohne 3,3,tips6pos,10,,,0.40,3,10,2conv+wn,1-2-4-8,23749,175,10,0.7576,0.4545
Datensatz,ohne 3,3,tips6pos,10,,,0.40,4,10,2conv+wn,1-2-4-8,23749,175,11,0.7879,0.5227
Datensatz,ohne 3,3,tips6pos,10,,,0.40,5,10,2conv+wn,1-2-4-8,23749,175,10,0.7273,0.5455
Datensatz,ohne 3,3,tips6pos,10,,,0.40,6,10,2conv+wn,1-2-4-8,23749,175,10,0.7879,0.5909
Datensatz,ohne 3,3,tips6pos,10,,,0.40,7,10,2conv+wn,1-2-4-8,23749,175,10,0.7576,0.5000
Datensatz,ohne 3,3,tips6pos,10,,,0.40,8,10,2conv+wn,1-2-4-8,23749,175,10,0.7576,0.3636
Datensatz,ohne 3,3,tips6pos,10,,,0.40,9,10,2conv+wn,1-2-4-8,23749,175,10,0.8182,0.4318
Datensatz,ohne 3,3,tips6pos,25,,,1.00,0,10,2conv+wn,1-2-4-8,23749,175,7,0.9697,0.7045
Datensatz,ohne 3,3,tips6pos,25,,,1.00,1,10,2conv+wn,1-2-4-8,23749,175,7,1.0000,0.6136
Datensatz,ohne 3,3,tips6pos,25,,,1.00,2,10,2conv+wn,1-2-4-8,23749,175,7,1.0000,0.6591
Datensatz,ohne 3,3,tips6pos,25,,,1.00,3,10,2conv+wn,1-2-4-8,23749,175,7,1.0000,0.6818
Datensatz,ohne 3,3,tips6pos,25,,,1.00,4,10,2conv+wn,1-2-4-8,23749,175,7,1.0000,0.7045
Datensatz,ohne 3,3,tips6pos,25,,,1.00,5,10,2conv+wn,1-2-4-8,23749,175,8,1.0000,0.7273
Datensatz,ohne 3,3,tips6pos,25,,,1.00,6,10,2conv+wn,1-2-4-8,23749,175,8,1.0000,0.6818
Datensatz,ohne 3,3,tips6pos,25,,,1.00,7,10,2conv+wn,1-2-4-8,23749,175,7,1.0000,0.6818
Datensatz,ohne 3,3,tips6pos,25,,,1.00,8,10,2conv+wn,1-2-4-8,23749,175,7,1.0000,0.7500
Datensatz,ohne 3,3,tips6pos,25,,,1.00,9,10,2conv+wn,1-2-4-8,23749,175,7,1.0000,0.6364
Datensatz,ohne 3,3,tips6pos,50,,,2.00,0,10,2conv+wn,1-2-4-8,23749,175,4,0.9394,0.5909
Datensatz,ohne 3,3,tips6pos,50,,,2.00,1,10,2conv+wn,1-2-4-8,23749,175,4,0.9394,0.6136
Datensatz,ohne 3,3,tips6pos,50,,,2.00,2,10,2conv+wn,1-2-4-8,23749,175,4,0.9394,0.7273
Datensatz,ohne 3,3,tips6pos,50,,,2.00,3,10,2conv+wn,1-2-4-8,23749,175,4,0.9394,0.6591
Datensatz,ohne 3,3,tips6pos,50,,,2.00,4,10,2conv+wn,1-2-4-8,23749,175,4,0.9394,0.6136
Datensatz,ohne 3,3,tips6pos,50,,,2.00,5,10,2conv+wn,1-2-4-8,23749,175,4,0.9697,0.6591
Datensatz,ohne 3,3,tips6pos,50,,,2.00,6,10,2conv+wn,1-2-4-8,23749,175,4,0.9394,0.6818
Datensatz,ohne 3,3,tips6pos,50,,,2.00,7,10,2conv+wn,1-2-4-8,23749,175,4,0.9091,0.6818
Datensatz,ohne 3,3,tips6pos,50,,,2.00,8,10,2conv+wn,1-2-4-8,23749,175,4,0.9697,0.6818
Datensatz,ohne 3,3,tips6pos,50,,,2.00,9,10,2conv+wn,1-2-4-8,23749,175,4,0.9697,0.6818
Datensatz,ohne 3,3,tips6pos,75,,,3.00,0,10,2conv+wn,1-2-4-8,23749,175,4,0.9394,0.6818
Datensatz,ohne 3,3,tips6pos,75,,,3.00,1,10,2conv+wn,1-2-4-8,23749,175,4,0.9697,0.6818
Datensatz,ohne 3,3,tips6pos,75,,,3.00,2,10,2conv+wn,1-2-4-8,23749,175,4,0.9394,0.6591
Datensatz,ohne 3,3,tips6pos,75,,,3.00,3,10,2conv+wn,1-2-4-8,23749,175,4,0.9394,0.6364
Datensatz,ohne 3,3,tips6pos,75,,,3.00,4,10,2conv+wn,1-2-4-8,23749,175,4,0.9394,0.6818
Datensatz,ohne 3,3,tips6pos,75,,,3.00,5,10,2conv+wn,1-2-4-8,23749,175,4,0.9091,0.6591
Datensatz,ohne 3,3,tips6pos,75,,,3.00,6,10,2conv+wn,1-2-4-8,23749,175,4,0.9394,0.6591
Datensatz,ohne 3,3,tips6pos,75,,,3.00,7,10,2conv+wn,1-2-4-8,23749,175,4,0.9697,0.6818
Datensatz,ohne 3,3,tips6pos,75,,,3.00,8,10,2conv+wn,1-2-4-8,23749,175,4,1.0000,0.6818
Datensatz,ohne 3,3,tips6pos,75,,,3.00,9,10,2conv+wn,1-2-4-8,23749,175,4,0.9394,0.6364
Datensatz,ohne 3,3,tips6pos,100,,,4.00,0,10,2conv+wn,1-2-4-8,23749,175,3,0.9697,0.6818
Datensatz,ohne 3,3,tips6pos,100,,,4.00,1,10,2conv+wn,1-2-4-8,23749,175,3,0.9697,0.6591
Datensatz,ohne 3,3,tips6pos,100,,,4.00,2,10,2conv+wn,1-2-4-8,23749,175,3,0.9394,0.6364
Datensatz,ohne 3,3,tips6pos,100,,,4.00,3,10,2conv+wn,1-2-4-8,23749,175,3,0.9091,0.6364
Datensatz,ohne 3,3,tips6pos,100,,,4.00,4,10,2conv+wn,1-2-4-8,23749,175,3,0.9394,0.6591
Datensatz,ohne 3,3,tips6pos,100,,,4.00,5,10,2conv+wn,1-2-4-8,23749,175,3,0.9697,0.7500
Datensatz,ohne 3,3,tips6pos,100,,,4.00,6,10,2conv+wn,1-2-4-8,23749,175,3,0.9697,0.6818
Datensatz,ohne 3,3,tips6pos,100,,,4.00,7,10,2conv+wn,1-2-4-8,23749,175,3,0.9394,0.7045
Datensatz,ohne 3,3,tips6pos,100,,,4.00,8,10,2conv+wn,1-2-4-8,23749,175,3,0.9394,0.6591
Datensatz,ohne 3,3,tips6pos,100,,,4.00,9,10,2conv+wn,1-2-4-8,23749,175,3,0.9091,0.6136
Datensatz,ohne 3,3,tips6pos,125,,,5.00,0,10,2conv+wn,1-2-4-8,23749,175,3,1.0000,0.6364
Datensatz,ohne 3,3,tips6pos,125,,,5.00,1,10,2conv+wn,1-2-4-8,23749,175,3,0.9697,0.7045
Datensatz,ohne 3,3,tips6pos,125,,,5.00,2,10,2conv+wn,1-2-4-8,23749,175,3,0.9394,0.6364
Datensatz,ohne 3,3,tips6pos,125,,,5.00,3,10,2conv+wn,1-2-4-8,23749,175,3,0.9394,0.6364
Datensatz,ohne 3,3,tips6pos,125,,,5.00,4,10,2conv+wn,1-2-4-8,23749,175,3,0.9394,0.6364
Datensatz,ohne 3,3,tips6pos,125,,,5.00,5,10,2conv+wn,1-2-4-8,23749,175,3,0.9091,0.6818
Datensatz,ohne 3,3,tips6pos,125,,,5.00,6,10,2conv+wn,1-2-4-8,23749,175,3,1.0000,0.6818
Datensatz,ohne 3,3,tips6pos,125,,,5.00,7,10,2conv+wn,1-2-4-8,23749,175,3,0.9394,0.6591
Datensatz,ohne 3,3,tips6pos,125,,,5.00,8,10,2conv+wn,1-2-4-8,23749,175,3,0.9394,0.6364
Datensatz,ohne 3,3,tips6pos,125,,,5.00,9,10,2conv+wn,1-2-4-8,23749,175,3,0.9394,0.6136
Datensatz,ohne 3,3,TCN->TCN,25,10,25,1.40,0,10,2conv+wn,1-2-4-8,67977,175,23,0.8485,0.5227
Datensatz,ohne 3,3,TCN->TCN,25,10,25,1.40,1,10,2conv+wn,1-2-4-8,67977,175,22,0.7576,0.5227
Datensatz,ohne 3,3,TCN->TCN,25,10,25,1.40,2,10,2conv+wn,1-2-4-8,67977,175,21,0.9091,0.6591
Datensatz,ohne 3,3,TCN->TCN,25,10,25,1.40,3,10,2conv+wn,1-2-4-8,67977,175,21,0.8485,0.6136
Datensatz,ohne 3,3,TCN->TCN,25,10,25,1.40,4,10,2conv+wn,1-2-4-8,67977,175,21,0.9091,0.6364
Datensatz,ohne 3,3,TCN->TCN,25,10,25,1.40,5,10,2conv+wn,1-2-4-8,67977,175,20,0.7576,0.4773
Datensatz,ohne 3,3,TCN->TCN,25,10,25,1.40,6,10,2conv+wn,1-2-4-8,67977,175,21,0.9394,0.5909
Datensatz,ohne 3,3,TCN->TCN,25,10,25,1.40,7,10,2conv+wn,1-2-4-8,67977,175,21,0.8182,0.6136
Datensatz,ohne 3,3,TCN->TCN,25,10,25,1.40,8,10,2conv+wn,1-2-4-8,67977,175,21,0.7879,0.5455
Datensatz,ohne 3,3,TCN->TCN,25,10,25,1.40,9,10,2conv+wn,1-2-4-8,67977,175,21,0.8788,0.6136
Datensatz,ohne 3,3,TCN->TCN,50,10,50,2.40,0,10,2conv+wn,1-2-4-8,67977,175,19,0.9697,0.6136
Datensatz,ohne 3,3,TCN->TCN,50,10,50,2.40,1,10,2conv+wn,1-2-4-8,67977,175,19,1.0000,0.6136
Datensatz,ohne 3,3,TCN->TCN,50,10,50,2.40,2,10,2conv+wn,1-2-4-8,67977,175,19,0.9394,0.7273
Datensatz,ohne 3,3,TCN->TCN,50,10,50,2.40,3,10,2conv+wn,1-2-4-8,67977,175,21,0.9394,0.5000
Datensatz,ohne 3,3,TCN->TCN,50,10,50,2.40,4,10,2conv+wn,1-2-4-8,67977,175,21,0.9394,0.6364
Datensatz,ohne 3,3,TCN->TCN,50,10,50,2.40,5,10,2conv+wn,1-2-4-8,67977,175,20,0.8788,0.5227
Datensatz,ohne 3,3,TCN->TCN,50,10,50,2.40,6,10,2conv+wn,1-2-4-8,67977,175,20,1.0000,0.6364
Datensatz,ohne 3,3,TCN->TCN,50,10,50,2.40,7,10,2conv+wn,1-2-4-8,67977,175,19,0.9394,0.5455
Datensatz,ohne 3,3,TCN->TCN,50,10,50,2.40,8,10,2conv+wn,1-2-4-8,67977,175,19,0.9394,0.5227
Datensatz,ohne 3,3,TCN->TCN,50,10,50,2.40,9,10,2conv+wn,1-2-4-8,67977,175,20,1.0000,0.4773
Datensatz,ohne 3,3,TCN->TCN,75,10,75,3.40,0,10,2conv+wn,1-2-4-8,67977,175,19,1.0000,0.5455
Datensatz,ohne 3,3,TCN->TCN,75,10,75,3.40,1,10,2conv+wn,1-2-4-8,67977,175,18,0.9697,0.6364
Datensatz,ohne 3,3,TCN->TCN,75,10,75,3.40,2,10,2conv+wn,1-2-4-8,67977,175,18,1.0000,0.5455
Datensatz,ohne 3,3,TCN->TCN,75,10,75,3.40,3,10,2conv+wn,1-2-4-8,67977,175,18,1.0000,0.5682
Datensatz,ohne 3,3,TCN->TCN,75,10,75,3.40,4,10,2conv+wn,1-2-4-8,67977,175,18,1.0000,0.5682
Datensatz,ohne 3,3,TCN->TCN,75,10,75,3.40,5,10,2conv+wn,1-2-4-8,67977,175,18,0.9697,0.4773
Datensatz,ohne 3,3,TCN->TCN,75,10,75,3.40,6,10,2conv+wn,1-2-4-8,67977,175,20,1.0000,0.5682
Datensatz,ohne 3,3,TCN->TCN,75,10,75,3.40,7,10,2conv+wn,1-2-4-8,67977,175,19,0.9394,0.7045
Datensatz,ohne 3,3,TCN->TCN,75,10,75,3.40,8,10,2conv+wn,1-2-4-8,67977,175,18,0.9697,0.5682
Datensatz,ohne 3,3,TCN->TCN,75,10,75,3.40,9,10,2conv+wn,1-2-4-8,67977,175,18,0.9697,0.5227
Datensatz,ohne 3,3,TCN->TCN,100,10,100,4.40,0,10,2conv+wn,1-2-4-8,67977,175,18,1.0000,0.5227
Datensatz,ohne 3,3,TCN->TCN,100,10,100,4.40,1,10,2conv+wn,1-2-4-8,67977,175,18,0.9091,0.5682
Datensatz,ohne 3,3,TCN->TCN,100,10,100,4.40,2,10,2conv+wn,1-2-4-8,67977,175,18,0.9394,0.4545
Datensatz,ohne 3,3,TCN->TCN,100,10,100,4.40,3,10,2conv+wn,1-2-4-8,67977,175,18,0.9697,0.5682
Datensatz,ohne 3,3,TCN->TCN,100,10,100,4.40,4,10,2conv+wn,1-2-4-8,67977,175,18,1.0000,0.6591
Datensatz,ohne 3,3,TCN->TCN,100,10,100,4.40,5,10,2conv+wn,1-2-4-8,67977,175,18,0.9394,0.4545
Datensatz,ohne 3,3,TCN->TCN,100,10,100,4.40,6,10,2conv+wn,1-2-4-8,67977,175,18,0.9697,0.6364
Datensatz,ohne 3,3,TCN->TCN,100,10,100,4.40,7,10,2conv+wn,1-2-4-8,67977,175,19,0.9394,0.6136
Datensatz,ohne 3,3,TCN->TCN,100,10,100,4.40,8,10,2conv+wn,1-2-4-8,67977,175,20,0.9697,0.6591
Datensatz,ohne 3,3,TCN->TCN,100,10,100,4.40,9,10,2conv+wn,1-2-4-8,67977,175,19,0.9697,0.5909
Datensatz,ohne 3,3,TCN->TCN,125,10,125,5.40,0,10,2conv+wn,1-2-4-8,67977,175,17,1.0000,0.5909
Datensatz,ohne 3,3,TCN->TCN,125,10,125,5.40,1,10,2conv+wn,1-2-4-8,67977,175,20,0.9394,0.7045
Datensatz,ohne 3,3,TCN->TCN,125,10,125,5.40,2,10,2conv+wn,1-2-4-8,67977,175,20,0.9697,0.6136
Datensatz,ohne 3,3,TCN->TCN,125,10,125,5.40,3,10,2conv+wn,1-2-4-8,67977,175,19,1.0000,0.5682
Datensatz,ohne 3,3,TCN->TCN,125,10,125,5.40,4,10,2conv+wn,1-2-4-8,67977,175,20,0.9697,0.6136
Datensatz,ohne 3,3,TCN->TCN,125,10,125,5.40,5,10,2conv+wn,1-2-4-8,67977,175,22,0.9697,0.5682
Datensatz,ohne 3,3,TCN->TCN,125,10,125,5.40,6,10,2conv+wn,1-2-4-8,67977,175,22,0.9697,0.6136
Datensatz,ohne 3,3,TCN->TCN,125,10,125,5.40,7,10,2conv+wn,1-2-4-8,67977,175,25,0.9091,0.6818
Datensatz,ohne 3,3,TCN->TCN,125,10,125,5.40,8,10,2conv+wn,1-2-4-8,67977,175,19,0.9091,0.5682
Datensatz,ohne 3,3,TCN->TCN,125,10,125,5.40,9,10,2conv+wn,1-2-4-8,67977,175,19,0.9394,0.7273
Datensatz,ohne 3,3,TCN->TCN,150,10,150,6.40,0,10,2conv+wn,1-2-4-8,67977,175,19,0.9394,0.6818
Datensatz,ohne 3,3,TCN->TCN,150,10,150,6.40,1,10,2conv+wn,1-2-4-8,67977,175,19,0.9697,0.5682
Datensatz,ohne 3,3,TCN->TCN,150,10,150,6.40,2,10,2conv+wn,1-2-4-8,67977,175,19,0.9697,0.7045
Datensatz,ohne 3,3,TCN->TCN,150,10,150,6.40,3,10,2conv+wn,1-2-4-8,67977,175,19,0.9394,0.6591
Datensatz,ohne 3,3,TCN->TCN,150,10,150,6.40,4,10,2conv+wn,1-2-4-8,67977,175,19,0.9091,0.5682
Datensatz,ohne 3,3,TCN->TCN,150,10,150,6.40,5,10,2conv+wn,1-2-4-8,67977,175,19,0.9697,0.7273
Datensatz,ohne 3,3,TCN->TCN,150,10,150,6.40,6,10,2conv+wn,1-2-4-8,67977,175,19,0.9394,0.6136
Datensatz,ohne 3,3,TCN->TCN,150,10,150,6.40,7,10,2conv+wn,1-2-4-8,67977,175,19,0.9091,0.5682
Datensatz,ohne 3,3,TCN->TCN,150,10,150,6.40,8,10,2conv+wn,1-2-4-8,67977,175,19,0.9697,0.5227
Datensatz,ohne 3,3,TCN->TCN,150,10,150,6.40,9,10,2conv+wn,1-2-4-8,67977,175,19,0.9394,0.5682
Datensatz,ohne 3,3,TCN->TCN,175,10,175,7.40,0,10,2conv+wn,1-2-4-8,67977,175,19,0.9394,0.5455
Datensatz,ohne 3,3,TCN->TCN,175,10,175,7.40,1,10,2conv+wn,1-2-4-8,67977,175,20,0.8485,0.7273
Datensatz,ohne 3,3,TCN->TCN,175,10,175,7.40,2,10,2conv+wn,1-2-4-8,67977,175,20,0.9697,0.7045
Datensatz,ohne 3,3,TCN->TCN,175,10,175,7.40,3,10,2conv+wn,1-2-4-8,67977,175,25,0.9394,0.5682
Datensatz,ohne 3,3,TCN->TCN,175,10,175,7.40,4,10,2conv+wn,1-2-4-8,67977,175,22,0.9091,0.6591
Datensatz,ohne 3,3,TCN->TCN,175,10,175,7.40,5,10,2conv+wn,1-2-4-8,67977,175,22,0.9697,0.5455
Datensatz,ohne 3,3,TCN->TCN,175,10,175,7.40,6,10,2conv+wn,1-2-4-8,67977,175,29,0.9091,0.7500
Datensatz,ohne 3,3,TCN->TCN,175,10,175,7.40,7,10,2conv+wn,1-2-4-8,67977,175,30,0.9091,0.6364
Datensatz,ohne 3,3,TCN->TCN,175,10,175,7.40,8,10,2conv+wn,1-2-4-8,67977,175,22,0.9394,0.5227
Datensatz,ohne 3,3,TCN->TCN,175,10,175,7.40,9,10,2conv+wn,1-2-4-8,67977,175,20,0.9394,0.5909
Datensatz,ohne 3,3,TCN->TCN,25,25,25,2.00,0,10,2conv+wn,1-2-4-8,67977,175,18,0.9697,0.5909
Datensatz,ohne 3,3,TCN->TCN,25,25,25,2.00,1,10,2conv+wn,1-2-4-8,67977,175,18,1.0000,0.5682
Datensatz,ohne 3,3,TCN->TCN,25,25,25,2.00,2,10,2conv+wn,1-2-4-8,67977,175,18,1.0000,0.6364
Datensatz,ohne 3,3,TCN->TCN,25,25,25,2.00,3,10,2conv+wn,1-2-4-8,67977,175,18,0.8182,0.5000
Datensatz,ohne 3,3,TCN->TCN,25,25,25,2.00,4,10,2conv+wn,1-2-4-8,67977,175,18,0.8788,0.5682
Datensatz,ohne 3,3,TCN->TCN,25,25,25,2.00,5,10,2conv+wn,1-2-4-8,67977,175,18,0.9394,0.5455
Datensatz,ohne 3,3,TCN->TCN,25,25,25,2.00,6,10,2conv+wn,1-2-4-8,67977,175,18,1.0000,0.5909
Datensatz,ohne 3,3,TCN->TCN,25,25,25,2.00,7,10,2conv+wn,1-2-4-8,67977,175,18,0.8788,0.5000
Datensatz,ohne 3,3,TCN->TCN,25,25,25,2.00,8,10,2conv+wn,1-2-4-8,67977,175,17,1.0000,0.5682
Datensatz,ohne 3,3,TCN->TCN,25,25,25,2.00,9,10,2conv+wn,1-2-4-8,67977,175,17,1.0000,0.5909
Datensatz,ohne 3,3,TCN->TCN,50,25,50,3.00,0,10,2conv+wn,1-2-4-8,67977,175,15,1.0000,0.6364
Datensatz,ohne 3,3,TCN->TCN,50,25,50,3.00,1,10,2conv+wn,1-2-4-8,67977,175,15,1.0000,0.6591
Datensatz,ohne 3,3,TCN->TCN,50,25,50,3.00,2,10,2conv+wn,1-2-4-8,67977,175,15,1.0000,0.6591
Datensatz,ohne 3,3,TCN->TCN,50,25,50,3.00,3,10,2conv+wn,1-2-4-8,67977,175,15,1.0000,0.5455
Datensatz,ohne 3,3,TCN->TCN,50,25,50,3.00,4,10,2conv+wn,1-2-4-8,67977,175,15,1.0000,0.6136
Datensatz,ohne 3,3,TCN->TCN,50,25,50,3.00,5,10,2conv+wn,1-2-4-8,67977,175,15,1.0000,0.6364
Datensatz,ohne 3,3,TCN->TCN,50,25,50,3.00,6,10,2conv+wn,1-2-4-8,67977,175,15,1.0000,0.6136
Datensatz,ohne 3,3,TCN->TCN,50,25,50,3.00,7,10,2conv+wn,1-2-4-8,67977,175,15,1.0000,0.7273
Datensatz,ohne 3,3,TCN->TCN,50,25,50,3.00,8,10,2conv+wn,1-2-4-8,67977,175,15,1.0000,0.6818
Datensatz,ohne 3,3,TCN->TCN,50,25,50,3.00,9,10,2conv+wn,1-2-4-8,67977,175,15,1.0000,0.7500
Datensatz,ohne 3,3,TCN->TCN,75,25,75,4.00,0,10,2conv+wn,1-2-4-8,67977,175,15,1.0000,0.6818
Datensatz,ohne 3,3,TCN->TCN,75,25,75,4.00,1,10,2conv+wn,1-2-4-8,67977,175,15,0.9697,0.7045
Datensatz,ohne 3,3,TCN->TCN,75,25,75,4.00,2,10,2conv+wn,1-2-4-8,67977,175,15,1.0000,0.7273
Datensatz,ohne 3,3,TCN->TCN,75,25,75,4.00,3,10,2conv+wn,1-2-4-8,67977,175,13,1.0000,0.7273
Datensatz,ohne 3,3,TCN->TCN,75,25,75,4.00,4,10,2conv+wn,1-2-4-8,67977,175,13,0.9091,0.7500
Datensatz,ohne 3,3,TCN->TCN,75,25,75,4.00,5,10,2conv+wn,1-2-4-8,67977,175,14,1.0000,0.6364
Datensatz,ohne 3,3,TCN->TCN,75,25,75,4.00,6,10,2conv+wn,1-2-4-8,67977,175,15,1.0000,0.6136
Datensatz,ohne 3,3,TCN->TCN,75,25,75,4.00,7,10,2conv+wn,1-2-4-8,67977,175,15,1.0000,0.6136
Datensatz,ohne 3,3,TCN->TCN,75,25,75,4.00,8,10,2conv+wn,1-2-4-8,67977,175,15,1.0000,0.6591
Datensatz,ohne 3,3,TCN->TCN,75,25,75,4.00,9,10,2conv+wn,1-2-4-8,67977,175,14,0.9394,0.6364
Datensatz,ohne 3,3,TCN->TCN,100,25,100,5.00,0,10,2conv+wn,1-2-4-8,67977,175,14,0.9697,0.7500
Datensatz,ohne 3,3,TCN->TCN,100,25,100,5.00,1,10,2conv+wn,1-2-4-8,67977,175,14,0.9697,0.7500
Datensatz,ohne 3,3,TCN->TCN,100,25,100,5.00,2,10,2conv+wn,1-2-4-8,67977,175,15,1.0000,0.7273
Datensatz,ohne 3,3,TCN->TCN,100,25,100,5.00,3,10,2conv+wn,1-2-4-8,67977,175,14,0.9394,0.7045
Datensatz,ohne 3,3,TCN->TCN,100,25,100,5.00,4,10,2conv+wn,1-2-4-8,67977,175,14,0.9697,0.7500
Datensatz,ohne 3,3,TCN->TCN,100,25,100,5.00,5,10,2conv+wn,1-2-4-8,67977,175,14,1.0000,0.7273
Datensatz,ohne 3,3,TCN->TCN,100,25,100,5.00,6,10,2conv+wn,1-2-4-8,67977,175,15,1.0000,0.7500
Datensatz,ohne 3,3,TCN->TCN,100,25,100,5.00,7,10,2conv+wn,1-2-4-8,67977,175,15,1.0000,0.6591
Datensatz,ohne 3,3,TCN->TCN,100,25,100,5.00,8,10,2conv+wn,1-2-4-8,67977,175,15,0.9697,0.6818
Datensatz,ohne 3,3,TCN->TCN,100,25,100,5.00,9,10,2conv+wn,1-2-4-8,67977,175,14,1.0000,0.7727
Datensatz,ohne 3,3,TCN->TCN,125,25,125,6.00,0,10,2conv+wn,1-2-4-8,67977,175,14,1.0000,0.7727
Datensatz,ohne 3,3,TCN->TCN,125,25,125,6.00,1,10,2conv+wn,1-2-4-8,67977,175,14,0.9697,0.7273
Datensatz,ohne 3,3,TCN->TCN,125,25,125,6.00,2,10,2conv+wn,1-2-4-8,67977,175,14,0.9697,0.7727
Datensatz,ohne 3,3,TCN->TCN,125,25,125,6.00,3,10,2conv+wn,1-2-4-8,67977,175,14,1.0000,0.6364
Datensatz,ohne 3,3,TCN->TCN,125,25,125,6.00,4,10,2conv+wn,1-2-4-8,67977,175,14,0.9697,0.7500
Datensatz,ohne 3,3,TCN->TCN,125,25,125,6.00,5,10,2conv+wn,1-2-4-8,67977,175,14,1.0000,0.7500
Datensatz,ohne 3,3,TCN->TCN,125,25,125,6.00,6,10,2conv+wn,1-2-4-8,67977,175,14,0.9697,0.7727
Datensatz,ohne 3,3,TCN->TCN,125,25,125,6.00,7,10,2conv+wn,1-2-4-8,67977,175,14,1.0000,0.7045
Datensatz,ohne 3,3,TCN->TCN,125,25,125,6.00,8,10,2conv+wn,1-2-4-8,67977,175,14,0.9697,0.7500
Datensatz,ohne 3,3,TCN->TCN,125,25,125,6.00,9,10,2conv+wn,1-2-4-8,67977,175,13,1.0000,0.7500
Datensatz,ohne 3,3,TCN->TCN,150,25,150,7.00,0,10,2conv+wn,1-2-4-8,67977,175,13,1.0000,0.7500
Datensatz,ohne 3,3,TCN->TCN,150,25,150,7.00,1,10,2conv+wn,1-2-4-8,67977,175,13,0.9697,0.7045
Datensatz,ohne 3,3,TCN->TCN,150,25,150,7.00,2,10,2conv+wn,1-2-4-8,67977,175,13,1.0000,0.7955
Datensatz,ohne 3,3,TCN->TCN,150,25,150,7.00,3,10,2conv+wn,1-2-4-8,67977,175,13,0.9697,0.7045
Datensatz,ohne 3,3,TCN->TCN,150,25,150,7.00,4,10,2conv+wn,1-2-4-8,67977,175,13,0.9697,0.8182
Datensatz,ohne 3,3,TCN->TCN,150,25,150,7.00,5,10,2conv+wn,1-2-4-8,67977,175,13,1.0000,0.7500
Datensatz,ohne 3,3,TCN->TCN,150,25,150,7.00,6,10,2conv+wn,1-2-4-8,67977,175,13,1.0000,0.7045
Datensatz,ohne 3,3,TCN->TCN,150,25,150,7.00,7,10,2conv+wn,1-2-4-8,67977,175,13,0.9697,0.7500
Datensatz,ohne 3,3,TCN->TCN,150,25,150,7.00,8,10,2conv+wn,1-2-4-8,67977,175,13,1.0000,0.7500
Datensatz,ohne 3,3,TCN->TCN,150,25,150,7.00,9,10,2conv+wn,1-2-4-8,67977,175,13,1.0000,0.7045
Datensatz,ohne 3,3,TCN->TCN,175,25,175,8.00,0,10,2conv+wn,1-2-4-8,67977,175,13,1.0000,0.7955
Datensatz,ohne 3,3,TCN->TCN,175,25,175,8.00,1,10,2conv+wn,1-2-4-8,67977,175,13,0.9394,0.6591
Datensatz,ohne 3,3,TCN->TCN,175,25,175,8.00,2,10,2conv+wn,1-2-4-8,67977,175,13,1.0000,0.8182
Datensatz,ohne 3,3,TCN->TCN,175,25,175,8.00,3,10,2conv+wn,1-2-4-8,67977,175,13,0.9091,0.7273
Datensatz,ohne 3,3,TCN->TCN,175,25,175,8.00,4,10,2conv+wn,1-2-4-8,67977,175,13,0.9697,0.8409
Datensatz,ohne 3,3,TCN->TCN,175,25,175,8.00,5,10,2conv+wn,1-2-4-8,67977,175,13,0.9697,0.7500
Datensatz,ohne 3,3,TCN->TCN,175,25,175,8.00,6,10,2conv+wn,1-2-4-8,67977,175,13,0.9697,0.6818
Datensatz,ohne 3,3,TCN->TCN,175,25,175,8.00,7,10,2conv+wn,1-2-4-8,67977,175,13,1.0000,0.7045
Datensatz,ohne 3,3,TCN->TCN,175,25,175,8.00,8,10,2conv+wn,1-2-4-8,67977,175,13,0.9091,0.7955
Datensatz,ohne 3,3,TCN->TCN,175,25,175,8.00,9,10,2conv+wn,1-2-4-8,67977,175,13,1.0000,0.7500
Datensatz,ohne 3,3,TCN->TCN,25,50,25,3.00,0,10,2conv+wn,1-2-4-8,67977,175,12,1.0000,0.7955
Datensatz,ohne 3,3,TCN->TCN,25,50,25,3.00,1,10,2conv+wn,1-2-4-8,67977,175,12,0.9091,0.6818
Datensatz,ohne 3,3,TCN->TCN,25,50,25,3.00,2,10,2conv+wn,1-2-4-8,67977,175,11,1.0000,0.6818
Datensatz,ohne 3,3,TCN->TCN,25,50,25,3.00,3,10,2conv+wn,1-2-4-8,67977,175,11,1.0000,0.7500
Datensatz,ohne 3,3,TCN->TCN,25,50,25,3.00,4,10,2conv+wn,1-2-4-8,67977,175,11,1.0000,0.7500
Datensatz,ohne 3,3,TCN->TCN,25,50,25,3.00,5,10,2conv+wn,1-2-4-8,67977,175,11,0.9394,0.6591
Datensatz,ohne 3,3,TCN->TCN,25,50,25,3.00,6,10,2conv+wn,1-2-4-8,67977,175,11,0.9394,0.7273
Datensatz,ohne 3,3,TCN->TCN,25,50,25,3.00,7,10,2conv+wn,1-2-4-8,67977,175,11,1.0000,0.7045
Datensatz,ohne 3,3,TCN->TCN,25,50,25,3.00,8,10,2conv+wn,1-2-4-8,67977,175,11,0.8788,0.6136
Datensatz,ohne 3,3,TCN->TCN,25,50,25,3.00,9,10,2conv+wn,1-2-4-8,67977,175,12,0.8788,0.6364
Datensatz,ohne 3,3,TCN->TCN,50,50,50,4.00,0,10,2conv+wn,1-2-4-8,67977,175,11,1.0000,0.8636
Datensatz,ohne 3,3,TCN->TCN,50,50,50,4.00,1,10,2conv+wn,1-2-4-8,67977,175,12,0.9697,0.8409
Datensatz,ohne 3,3,TCN->TCN,50,50,50,4.00,2,10,2conv+wn,1-2-4-8,67977,175,11,1.0000,0.8636
Datensatz,ohne 3,3,TCN->TCN,50,50,50,4.00,3,10,2conv+wn,1-2-4-8,67977,175,9,1.0000,0.7955
Datensatz,ohne 3,3,TCN->TCN,50,50,50,4.00,4,10,2conv+wn,1-2-4-8,67977,175,9,0.9697,0.7727
Datensatz,ohne 3,3,TCN->TCN,50,50,50,4.00,5,10,2conv+wn,1-2-4-8,67977,175,9,0.9697,0.7500
Datensatz,ohne 3,3,TCN->TCN,50,50,50,4.00,6,10,2conv+wn,1-2-4-8,67977,175,9,1.0000,0.7727
Datensatz,ohne 3,3,TCN->TCN,50,50,50,4.00,7,10,2conv+wn,1-2-4-8,67977,175,9,0.9697,0.7727
Datensatz,ohne 3,3,TCN->TCN,50,50,50,4.00,8,10,2conv+wn,1-2-4-8,67977,175,9,0.9697,0.7727
Datensatz,ohne 3,3,TCN->TCN,50,50,50,4.00,9,10,2conv+wn,1-2-4-8,67977,175,9,1.0000,0.7273
Datensatz,ohne 3,3,TCN->TCN,75,50,75,5.00,0,10,2conv+wn,1-2-4-8,67977,175,9,0.9697,0.8409
Datensatz,ohne 3,3,TCN->TCN,75,50,75,5.00,1,10,2conv+wn,1-2-4-8,67977,175,9,0.9697,0.8409
Datensatz,ohne 3,3,TCN->TCN,75,50,75,5.00,2,10,2conv+wn,1-2-4-8,67977,175,9,1.0000,0.7727
Datensatz,ohne 3,3,TCN->TCN,75,50,75,5.00,3,10,2conv+wn,1-2-4-8,67977,175,9,1.0000,0.8409
Datensatz,ohne 3,3,TCN->TCN,75,50,75,5.00,4,10,2conv+wn,1-2-4-8,67977,175,9,0.9697,0.7500
Datensatz,ohne 3,3,TCN->TCN,75,50,75,5.00,5,10,2conv+wn,1-2-4-8,67977,175,9,0.9697,0.7273
Datensatz,ohne 3,3,TCN->TCN,75,50,75,5.00,6,10,2conv+wn,1-2-4-8,67977,175,9,0.9697,0.7500
Datensatz,ohne 3,3,TCN->TCN,75,50,75,5.00,7,10,2conv+wn,1-2-4-8,67977,175,9,0.9697,0.7273
Datensatz,ohne 3,3,TCN->TCN,75,50,75,5.00,8,10,2conv+wn,1-2-4-8,67977,175,9,0.9697,0.7955
Datensatz,ohne 3,3,TCN->TCN,75,50,75,5.00,9,10,2conv+wn,1-2-4-8,67977,175,9,1.0000,0.7500
Datensatz,ohne 3,3,TCN->TCN,100,50,100,6.00,0,10,2conv+wn,1-2-4-8,67977,175,9,0.9697,0.7727
Datensatz,ohne 3,3,TCN->TCN,100,50,100,6.00,1,10,2conv+wn,1-2-4-8,67977,175,9,0.9697,0.8409
Datensatz,ohne 3,3,TCN->TCN,100,50,100,6.00,2,10,2conv+wn,1-2-4-8,67977,175,9,1.0000,0.7045
Datensatz,ohne 3,3,TCN->TCN,100,50,100,6.00,3,10,2conv+wn,1-2-4-8,67977,175,8,0.9697,0.8182
Datensatz,ohne 3,3,TCN->TCN,100,50,100,6.00,4,10,2conv+wn,1-2-4-8,67977,175,9,0.9697,0.7500
Datensatz,ohne 3,3,TCN->TCN,100,50,100,6.00,5,10,2conv+wn,1-2-4-8,67977,175,9,1.0000,0.7500
Datensatz,ohne 3,3,TCN->TCN,100,50,100,6.00,6,10,2conv+wn,1-2-4-8,67977,175,9,1.0000,0.7727
Datensatz,ohne 3,3,TCN->TCN,100,50,100,6.00,7,10,2conv+wn,1-2-4-8,67977,175,9,1.0000,0.7273
Datensatz,ohne 3,3,TCN->TCN,100,50,100,6.00,8,10,2conv+wn,1-2-4-8,67977,175,9,0.9697,0.8182
Datensatz,ohne 3,3,TCN->TCN,100,50,100,6.00,9,10,2conv+wn,1-2-4-8,67977,175,8,1.0000,0.8182
Datensatz,ohne 3,3,TCN->TCN,125,50,125,7.00,0,10,2conv+wn,1-2-4-8,67977,175,8,0.9697,0.7045
Datensatz,ohne 3,3,TCN->TCN,125,50,125,7.00,1,10,2conv+wn,1-2-4-8,67977,175,8,0.9697,0.7955
Datensatz,ohne 3,3,TCN->TCN,125,50,125,7.00,2,10,2conv+wn,1-2-4-8,67977,175,8,0.9697,0.7273
Datensatz,ohne 3,3,TCN->TCN,125,50,125,7.00,3,10,2conv+wn,1-2-4-8,67977,175,8,1.0000,0.7273
Datensatz,ohne 3,3,TCN->TCN,125,50,125,7.00,4,10,2conv+wn,1-2-4-8,67977,175,9,0.9697,0.7955
Datensatz,ohne 3,3,TCN->TCN,125,50,125,7.00,5,10,2conv+wn,1-2-4-8,67977,175,8,0.9697,0.6818
Datensatz,ohne 3,3,TCN->TCN,125,50,125,7.00,6,10,2conv+wn,1-2-4-8,67977,175,8,0.9394,0.7727
Datensatz,ohne 3,3,TCN->TCN,125,50,125,7.00,7,10,2conv+wn,1-2-4-8,67977,175,8,1.0000,0.7500
Datensatz,ohne 3,3,TCN->TCN,125,50,125,7.00,8,10,2conv+wn,1-2-4-8,67977,175,8,0.9697,0.7955
Datensatz,ohne 3,3,TCN->TCN,125,50,125,7.00,9,10,2conv+wn,1-2-4-8,67977,175,8,0.9697,0.7500
Datensatz,ohne 3,3,TCN->TCN,150,50,150,8.00,0,10,2conv+wn,1-2-4-8,67977,175,8,0.9697,0.6364
Datensatz,ohne 3,3,TCN->TCN,150,50,150,8.00,1,10,2conv+wn,1-2-4-8,67977,175,8,0.9697,0.7955
Datensatz,ohne 3,3,TCN->TCN,150,50,150,8.00,2,10,2conv+wn,1-2-4-8,67977,175,8,0.9697,0.7273
Datensatz,ohne 3,3,TCN->TCN,150,50,150,8.00,3,10,2conv+wn,1-2-4-8,67977,175,8,0.9697,0.8409
Datensatz,ohne 3,3,TCN->TCN,150,50,150,8.00,4,10,2conv+wn,1-2-4-8,67977,175,8,0.9697,0.8182
Datensatz,ohne 3,3,TCN->TCN,150,50,150,8.00,5,10,2conv+wn,1-2-4-8,67977,175,8,1.0000,0.6364
Datensatz,ohne 3,3,TCN->TCN,150,50,150,8.00,6,10,2conv+wn,1-2-4-8,67977,175,8,0.9697,0.6364
Datensatz,ohne 3,3,TCN->TCN,150,50,150,8.00,7,10,2conv+wn,1-2-4-8,67977,175,8,0.8788,0.7045
Datensatz,ohne 3,3,TCN->TCN,150,50,150,8.00,8,10,2conv+wn,1-2-4-8,67977,175,8,0.9697,0.7955
Datensatz,ohne 3,3,TCN->TCN,150,50,150,8.00,9,10,2conv+wn,1-2-4-8,67977,175,8,0.9697,0.7273
Datensatz,ohne 3,3,TCN->TCN,175,50,175,9.00,0,10,2conv+wn,1-2-4-8,67977,175,8,0.9697,0.6591
Datensatz,ohne 3,3,TCN->TCN,175,50,175,9.00,1,10,2conv+wn,1-2-4-8,67977,175,8,0.9697,0.7955
Datensatz,ohne 3,3,TCN->TCN,175,50,175,9.00,2,10,2conv+wn,1-2-4-8,67977,175,8,0.9697,0.7727
Datensatz,ohne 3,3,TCN->TCN,175,50,175,9.00,3,10,2conv+wn,1-2-4-8,67977,175,8,0.9697,0.7500
Datensatz,ohne 3,3,TCN->TCN,175,50,175,9.00,4,10,2conv+wn,1-2-4-8,67977,175,9,0.9697,0.8636
Datensatz,ohne 3,3,TCN->TCN,175,50,175,9.00,5,10,2conv+wn,1-2-4-8,67977,175,8,0.9697,0.7045
Datensatz,ohne 3,3,TCN->TCN,175,50,175,9.00,6,10,2conv+wn,1-2-4-8,67977,175,8,0.9697,0.7500
Datensatz,ohne 3,3,TCN->TCN,175,50,175,9.00,7,10,2conv+wn,1-2-4-8,67977,175,9,0.9091,0.6591
Datensatz,ohne 3,3,TCN->TCN,175,50,175,9.00,8,10,2conv+wn,1-2-4-8,67977,175,9,0.9091,0.8864
Datensatz,ohne 3,3,TCN->TCN,175,50,175,9.00,9,10,2conv+wn,1-2-4-8,67977,175,8,0.9697,0.7273
Datensatz,ohne 3,3,GCN->TCN,25,10,25,1.40,0,10,2conv+wn,1-2-4-8,79753,175,37,0.8485,0.5682
Datensatz,ohne 3,3,GCN->TCN,25,10,25,1.40,1,10,2conv+wn,1-2-4-8,79753,175,36,0.6970,0.5000
Datensatz,ohne 3,3,GCN->TCN,25,10,25,1.40,2,10,2conv+wn,1-2-4-8,79753,175,36,0.8788,0.6136
Datensatz,ohne 3,3,GCN->TCN,25,10,25,1.40,3,10,2conv+wn,1-2-4-8,79753,175,36,0.8485,0.5682
Datensatz,ohne 3,3,GCN->TCN,25,10,25,1.40,4,10,2conv+wn,1-2-4-8,79753,175,36,0.8182,0.5455
Datensatz,ohne 3,3,GCN->TCN,25,10,25,1.40,5,10,2conv+wn,1-2-4-8,79753,175,36,0.7576,0.5909
Datensatz,ohne 3,3,GCN->TCN,25,10,25,1.40,6,10,2conv+wn,1-2-4-8,79753,175,36,0.8485,0.5682
Datensatz,ohne 3,3,GCN->TCN,25,10,25,1.40,7,10,2conv+wn,1-2-4-8,79753,175,36,0.7879,0.5227
Datensatz,ohne 3,3,GCN->TCN,25,10,25,1.40,8,10,2conv+wn,1-2-4-8,79753,175,36,0.8485,0.6136
Datensatz,ohne 3,3,GCN->TCN,25,10,25,1.40,9,10,2conv+wn,1-2-4-8,79753,175,37,0.7576,0.5227
Datensatz,ohne 3,3,GCN->TCN,50,10,50,2.40,0,10,2conv+wn,1-2-4-8,79753,175,36,0.9697,0.7045
Datensatz,ohne 3,3,GCN->TCN,50,10,50,2.40,1,10,2conv+wn,1-2-4-8,79753,175,34,0.9697,0.6818
Datensatz,ohne 3,3,GCN->TCN,50,10,50,2.40,2,10,2conv+wn,1-2-4-8,79753,175,34,0.9394,0.6136
Datensatz,ohne 3,3,GCN->TCN,50,10,50,2.40,3,10,2conv+wn,1-2-4-8,79753,175,34,0.9394,0.5909
Datensatz,ohne 3,3,GCN->TCN,50,10,50,2.40,4,10,2conv+wn,1-2-4-8,79753,175,35,0.9394,0.7045
Datensatz,ohne 3,3,GCN->TCN,50,10,50,2.40,5,10,2conv+wn,1-2-4-8,79753,175,35,0.9697,0.5909
Datensatz,ohne 3,3,GCN->TCN,50,10,50,2.40,6,10,2conv+wn,1-2-4-8,79753,175,34,0.9394,0.6364
Datensatz,ohne 3,3,GCN->TCN,50,10,50,2.40,7,10,2conv+wn,1-2-4-8,79753,175,34,0.9394,0.6591
Datensatz,ohne 3,3,GCN->TCN,50,10,50,2.40,8,10,2conv+wn,1-2-4-8,79753,175,34,0.9697,0.6818
Datensatz,ohne 3,3,GCN->TCN,50,10,50,2.40,9,10,2conv+wn,1-2-4-8,79753,175,34,0.9394,0.6591
Datensatz,ohne 3,3,GCN->TCN,75,10,75,3.40,0,10,2conv+wn,1-2-4-8,79753,175,34,0.9394,0.6818
Datensatz,ohne 3,3,GCN->TCN,75,10,75,3.40,1,10,2conv+wn,1-2-4-8,79753,175,34,0.9394,0.6136
Datensatz,ohne 3,3,GCN->TCN,75,10,75,3.40,2,10,2conv+wn,1-2-4-8,79753,175,34,0.9091,0.5455
Datensatz,ohne 3,3,GCN->TCN,75,10,75,3.40,3,10,2conv+wn,1-2-4-8,79753,175,34,0.9394,0.4773
Datensatz,ohne 3,3,GCN->TCN,75,10,75,3.40,4,10,2conv+wn,1-2-4-8,79753,175,34,0.9697,0.6136
Datensatz,ohne 3,3,GCN->TCN,75,10,75,3.40,5,10,2conv+wn,1-2-4-8,79753,175,34,0.9697,0.5682
Datensatz,ohne 3,3,GCN->TCN,75,10,75,3.40,6,10,2conv+wn,1-2-4-8,79753,175,34,0.9394,0.6591
Datensatz,ohne 3,3,GCN->TCN,75,10,75,3.40,7,10,2conv+wn,1-2-4-8,79753,175,34,0.9394,0.6591
Datensatz,ohne 3,3,GCN->TCN,75,10,75,3.40,8,10,2conv+wn,1-2-4-8,79753,175,34,0.9394,0.7273
Datensatz,ohne 3,3,GCN->TCN,75,10,75,3.40,9,10,2conv+wn,1-2-4-8,79753,175,34,0.9394,0.5909
Datensatz,ohne 3,3,GCN->TCN,100,10,100,4.40,0,10,2conv+wn,1-2-4-8,79753,175,34,1.0000,0.6364
Datensatz,ohne 3,3,GCN->TCN,100,10,100,4.40,1,10,2conv+wn,1-2-4-8,79753,175,34,0.9394,0.5455
Datensatz,ohne 3,3,GCN->TCN,100,10,100,4.40,2,10,2conv+wn,1-2-4-8,79753,175,34,0.9091,0.5227
Datensatz,ohne 3,3,GCN->TCN,100,10,100,4.40,3,10,2conv+wn,1-2-4-8,79753,175,35,0.9394,0.5909
Datensatz,ohne 3,3,GCN->TCN,100,10,100,4.40,4,10,2conv+wn,1-2-4-8,79753,175,33,0.9394,0.6136
Datensatz,ohne 3,3,GCN->TCN,100,10,100,4.40,5,10,2conv+wn,1-2-4-8,79753,175,33,0.9697,0.5000
Datensatz,ohne 3,3,GCN->TCN,100,10,100,4.40,6,10,2conv+wn,1-2-4-8,79753,175,48,0.9091,0.6364
Datensatz,ohne 3,3,GCN->TCN,100,10,100,4.40,7,10,2conv+wn,1-2-4-8,79753,175,32,0.9091,0.6364
Datensatz,ohne 3,3,GCN->TCN,100,10,100,4.40,8,10,2conv+wn,1-2-4-8,79753,175,32,0.9394,0.6818
Datensatz,ohne 3,3,GCN->TCN,100,10,100,4.40,9,10,2conv+wn,1-2-4-8,79753,175,32,1.0000,0.5227
Datensatz,ohne 3,3,GCN->TCN,125,10,125,5.40,0,10,2conv+wn,1-2-4-8,79753,175,32,0.9697,0.6364
Datensatz,ohne 3,3,GCN->TCN,125,10,125,5.40,1,10,2conv+wn,1-2-4-8,79753,175,32,0.9091,0.5227
Datensatz,ohne 3,3,GCN->TCN,125,10,125,5.40,2,10,2conv+wn,1-2-4-8,79753,175,32,0.9091,0.5227
Datensatz,ohne 3,3,GCN->TCN,125,10,125,5.40,3,10,2conv+wn,1-2-4-8,79753,175,32,0.9394,0.5909
Datensatz,ohne 3,3,GCN->TCN,125,10,125,5.40,4,10,2conv+wn,1-2-4-8,79753,175,32,0.9091,0.5682
Datensatz,ohne 3,3,GCN->TCN,125,10,125,5.40,5,10,2conv+wn,1-2-4-8,79753,175,32,0.9091,0.6136
Datensatz,ohne 3,3,GCN->TCN,125,10,125,5.40,6,10,2conv+wn,1-2-4-8,79753,175,32,0.9091,0.5909
Datensatz,ohne 3,3,GCN->TCN,125,10,125,5.40,7,10,2conv+wn,1-2-4-8,79753,175,32,0.9394,0.6591
Datensatz,ohne 3,3,GCN->TCN,125,10,125,5.40,8,10,2conv+wn,1-2-4-8,79753,175,32,0.9394,0.6818
Datensatz,ohne 3,3,GCN->TCN,125,10,125,5.40,9,10,2conv+wn,1-2-4-8,79753,175,32,0.9091,0.5682
Datensatz,ohne 3,3,GCN->TCN,150,10,150,6.40,0,10,2conv+wn,1-2-4-8,79753,175,32,0.9697,0.5227
Datensatz,ohne 3,3,GCN->TCN,150,10,150,6.40,1,10,2conv+wn,1-2-4-8,79753,175,32,0.9394,0.5000
Datensatz,ohne 3,3,GCN->TCN,150,10,150,6.40,2,10,2conv+wn,1-2-4-8,79753,175,32,0.9091,0.5682
Datensatz,ohne 3,3,GCN->TCN,150,10,150,6.40,3,10,2conv+wn,1-2-4-8,79753,175,32,0.9091,0.5909
Datensatz,ohne 3,3,GCN->TCN,150,10,150,6.40,4,10,2conv+wn,1-2-4-8,79753,175,32,0.9394,0.5909
Datensatz,ohne 3,3,GCN->TCN,150,10,150,6.40,5,10,2conv+wn,1-2-4-8,79753,175,32,0.9394,0.5455
Datensatz,ohne 3,3,GCN->TCN,150,10,150,6.40,6,10,2conv+wn,1-2-4-8,79753,175,32,0.8788,0.5909
Datensatz,ohne 3,3,GCN->TCN,150,10,150,6.40,7,10,2conv+wn,1-2-4-8,79753,175,32,0.9394,0.6364
Datensatz,ohne 3,3,GCN->TCN,150,10,150,6.40,8,10,2conv+wn,1-2-4-8,79753,175,32,0.9394,0.5682
Datensatz,ohne 3,3,GCN->TCN,150,10,150,6.40,9,10,2conv+wn,1-2-4-8,79753,175,32,0.9394,0.5000
Datensatz,ohne 3,3,GCN->TCN,175,10,175,7.40,0,10,2conv+wn,1-2-4-8,79753,175,32,0.9697,0.6591
Datensatz,ohne 3,3,GCN->TCN,175,10,175,7.40,1,10,2conv+wn,1-2-4-8,79753,175,32,0.9091,0.5227
Datensatz,ohne 3,3,GCN->TCN,175,10,175,7.40,2,10,2conv+wn,1-2-4-8,79753,175,32,0.9091,0.5909
Datensatz,ohne 3,3,GCN->TCN,175,10,175,7.40,3,10,2conv+wn,1-2-4-8,79753,175,32,0.9091,0.5909
Datensatz,ohne 3,3,GCN->TCN,175,10,175,7.40,4,10,2conv+wn,1-2-4-8,79753,175,32,0.9394,0.6136
Datensatz,ohne 3,3,GCN->TCN,175,10,175,7.40,5,10,2conv+wn,1-2-4-8,79753,175,32,0.9394,0.5000
Datensatz,ohne 3,3,GCN->TCN,175,10,175,7.40,6,10,2conv+wn,1-2-4-8,79753,175,32,0.9091,0.5682
Datensatz,ohne 3,3,GCN->TCN,175,10,175,7.40,7,10,2conv+wn,1-2-4-8,79753,175,32,0.9394,0.6364
Datensatz,ohne 3,3,GCN->TCN,175,10,175,7.40,8,10,2conv+wn,1-2-4-8,79753,175,32,0.8788,0.6364
Datensatz,ohne 3,3,GCN->TCN,175,10,175,7.40,9,10,2conv+wn,1-2-4-8,79753,175,32,0.9091,0.5682
Datensatz,ohne 3,3,GCN->TCN,25,25,25,2.00,0,10,2conv+wn,1-2-4-8,79753,175,48,0.9394,0.5455
Datensatz,ohne 3,3,GCN->TCN,25,25,25,2.00,1,10,2conv+wn,1-2-4-8,79753,175,51,0.8788,0.5000
Datensatz,ohne 3,3,GCN->TCN,25,25,25,2.00,2,10,2conv+wn,1-2-4-8,79753,175,50,0.9394,0.4773
Datensatz,ohne 3,3,GCN->TCN,25,25,25,2.00,3,10,2conv+wn,1-2-4-8,79753,175,51,0.9091,0.5227
Datensatz,ohne 3,3,GCN->TCN,25,25,25,2.00,4,10,2conv+wn,1-2-4-8,79753,175,51,0.8788,0.5000
Datensatz,ohne 3,3,GCN->TCN,25,25,25,2.00,5,10,2conv+wn,1-2-4-8,79753,175,49,0.8788,0.4773
Datensatz,ohne 3,3,GCN->TCN,25,25,25,2.00,6,10,2conv+wn,1-2-4-8,79753,175,50,0.8788,0.4773
Datensatz,ohne 3,3,GCN->TCN,25,25,25,2.00,7,10,2conv+wn,1-2-4-8,79753,175,49,0.9091,0.5682
Datensatz,ohne 3,3,GCN->TCN,25,25,25,2.00,8,10,2conv+wn,1-2-4-8,79753,175,49,0.9091,0.5455
Datensatz,ohne 3,3,GCN->TCN,25,25,25,2.00,9,10,2conv+wn,1-2-4-8,79753,175,51,0.9394,0.5909
Datensatz,ohne 3,3,GCN->TCN,50,25,50,3.00,0,10,2conv+wn,1-2-4-8,79753,175,48,1.0000,0.5455
Datensatz,ohne 3,3,GCN->TCN,50,25,50,3.00,1,10,2conv+wn,1-2-4-8,79753,175,48,1.0000,0.5455
Datensatz,ohne 3,3,GCN->TCN,50,25,50,3.00,2,10,2conv+wn,1-2-4-8,79753,175,51,1.0000,0.5455
Datensatz,ohne 3,3,GCN->TCN,50,25,50,3.00,3,10,2conv+wn,1-2-4-8,79753,175,50,1.0000,0.5909
Datensatz,ohne 3,3,GCN->TCN,50,25,50,3.00,4,10,2conv+wn,1-2-4-8,79753,175,51,1.0000,0.5909
Datensatz,ohne 3,3,GCN->TCN,50,25,50,3.00,5,10,2conv+wn,1-2-4-8,79753,175,51,1.0000,0.5682
Datensatz,ohne 3,3,GCN->TCN,50,25,50,3.00,6,10,2conv+wn,1-2-4-8,79753,175,51,1.0000,0.5682
Datensatz,ohne 3,3,GCN->TCN,50,25,50,3.00,7,10,2conv+wn,1-2-4-8,79753,175,50,1.0000,0.6591
Datensatz,ohne 3,3,GCN->TCN,50,25,50,3.00,8,10,2conv+wn,1-2-4-8,79753,175,50,1.0000,0.6364
Datensatz,ohne 3,3,GCN->TCN,50,25,50,3.00,9,10,2conv+wn,1-2-4-8,79753,175,49,1.0000,0.6591
Datensatz,ohne 3,3,GCN->TCN,75,25,75,4.00,0,10,2conv+wn,1-2-4-8,79753,175,50,1.0000,0.6136
Datensatz,ohne 3,3,GCN->TCN,75,25,75,4.00,1,10,2conv+wn,1-2-4-8,79753,175,50,1.0000,0.6364
Datensatz,ohne 3,3,GCN->TCN,75,25,75,4.00,2,10,2conv+wn,1-2-4-8,79753,175,50,0.9394,0.5227
Datensatz,ohne 3,3,GCN->TCN,75,25,75,4.00,3,10,2conv+wn,1-2-4-8,79753,175,50,1.0000,0.6136
Datensatz,ohne 3,3,GCN->TCN,75,25,75,4.00,4,10,2conv+wn,1-2-4-8,79753,175,49,1.0000,0.6136
Datensatz,ohne 3,3,GCN->TCN,75,25,75,4.00,5,10,2conv+wn,1-2-4-8,79753,175,49,1.0000,0.5682
Datensatz,ohne 3,3,GCN->TCN,75,25,75,4.00,6,10,2conv+wn,1-2-4-8,79753,175,50,0.9697,0.7045
Datensatz,ohne 3,3,GCN->TCN,75,25,75,4.00,7,10,2conv+wn,1-2-4-8,79753,175,50,1.0000,0.7273
Datensatz,ohne 3,3,GCN->TCN,75,25,75,4.00,8,10,2conv+wn,1-2-4-8,79753,175,50,1.0000,0.6591
Datensatz,ohne 3,3,GCN->TCN,75,25,75,4.00,9,10,2conv+wn,1-2-4-8,79753,175,50,1.0000,0.5909
Datensatz,ohne 3,3,GCN->TCN,100,25,100,5.00,0,10,2conv+wn,1-2-4-8,79753,175,50,0.9697,0.6591
Datensatz,ohne 3,3,GCN->TCN,100,25,100,5.00,1,10,2conv+wn,1-2-4-8,79753,175,50,1.0000,0.6591
Datensatz,ohne 3,3,GCN->TCN,100,25,100,5.00,2,10,2conv+wn,1-2-4-8,79753,175,51,1.0000,0.6591
Datensatz,ohne 3,3,GCN->TCN,100,25,100,5.00,3,10,2conv+wn,1-2-4-8,79753,175,51,0.9394,0.5909
Datensatz,ohne 3,3,GCN->TCN,100,25,100,5.00,4,10,2conv+wn,1-2-4-8,79753,175,52,1.0000,0.6136
Datensatz,ohne 3,3,GCN->TCN,100,25,100,5.00,5,10,2conv+wn,1-2-4-8,79753,175,52,1.0000,0.5227
Datensatz,ohne 3,3,GCN->TCN,100,25,100,5.00,6,10,2conv+wn,1-2-4-8,79753,175,51,0.9697,0.7045
Datensatz,ohne 3,3,GCN->TCN,100,25,100,5.00,7,10,2conv+wn,1-2-4-8,79753,175,51,1.0000,0.6591
Datensatz,ohne 3,3,GCN->TCN,100,25,100,5.00,8,10,2conv+wn,1-2-4-8,79753,175,51,1.0000,0.5682
Datensatz,ohne 3,3,GCN->TCN,100,25,100,5.00,9,10,2conv+wn,1-2-4-8,79753,175,50,1.0000,0.6364
Datensatz,ohne 3,3,GCN->TCN,125,25,125,6.00,0,10,2conv+wn,1-2-4-8,79753,175,49,1.0000,0.7045
Datensatz,ohne 3,3,GCN->TCN,125,25,125,6.00,1,10,2conv+wn,1-2-4-8,79753,175,49,1.0000,0.6364
Datensatz,ohne 3,3,GCN->TCN,125,25,125,6.00,2,10,2conv+wn,1-2-4-8,79753,175,49,1.0000,0.6591
Datensatz,ohne 3,3,GCN->TCN,125,25,125,6.00,3,10,2conv+wn,1-2-4-8,79753,175,49,0.9697,0.6136
Datensatz,ohne 3,3,GCN->TCN,125,25,125,6.00,4,10,2conv+wn,1-2-4-8,79753,175,49,0.9697,0.5909
Datensatz,ohne 3,3,GCN->TCN,125,25,125,6.00,5,10,2conv+wn,1-2-4-8,79753,175,49,1.0000,0.5682
Datensatz,ohne 3,3,GCN->TCN,125,25,125,6.00,6,10,2conv+wn,1-2-4-8,79753,175,49,0.9394,0.7273
Datensatz,ohne 3,3,GCN->TCN,125,25,125,6.00,7,10,2conv+wn,1-2-4-8,79753,175,49,1.0000,0.6818
Datensatz,ohne 3,3,GCN->TCN,125,25,125,6.00,8,10,2conv+wn,1-2-4-8,79753,175,49,0.9697,0.7273
Datensatz,ohne 3,3,GCN->TCN,125,25,125,6.00,9,10,2conv+wn,1-2-4-8,79753,175,49,1.0000,0.6591
Datensatz,ohne 3,3,GCN->TCN,150,25,150,7.00,0,10,2conv+wn,1-2-4-8,79753,175,49,0.9697,0.6591
Datensatz,ohne 3,3,GCN->TCN,150,25,150,7.00,1,10,2conv+wn,1-2-4-8,79753,175,49,0.9697,0.6818
Datensatz,ohne 3,3,GCN->TCN,150,25,150,7.00,2,10,2conv+wn,1-2-4-8,79753,175,49,0.9697,0.6818
Datensatz,ohne 3,3,GCN->TCN,150,25,150,7.00,3,10,2conv+wn,1-2-4-8,79753,175,49,0.9697,0.5909
Datensatz,ohne 3,3,GCN->TCN,150,25,150,7.00,4,10,2conv+wn,1-2-4-8,79753,175,49,0.9697,0.6364
Datensatz,ohne 3,3,GCN->TCN,150,25,150,7.00,5,10,2conv+wn,1-2-4-8,79753,175,49,0.9697,0.5000
Datensatz,ohne 3,3,GCN->TCN,150,25,150,7.00,6,10,2conv+wn,1-2-4-8,79753,175,49,0.9394,0.7273
Datensatz,ohne 3,3,GCN->TCN,150,25,150,7.00,7,10,2conv+wn,1-2-4-8,79753,175,49,0.9697,0.7273
Datensatz,ohne 3,3,GCN->TCN,150,25,150,7.00,8,10,2conv+wn,1-2-4-8,79753,175,49,0.9394,0.6136
Datensatz,ohne 3,3,GCN->TCN,150,25,150,7.00,9,10,2conv+wn,1-2-4-8,79753,175,49,0.9697,0.6136
Datensatz,ohne 3,3,GCN->TCN,175,25,175,8.00,0,10,2conv+wn,1-2-4-8,79753,175,50,0.9697,0.6591
Datensatz,ohne 3,3,GCN->TCN,175,25,175,8.00,1,10,2conv+wn,1-2-4-8,79753,175,50,0.9697,0.6136
Datensatz,ohne 3,3,GCN->TCN,175,25,175,8.00,2,10,2conv+wn,1-2-4-8,79753,175,50,0.9697,0.6818
Datensatz,ohne 3,3,GCN->TCN,175,25,175,8.00,3,10,2conv+wn,1-2-4-8,79753,175,50,0.9394,0.5909
Datensatz,ohne 3,3,GCN->TCN,175,25,175,8.00,4,10,2conv+wn,1-2-4-8,79753,175,50,0.9697,0.5682
Datensatz,ohne 3,3,GCN->TCN,175,25,175,8.00,5,10,2conv+wn,1-2-4-8,79753,175,49,0.9697,0.4773
Datensatz,ohne 3,3,GCN->TCN,175,25,175,8.00,6,10,2conv+wn,1-2-4-8,79753,175,49,0.8788,0.7500
Datensatz,ohne 3,3,GCN->TCN,175,25,175,8.00,7,10,2conv+wn,1-2-4-8,79753,175,49,0.9697,0.6591
Datensatz,ohne 3,3,GCN->TCN,175,25,175,8.00,8,10,2conv+wn,1-2-4-8,79753,175,50,0.9697,0.7273
Datensatz,ohne 3,3,GCN->TCN,175,25,175,8.00,9,10,2conv+wn,1-2-4-8,79753,175,49,0.9697,0.6591
Datensatz,ohne 3,3,GCN->TCN,25,50,25,3.00,0,10,2conv+wn,1-2-4-8,79753,175,63,0.9697,0.5909
Datensatz,ohne 3,3,GCN->TCN,25,50,25,3.00,1,10,2conv+wn,1-2-4-8,79753,175,62,0.9697,0.5682
Datensatz,ohne 3,3,GCN->TCN,25,50,25,3.00,2,10,2conv+wn,1-2-4-8,79753,175,62,0.9697,0.7273
Datensatz,ohne 3,3,GCN->TCN,25,50,25,3.00,3,10,2conv+wn,1-2-4-8,79753,175,62,1.0000,0.5909
Datensatz,ohne 3,3,GCN->TCN,25,50,25,3.00,4,10,2conv+wn,1-2-4-8,79753,175,63,0.9394,0.7273
Datensatz,ohne 3,3,GCN->TCN,25,50,25,3.00,5,10,2conv+wn,1-2-4-8,79753,175,63,1.0000,0.5455
Datensatz,ohne 3,3,GCN->TCN,25,50,25,3.00,6,10,2conv+wn,1-2-4-8,79753,175,62,1.0000,0.5000
Datensatz,ohne 3,3,GCN->TCN,25,50,25,3.00,7,10,2conv+wn,1-2-4-8,79753,175,62,1.0000,0.6136
Datensatz,ohne 3,3,GCN->TCN,25,50,25,3.00,8,10,2conv+wn,1-2-4-8,79753,175,62,0.9091,0.5000
Datensatz,ohne 3,3,GCN->TCN,25,50,25,3.00,9,10,2conv+wn,1-2-4-8,79753,175,63,1.0000,0.6136
Datensatz,ohne 3,3,GCN->TCN,50,50,50,4.00,0,10,2conv+wn,1-2-4-8,79753,175,59,0.9394,0.6818
Datensatz,ohne 3,3,GCN->TCN,50,50,50,4.00,1,10,2conv+wn,1-2-4-8,79753,175,56,1.0000,0.6591
Datensatz,ohne 3,3,GCN->TCN,50,50,50,4.00,2,10,2conv+wn,1-2-4-8,79753,175,55,0.9697,0.7045
Datensatz,ohne 3,3,GCN->TCN,50,50,50,4.00,3,10,2conv+wn,1-2-4-8,79753,175,55,1.0000,0.7045
Datensatz,ohne 3,3,GCN->TCN,50,50,50,4.00,4,10,2conv+wn,1-2-4-8,79753,175,56,1.0000,0.7273
Datensatz,ohne 3,3,GCN->TCN,50,50,50,4.00,5,10,2conv+wn,1-2-4-8,79753,175,56,1.0000,0.5682
Datensatz,ohne 3,3,GCN->TCN,50,50,50,4.00,6,10,2conv+wn,1-2-4-8,79753,175,56,0.9697,0.5909
Datensatz,ohne 3,3,GCN->TCN,50,50,50,4.00,7,10,2conv+wn,1-2-4-8,79753,175,58,0.9394,0.6136
Datensatz,ohne 3,3,GCN->TCN,50,50,50,4.00,8,10,2conv+wn,1-2-4-8,79753,175,62,1.0000,0.5909
Datensatz,ohne 3,3,GCN->TCN,50,50,50,4.00,9,10,2conv+wn,1-2-4-8,79753,175,60,0.9697,0.7273
Datensatz,ohne 3,3,GCN->TCN,75,50,75,5.00,0,10,2conv+wn,1-2-4-8,79753,175,59,0.9697,0.6136
Datensatz,ohne 3,3,GCN->TCN,75,50,75,5.00,1,10,2conv+wn,1-2-4-8,79753,175,59,0.9697,0.7727
Datensatz,ohne 3,3,GCN->TCN,75,50,75,5.00,2,10,2conv+wn,1-2-4-8,79753,175,59,0.9394,0.6591
Datensatz,ohne 3,3,GCN->TCN,75,50,75,5.00,3,10,2conv+wn,1-2-4-8,79753,175,59,1.0000,0.7045
Datensatz,ohne 3,3,GCN->TCN,75,50,75,5.00,4,10,2conv+wn,1-2-4-8,79753,175,59,0.9697,0.5909
Datensatz,ohne 3,3,GCN->TCN,75,50,75,5.00,5,10,2conv+wn,1-2-4-8,79753,175,59,1.0000,0.6136
Datensatz,ohne 3,3,GCN->TCN,75,50,75,5.00,6,10,2conv+wn,1-2-4-8,79753,175,59,0.9697,0.5909
Datensatz,ohne 3,3,GCN->TCN,75,50,75,5.00,7,10,2conv+wn,1-2-4-8,79753,175,59,0.9394,0.5909
Datensatz,ohne 3,3,GCN->TCN,75,50,75,5.00,8,10,2conv+wn,1-2-4-8,79753,175,59,0.9697,0.6364
Datensatz,ohne 3,3,GCN->TCN,75,50,75,5.00,9,10,2conv+wn,1-2-4-8,79753,175,59,0.9697,0.7500
Datensatz,ohne 3,3,GCN->TCN,100,50,100,6.00,0,10,2conv+wn,1-2-4-8,79753,175,59,0.9697,0.7273
Datensatz,ohne 3,3,GCN->TCN,100,50,100,6.00,1,10,2conv+wn,1-2-4-8,79753,175,59,1.0000,0.7273
Datensatz,ohne 3,3,GCN->TCN,100,50,100,6.00,2,10,2conv+wn,1-2-4-8,79753,175,59,0.9394,0.6818
Datensatz,ohne 3,3,GCN->TCN,100,50,100,6.00,3,10,2conv+wn,1-2-4-8,79753,175,59,0.9697,0.6364
Datensatz,ohne 3,3,GCN->TCN,100,50,100,6.00,4,10,2conv+wn,1-2-4-8,79753,175,61,1.0000,0.6364
Datensatz,ohne 3,3,GCN->TCN,100,50,100,6.00,5,10,2conv+wn,1-2-4-8,79753,175,60,1.0000,0.7045
Datensatz,ohne 3,3,GCN->TCN,100,50,100,6.00,6,10,2conv+wn,1-2-4-8,79753,175,59,0.9697,0.5909
Datensatz,ohne 3,3,GCN->TCN,100,50,100,6.00,7,10,2conv+wn,1-2-4-8,79753,175,58,1.0000,0.7045
Datensatz,ohne 3,3,GCN->TCN,100,50,100,6.00,8,10,2conv+wn,1-2-4-8,79753,175,58,0.9394,0.6591
Datensatz,ohne 3,3,GCN->TCN,100,50,100,6.00,9,10,2conv+wn,1-2-4-8,79753,175,58,0.9394,0.7045
Datensatz,ohne 3,3,GCN->TCN,125,50,125,7.00,0,10,2conv+wn,1-2-4-8,79753,175,58,0.9394,0.6364
Datensatz,ohne 3,3,GCN->TCN,125,50,125,7.00,1,10,2conv+wn,1-2-4-8,79753,175,58,1.0000,0.6818
Datensatz,ohne 3,3,GCN->TCN,125,50,125,7.00,2,10,2conv+wn,1-2-4-8,79753,175,58,0.9394,0.6136
Datensatz,ohne 3,3,GCN->TCN,125,50,125,7.00,3,10,2conv+wn,1-2-4-8,79753,175,59,0.9697,0.7045
Datensatz,ohne 3,3,GCN->TCN,125,50,125,7.00,4,10,2conv+wn,1-2-4-8,79753,175,59,1.0000,0.5227
Datensatz,ohne 3,3,GCN->TCN,125,50,125,7.00,5,10,2conv+wn,1-2-4-8,79753,175,59,1.0000,0.6136
Datensatz,ohne 3,3,GCN->TCN,125,50,125,7.00,6,10,2conv+wn,1-2-4-8,79753,175,59,0.9697,0.5682
Datensatz,ohne 3,3,GCN->TCN,125,50,125,7.00,7,10,2conv+wn,1-2-4-8,79753,175,59,1.0000,0.7273
Datensatz,ohne 3,3,GCN->TCN,125,50,125,7.00,8,10,2conv+wn,1-2-4-8,79753,175,59,0.9394,0.5909
Datensatz,ohne 3,3,GCN->TCN,125,50,125,7.00,9,10,2conv+wn,1-2-4-8,79753,175,59,0.9697,0.6818
Datensatz,ohne 3,3,GCN->TCN,150,50,150,8.00,0,10,2conv+wn,1-2-4-8,79753,175,59,0.9394,0.6591
Datensatz,ohne 3,3,GCN->TCN,150,50,150,8.00,1,10,2conv+wn,1-2-4-8,79753,175,59,1.0000,0.6591
Datensatz,ohne 3,3,GCN->TCN,150,50,150,8.00,2,10,2conv+wn,1-2-4-8,79753,175,59,0.9697,0.6136
Datensatz,ohne 3,3,GCN->TCN,150,50,150,8.00,3,10,2conv+wn,1-2-4-8,79753,175,59,0.9394,0.7955
Datensatz,ohne 3,3,GCN->TCN,150,50,150,8.00,4,10,2conv+wn,1-2-4-8,79753,175,59,1.0000,0.5909
Datensatz,ohne 3,3,GCN->TCN,150,50,150,8.00,5,10,2conv+wn,1-2-4-8,79753,175,57,1.0000,0.6591
Datensatz,ohne 3,3,GCN->TCN,150,50,150,8.00,6,10,2conv+wn,1-2-4-8,79753,175,58,0.9697,0.5227
Datensatz,ohne 3,3,GCN->TCN,150,50,150,8.00,7,10,2conv+wn,1-2-4-8,79753,175,59,0.9697,0.7045
Datensatz,ohne 3,3,GCN->TCN,150,50,150,8.00,8,10,2conv+wn,1-2-4-8,79753,175,59,0.9394,0.5909
Datensatz,ohne 3,3,GCN->TCN,150,50,150,8.00,9,10,2conv+wn,1-2-4-8,79753,175,59,0.9697,0.7045
Datensatz,ohne 3,3,GCN->TCN,175,50,175,9.00,0,10,2conv+wn,1-2-4-8,79753,175,60,0.9394,0.6818
Datensatz,ohne 3,3,GCN->TCN,175,50,175,9.00,1,10,2conv+wn,1-2-4-8,79753,175,60,0.9697,0.7273
Datensatz,ohne 3,3,GCN->TCN,175,50,175,9.00,2,10,2conv+wn,1-2-4-8,79753,175,60,0.9394,0.5455
Datensatz,ohne 3,3,GCN->TCN,175,50,175,9.00,3,10,2conv+wn,1-2-4-8,79753,175,58,0.9697,0.7955
Datensatz,ohne 3,3,GCN->TCN,175,50,175,9.00,4,10,2conv+wn,1-2-4-8,79753,175,56,0.9697,0.5682
Datensatz,ohne 3,3,GCN->TCN,175,50,175,9.00,5,10,2conv+wn,1-2-4-8,79753,175,57,0.9394,0.6818
Datensatz,ohne 3,3,GCN->TCN,175,50,175,9.00,6,10,2conv+wn,1-2-4-8,79753,175,57,0.9697,0.5909
Datensatz,ohne 3,3,GCN->TCN,175,50,175,9.00,7,10,2conv+wn,1-2-4-8,79753,175,59,0.9394,0.6591
Datensatz,ohne 3,3,GCN->TCN,175,50,175,9.00,8,10,2conv+wn,1-2-4-8,79753,175,59,0.9394,0.5909
Datensatz,ohne 3,3,GCN->TCN,175,50,175,9.00,9,10,2conv+wn,1-2-4-8,79753,175,60,0.9394,0.6136
Datensatz,ohne 3,3,GCN,10,,,0.40,0,10,2conv+wn,1-2-4-8,28613,175,16,0.6061,0.4545
Datensatz,ohne 3,3,GCN,10,,,0.40,1,10,2conv+wn,1-2-4-8,28613,175,16,0.7576,0.5000
Datensatz,ohne 3,3,GCN,10,,,0.40,2,10,2conv+wn,1-2-4-8,28613,175,16,0.7273,0.4318
Datensatz,ohne 3,3,GCN,10,,,0.40,3,10,2conv+wn,1-2-4-8,28613,175,16,0.6667,0.5909
Datensatz,ohne 3,3,GCN,10,,,0.40,4,10,2conv+wn,1-2-4-8,28613,175,16,0.7576,0.4545
Datensatz,ohne 3,3,GCN,10,,,0.40,5,10,2conv+wn,1-2-4-8,28613,175,15,0.6364,0.3864
Datensatz,ohne 3,3,GCN,10,,,0.40,6,10,2conv+wn,1-2-4-8,28613,175,15,0.6061,0.5227
Datensatz,ohne 3,3,GCN,10,,,0.40,7,10,2conv+wn,1-2-4-8,28613,175,16,0.6667,0.5455
Datensatz,ohne 3,3,GCN,10,,,0.40,8,10,2conv+wn,1-2-4-8,28613,175,16,0.7879,0.4318
Datensatz,ohne 3,3,GCN,10,,,0.40,9,10,2conv+wn,1-2-4-8,28613,175,15,0.7576,0.4773
Datensatz,ohne 3,3,GCN,25,,,1.00,0,10,2conv+wn,1-2-4-8,28613,175,24,0.9394,0.5682
Datensatz,ohne 3,3,GCN,25,,,1.00,1,10,2conv+wn,1-2-4-8,28613,175,23,0.9091,0.5909
Datensatz,ohne 3,3,GCN,25,,,1.00,2,10,2conv+wn,1-2-4-8,28613,175,23,0.9394,0.5000
Datensatz,ohne 3,3,GCN,25,,,1.00,3,10,2conv+wn,1-2-4-8,28613,175,23,1.0000,0.5682
Datensatz,ohne 3,3,GCN,25,,,1.00,4,10,2conv+wn,1-2-4-8,28613,175,23,0.9091,0.5455
Datensatz,ohne 3,3,GCN,25,,,1.00,5,10,2conv+wn,1-2-4-8,28613,175,23,0.9697,0.5909
Datensatz,ohne 3,3,GCN,25,,,1.00,6,10,2conv+wn,1-2-4-8,28613,175,23,0.8788,0.6136
Datensatz,ohne 3,3,GCN,25,,,1.00,7,10,2conv+wn,1-2-4-8,28613,175,23,0.9091,0.5455
Datensatz,ohne 3,3,GCN,25,,,1.00,8,10,2conv+wn,1-2-4-8,28613,175,23,0.9394,0.5000
Datensatz,ohne 3,3,GCN,25,,,1.00,9,10,2conv+wn,1-2-4-8,28613,175,23,0.9394,0.5909
Datensatz,ohne 3,3,GCN,50,,,2.00,0,10,2conv+wn,1-2-4-8,28613,175,26,1.0000,0.4091
Datensatz,ohne 3,3,GCN,50,,,2.00,1,10,2conv+wn,1-2-4-8,28613,175,26,0.9697,0.4773
Datensatz,ohne 3,3,GCN,50,,,2.00,2,10,2conv+wn,1-2-4-8,28613,175,26,0.9394,0.5000
Datensatz,ohne 3,3,GCN,50,,,2.00,3,10,2conv+wn,1-2-4-8,28613,175,27,0.9394,0.4773
Datensatz,ohne 3,3,GCN,50,,,2.00,4,10,2conv+wn,1-2-4-8,28613,175,27,0.9394,0.5455
Datensatz,ohne 3,3,GCN,50,,,2.00,5,10,2conv+wn,1-2-4-8,28613,175,27,0.9394,0.6136
Datensatz,ohne 3,3,GCN,50,,,2.00,6,10,2conv+wn,1-2-4-8,28613,175,27,0.9394,0.5455
Datensatz,ohne 3,3,GCN,50,,,2.00,7,10,2conv+wn,1-2-4-8,28613,175,27,0.9394,0.5909
Datensatz,ohne 3,3,GCN,50,,,2.00,8,10,2conv+wn,1-2-4-8,28613,175,26,0.9091,0.4545
Datensatz,ohne 3,3,GCN,50,,,2.00,9,10,2conv+wn,1-2-4-8,28613,175,27,0.9394,0.4091
Datensatz,ohne 3,3,GCN,75,,,3.00,0,10,2conv+wn,1-2-4-8,28613,175,29,0.9394,0.5455
Datensatz,ohne 3,3,GCN,75,,,3.00,1,10,2conv+wn,1-2-4-8,28613,175,30,0.9697,0.4318
Datensatz,ohne 3,3,GCN,75,,,3.00,2,10,2conv+wn,1-2-4-8,28613,175,29,0.9697,0.5000
Datensatz,ohne 3,3,GCN,75,,,3.00,3,10,2conv+wn,1-2-4-8,28613,175,29,0.9394,0.6364
Datensatz,ohne 3,3,GCN,75,,,3.00,4,10,2conv+wn,1-2-4-8,28613,175,29,0.9394,0.5909
Datensatz,ohne 3,3,GCN,75,,,3.00,5,10,2conv+wn,1-2-4-8,28613,175,29,0.9394,0.5682
Datensatz,ohne 3,3,GCN,75,,,3.00,6,10,2conv+wn,1-2-4-8,28613,175,29,0.9394,0.4773
Datensatz,ohne 3,3,GCN,75,,,3.00,7,10,2conv+wn,1-2-4-8,28613,175,29,0.9394,0.5455
Datensatz,ohne 3,3,GCN,75,,,3.00,8,10,2conv+wn,1-2-4-8,28613,175,29,0.9394,0.5682
Datensatz,ohne 3,3,GCN,75,,,3.00,9,10,2conv+wn,1-2-4-8,28613,175,29,0.9394,0.5682
Datensatz,ohne 3,3,GCN,100,,,4.00,0,10,2conv+wn,1-2-4-8,28613,175,28,0.9697,0.5682
Datensatz,ohne 3,3,GCN,100,,,4.00,1,10,2conv+wn,1-2-4-8,28613,175,29,0.9394,0.4545
Datensatz,ohne 3,3,GCN,100,,,4.00,2,10,2conv+wn,1-2-4-8,28613,175,28,1.0000,0.5227
Datensatz,ohne 3,3,GCN,100,,,4.00,3,10,2conv+wn,1-2-4-8,28613,175,28,0.9091,0.5909
Datensatz,ohne 3,3,GCN,100,,,4.00,4,10,2conv+wn,1-2-4-8,28613,175,28,0.9394,0.6136
Datensatz,ohne 3,3,GCN,100,,,4.00,5,10,2conv+wn,1-2-4-8,28613,175,28,0.9394,0.5909
Datensatz,ohne 3,3,GCN,100,,,4.00,6,10,2conv+wn,1-2-4-8,28613,175,28,0.9091,0.5455
Datensatz,ohne 3,3,GCN,100,,,4.00,7,10,2conv+wn,1-2-4-8,28613,175,28,0.9394,0.4773
Datensatz,ohne 3,3,GCN,100,,,4.00,8,10,2conv+wn,1-2-4-8,28613,175,28,0.9394,0.3864
Datensatz,ohne 3,3,GCN,100,,,4.00,9,10,2conv+wn,1-2-4-8,28613,175,27,0.9091,0.5227
Datensatz,ohne 3,3,GCN,125,,,5.00,0,10,2conv+wn,1-2-4-8,28613,175,29,0.9697,0.5000
Datensatz,ohne 3,3,GCN,125,,,5.00,1,10,2conv+wn,1-2-4-8,28613,175,29,0.9091,0.3864
Datensatz,ohne 3,3,GCN,125,,,5.00,2,10,2conv+wn,1-2-4-8,28613,175,29,0.9697,0.4545
Datensatz,ohne 3,3,GCN,125,,,5.00,3,10,2conv+wn,1-2-4-8,28613,175,29,0.9394,0.5000
Datensatz,ohne 3,3,GCN,125,,,5.00,4,10,2conv+wn,1-2-4-8,28613,175,29,0.9394,0.5000
Datensatz,ohne 3,3,GCN,125,,,5.00,5,10,2conv+wn,1-2-4-8,28613,175,29,0.9091,0.6364
Datensatz,ohne 3,3,GCN,125,,,5.00,6,10,2conv+wn,1-2-4-8,28613,175,29,1.0000,0.5909
Datensatz,ohne 3,3,GCN,125,,,5.00,7,10,2conv+wn,1-2-4-8,28613,175,29,0.9091,0.5227
Datensatz,ohne 3,3,GCN,125,,,5.00,8,10,2conv+wn,1-2-4-8,28613,175,29,0.9394,0.5455
Datensatz,ohne 3,3,GCN,125,,,5.00,9,10,2conv+wn,1-2-4-8,28613,175,29,0.9394,0.4318
Datensatz,ohne 2,2,GCN->TCN,25,10,25,1.40,0,10,2conv+wn,1-2-4-8,79753,193,48,0.9000,0.6852
Datensatz,ohne 2,2,GCN->TCN,25,10,25,1.40,1,10,2conv+wn,1-2-4-8,79753,193,48,0.9500,0.5926
Datensatz,ohne 2,2,GCN->TCN,25,10,25,1.40,2,10,2conv+wn,1-2-4-8,79753,193,48,0.8000,0.6852
Datensatz,ohne 2,2,GCN->TCN,25,10,25,1.40,3,10,2conv+wn,1-2-4-8,79753,193,48,0.8500,0.7037
Datensatz,ohne 2,2,GCN->TCN,25,10,25,1.40,4,10,2conv+wn,1-2-4-8,79753,193,48,0.8500,0.6481
Datensatz,ohne 2,2,GCN->TCN,25,10,25,1.40,5,10,2conv+wn,1-2-4-8,79753,193,48,0.8000,0.6481
Datensatz,ohne 2,2,GCN->TCN,25,10,25,1.40,6,10,2conv+wn,1-2-4-8,79753,193,48,0.9500,0.6296
Datensatz,ohne 2,2,GCN->TCN,25,10,25,1.40,7,10,2conv+wn,1-2-4-8,79753,193,48,0.7500,0.6667
Datensatz,ohne 2,2,GCN->TCN,25,10,25,1.40,8,10,2conv+wn,1-2-4-8,79753,193,48,0.8500,0.6667
Datensatz,ohne 2,2,GCN->TCN,25,10,25,1.40,9,10,2conv+wn,1-2-4-8,79753,193,48,0.8500,0.6111
Datensatz,ohne 2,2,GCN->TCN,50,10,50,2.40,0,10,2conv+wn,1-2-4-8,79753,193,45,0.9000,0.6296
Datensatz,ohne 2,2,GCN->TCN,50,10,50,2.40,1,10,2conv+wn,1-2-4-8,79753,193,45,0.8500,0.6852
Datensatz,ohne 2,2,GCN->TCN,50,10,50,2.40,2,10,2conv+wn,1-2-4-8,79753,193,46,0.8500,0.6852
Datensatz,ohne 2,2,GCN->TCN,50,10,50,2.40,3,10,2conv+wn,1-2-4-8,79753,193,45,0.8500,0.7593
Datensatz,ohne 2,2,GCN->TCN,50,10,50,2.40,4,10,2conv+wn,1-2-4-8,79753,193,46,0.8500,0.6481
Datensatz,ohne 2,2,GCN->TCN,50,10,50,2.40,5,10,2conv+wn,1-2-4-8,79753,193,46,0.9000,0.7593
Datensatz,ohne 2,2,GCN->TCN,50,10,50,2.40,6,10,2conv+wn,1-2-4-8,79753,193,46,0.8500,0.7222
Datensatz,ohne 2,2,GCN->TCN,50,10,50,2.40,7,10,2conv+wn,1-2-4-8,79753,193,45,0.8500,0.7407
Datensatz,ohne 2,2,GCN->TCN,50,10,50,2.40,8,10,2conv+wn,1-2-4-8,79753,193,45,0.8500,0.6852
Datensatz,ohne 2,2,GCN->TCN,50,10,50,2.40,9,10,2conv+wn,1-2-4-8,79753,193,45,0.8500,0.6111
Datensatz,ohne 2,2,GCN->TCN,75,10,75,3.40,0,10,2conv+wn,1-2-4-8,79753,193,44,0.8000,0.7222
Datensatz,ohne 2,2,GCN->TCN,75,10,75,3.40,1,10,2conv+wn,1-2-4-8,79753,193,45,0.8000,0.7963
Datensatz,ohne 2,2,GCN->TCN,75,10,75,3.40,2,10,2conv+wn,1-2-4-8,79753,193,45,0.8500,0.7407
Datensatz,ohne 2,2,GCN->TCN,75,10,75,3.40,3,10,2conv+wn,1-2-4-8,79753,193,45,0.8500,0.7593
Datensatz,ohne 2,2,GCN->TCN,75,10,75,3.40,4,10,2conv+wn,1-2-4-8,79753,193,45,0.8500,0.7963
Datensatz,ohne 2,2,GCN->TCN,75,10,75,3.40,5,10,2conv+wn,1-2-4-8,79753,193,45,0.8500,0.6852
Datensatz,ohne 2,2,GCN->TCN,75,10,75,3.40,6,10,2conv+wn,1-2-4-8,79753,193,44,0.8500,0.8519
Datensatz,ohne 2,2,GCN->TCN,75,10,75,3.40,7,10,2conv+wn,1-2-4-8,79753,193,45,0.8500,0.8519
Datensatz,ohne 2,2,GCN->TCN,75,10,75,3.40,8,10,2conv+wn,1-2-4-8,79753,193,45,0.8500,0.6852
Datensatz,ohne 2,2,GCN->TCN,75,10,75,3.40,9,10,2conv+wn,1-2-4-8,79753,193,45,0.9000,0.6481
Datensatz,ohne 2,2,GCN->TCN,100,10,100,4.40,0,10,2conv+wn,1-2-4-8,79753,193,44,0.8500,0.8333
Datensatz,ohne 2,2,GCN->TCN,100,10,100,4.40,1,10,2conv+wn,1-2-4-8,79753,193,45,0.8000,0.8148
Datensatz,ohne 2,2,GCN->TCN,100,10,100,4.40,2,10,2conv+wn,1-2-4-8,79753,193,61,0.8000,0.7963
Datensatz,ohne 2,2,GCN->TCN,100,10,100,4.40,3,10,2conv+wn,1-2-4-8,79753,193,57,0.8000,0.8333
Datensatz,ohne 2,2,GCN->TCN,100,10,100,4.40,4,10,2conv+wn,1-2-4-8,79753,193,57,0.8500,0.8333
Datensatz,ohne 2,2,GCN->TCN,100,10,100,4.40,5,10,2conv+wn,1-2-4-8,79753,193,46,0.8000,0.8333
Datensatz,ohne 2,2,GCN->TCN,100,10,100,4.40,6,10,2conv+wn,1-2-4-8,79753,193,45,0.8500,0.8148
Datensatz,ohne 2,2,GCN->TCN,100,10,100,4.40,7,10,2conv+wn,1-2-4-8,79753,193,44,0.8000,0.7407
Datensatz,ohne 2,2,GCN->TCN,100,10,100,4.40,8,10,2conv+wn,1-2-4-8,79753,193,44,0.8500,0.8148
Datensatz,ohne 2,2,GCN->TCN,100,10,100,4.40,9,10,2conv+wn,1-2-4-8,79753,193,45,0.8500,0.6481
Datensatz,ohne 2,2,GCN->TCN,125,10,125,5.40,0,10,2conv+wn,1-2-4-8,79753,193,71,0.8000,0.7778
Datensatz,ohne 2,2,GCN->TCN,125,10,125,5.40,1,10,2conv+wn,1-2-4-8,79753,193,56,0.8000,0.8148
Datensatz,ohne 2,2,GCN->TCN,125,10,125,5.40,2,10,2conv+wn,1-2-4-8,79753,193,45,0.8000,0.8333
Datensatz,ohne 2,2,GCN->TCN,125,10,125,5.40,3,10,2conv+wn,1-2-4-8,79753,193,45,0.8000,0.7963
Datensatz,ohne 2,2,GCN->TCN,125,10,125,5.40,4,10,2conv+wn,1-2-4-8,79753,193,44,0.8500,0.8333
Datensatz,ohne 2,2,GCN->TCN,125,10,125,5.40,5,10,2conv+wn,1-2-4-8,79753,193,44,0.8000,0.8704
Datensatz,ohne 2,2,GCN->TCN,125,10,125,5.40,6,10,2conv+wn,1-2-4-8,79753,193,45,0.8500,0.8333
Datensatz,ohne 2,2,GCN->TCN,125,10,125,5.40,7,10,2conv+wn,1-2-4-8,79753,193,44,0.8000,0.8889
Datensatz,ohne 2,2,GCN->TCN,125,10,125,5.40,8,10,2conv+wn,1-2-4-8,79753,193,44,0.8000,0.8333
Datensatz,ohne 2,2,GCN->TCN,125,10,125,5.40,9,10,2conv+wn,1-2-4-8,79753,193,44,0.8000,0.8333
Datensatz,ohne 2,2,GCN->TCN,150,10,150,6.40,0,10,2conv+wn,1-2-4-8,79753,193,44,0.8000,0.8519
Datensatz,ohne 2,2,GCN->TCN,150,10,150,6.40,1,10,2conv+wn,1-2-4-8,79753,193,44,0.8000,0.7593
Datensatz,ohne 2,2,GCN->TCN,150,10,150,6.40,2,10,2conv+wn,1-2-4-8,79753,193,44,0.8000,0.7222
Datensatz,ohne 2,2,GCN->TCN,150,10,150,6.40,3,10,2conv+wn,1-2-4-8,79753,193,44,0.8000,0.8704
Datensatz,ohne 2,2,GCN->TCN,150,10,150,6.40,4,10,2conv+wn,1-2-4-8,79753,193,44,0.8500,0.8519
Datensatz,ohne 2,2,GCN->TCN,150,10,150,6.40,5,10,2conv+wn,1-2-4-8,79753,193,44,0.8000,0.8704
Datensatz,ohne 2,2,GCN->TCN,150,10,150,6.40,6,10,2conv+wn,1-2-4-8,79753,193,44,0.8500,0.8704
Datensatz,ohne 2,2,GCN->TCN,150,10,150,6.40,7,10,2conv+wn,1-2-4-8,79753,193,44,0.8000,0.8148
Datensatz,ohne 2,2,GCN->TCN,150,10,150,6.40,8,10,2conv+wn,1-2-4-8,79753,193,43,0.8000,0.7963
Datensatz,ohne 2,2,GCN->TCN,150,10,150,6.40,9,10,2conv+wn,1-2-4-8,79753,193,45,0.7500,0.5556
Datensatz,ohne 2,2,GCN->TCN,175,10,175,7.40,0,10,2conv+wn,1-2-4-8,79753,193,58,0.8000,0.7407
Datensatz,ohne 2,2,GCN->TCN,175,10,175,7.40,1,10,2conv+wn,1-2-4-8,79753,193,58,0.8000,0.8148
Datensatz,ohne 2,2,GCN->TCN,175,10,175,7.40,2,10,2conv+wn,1-2-4-8,79753,193,59,0.8000,0.8704
Datensatz,ohne 2,2,GCN->TCN,175,10,175,7.40,3,10,2conv+wn,1-2-4-8,79753,193,50,0.8000,0.7593
Datensatz,ohne 2,2,GCN->TCN,175,10,175,7.40,4,10,2conv+wn,1-2-4-8,79753,193,35,0.8500,0.8148
Datensatz,ohne 2,2,GCN->TCN,175,10,175,7.40,5,10,2conv+wn,1-2-4-8,79753,193,35,0.8000,0.8519
Datensatz,ohne 2,2,GCN->TCN,175,10,175,7.40,6,10,2conv+wn,1-2-4-8,79753,193,35,0.8000,0.7778
Datensatz,ohne 2,2,GCN->TCN,175,10,175,7.40,7,10,2conv+wn,1-2-4-8,79753,193,35,0.8000,0.8519
Datensatz,ohne 2,2,GCN->TCN,175,10,175,7.40,8,10,2conv+wn,1-2-4-8,79753,193,35,0.7500,0.7778
Datensatz,ohne 2,2,GCN->TCN,175,10,175,7.40,9,10,2conv+wn,1-2-4-8,79753,193,36,0.7500,0.6111
Datensatz,ohne 2,2,GCN->TCN,25,25,25,2.00,0,10,2conv+wn,1-2-4-8,79753,193,53,0.9500,0.7778
Datensatz,ohne 2,2,GCN->TCN,25,25,25,2.00,1,10,2conv+wn,1-2-4-8,79753,193,54,1.0000,0.6111
Datensatz,ohne 2,2,GCN->TCN,25,25,25,2.00,2,10,2conv+wn,1-2-4-8,79753,193,68,0.9500,0.6296
Datensatz,ohne 2,2,GCN->TCN,25,25,25,2.00,3,10,2conv+wn,1-2-4-8,79753,193,70,0.9500,0.7222
Datensatz,ohne 2,2,GCN->TCN,25,25,25,2.00,4,10,2conv+wn,1-2-4-8,79753,193,70,0.9500,0.7407
Datensatz,ohne 2,2,GCN->TCN,25,25,25,2.00,5,10,2conv+wn,1-2-4-8,79753,193,70,0.9000,0.7037
Datensatz,ohne 2,2,GCN->TCN,25,25,25,2.00,6,10,2conv+wn,1-2-4-8,79753,193,69,1.0000,0.7222
Datensatz,ohne 2,2,GCN->TCN,25,25,25,2.00,7,10,2conv+wn,1-2-4-8,79753,193,69,0.9000,0.6481
Datensatz,ohne 2,2,GCN->TCN,25,25,25,2.00,8,10,2conv+wn,1-2-4-8,79753,193,70,1.0000,0.7222
Datensatz,ohne 2,2,GCN->TCN,25,25,25,2.00,9,10,2conv+wn,1-2-4-8,79753,193,70,0.8000,0.7593
Datensatz,ohne 2,2,GCN->TCN,50,25,50,3.00,0,10,2conv+wn,1-2-4-8,79753,193,66,0.9000,0.7778
Datensatz,ohne 2,2,GCN->TCN,50,25,50,3.00,1,10,2conv+wn,1-2-4-8,79753,193,66,0.9000,0.7037
Datensatz,ohne 2,2,GCN->TCN,50,25,50,3.00,2,10,2conv+wn,1-2-4-8,79753,193,67,0.9000,0.6296
Datensatz,ohne 2,2,GCN->TCN,50,25,50,3.00,3,10,2conv+wn,1-2-4-8,79753,193,67,0.8500,0.7963
Datensatz,ohne 2,2,GCN->TCN,50,25,50,3.00,4,10,2conv+wn,1-2-4-8,79753,193,66,0.9500,0.7222
Datensatz,ohne 2,2,GCN->TCN,50,25,50,3.00,5,10,2conv+wn,1-2-4-8,79753,193,75,0.9000,0.7222
Datensatz,ohne 2,2,GCN->TCN,50,25,50,3.00,6,10,2conv+wn,1-2-4-8,79753,193,66,0.9500,0.8333
Datensatz,ohne 2,2,GCN->TCN,50,25,50,3.00,7,10,2conv+wn,1-2-4-8,79753,193,72,0.9500,0.7037
Datensatz,ohne 2,2,GCN->TCN,50,25,50,3.00,8,10,2conv+wn,1-2-4-8,79753,193,72,0.9000,0.8148
Datensatz,ohne 2,2,GCN->TCN,50,25,50,3.00,9,10,2conv+wn,1-2-4-8,79753,193,75,0.8500,0.6852
Datensatz,ohne 2,2,GCN->TCN,75,25,75,4.00,0,10,2conv+wn,1-2-4-8,79753,193,74,0.9000,0.8519
Datensatz,ohne 2,2,GCN->TCN,75,25,75,4.00,1,10,2conv+wn,1-2-4-8,79753,193,74,0.9500,0.8148
Datensatz,ohne 2,2,GCN->TCN,75,25,75,4.00,2,10,2conv+wn,1-2-4-8,79753,193,74,0.9000,0.6852
Datensatz,ohne 2,2,GCN->TCN,75,25,75,4.00,3,10,2conv+wn,1-2-4-8,79753,193,71,0.9000,0.7037
Datensatz,ohne 2,2,GCN->TCN,75,25,75,4.00,4,10,2conv+wn,1-2-4-8,79753,193,74,0.9500,0.7222
Datensatz,ohne 2,2,GCN->TCN,75,25,75,4.00,5,10,2conv+wn,1-2-4-8,79753,193,56,0.9000,0.7407
Datensatz,ohne 2,2,GCN->TCN,75,25,75,4.00,6,10,2conv+wn,1-2-4-8,79753,193,52,0.9500,0.8333
Datensatz,ohne 2,2,GCN->TCN,75,25,75,4.00,7,10,2conv+wn,1-2-4-8,79753,193,51,0.9500,0.7593
Datensatz,ohne 2,2,GCN->TCN,75,25,75,4.00,8,10,2conv+wn,1-2-4-8,79753,193,52,0.9000,0.8148
Datensatz,ohne 2,2,GCN->TCN,75,25,75,4.00,9,10,2conv+wn,1-2-4-8,79753,193,52,0.9000,0.7407
Datensatz,ohne 2,2,GCN->TCN,100,25,100,5.00,0,10,2conv+wn,1-2-4-8,79753,193,52,0.9000,0.7778
Datensatz,ohne 2,2,GCN->TCN,100,25,100,5.00,1,10,2conv+wn,1-2-4-8,79753,193,52,0.9500,0.8148
Datensatz,ohne 2,2,GCN->TCN,100,25,100,5.00,2,10,2conv+wn,1-2-4-8,79753,193,52,0.9000,0.6296
Datensatz,ohne 2,2,GCN->TCN,100,25,100,5.00,3,10,2conv+wn,1-2-4-8,79753,193,51,0.8500,0.6852
Datensatz,ohne 2,2,GCN->TCN,100,25,100,5.00,4,10,2conv+wn,1-2-4-8,79753,193,52,0.9000,0.8148
Datensatz,ohne 2,2,GCN->TCN,100,25,100,5.00,5,10,2conv+wn,1-2-4-8,79753,193,52,0.9000,0.7222
Datensatz,ohne 2,2,GCN->TCN,100,25,100,5.00,6,10,2conv+wn,1-2-4-8,79753,193,52,0.9500,0.8519
Datensatz,ohne 2,2,GCN->TCN,100,25,100,5.00,7,10,2conv+wn,1-2-4-8,79753,193,51,0.9500,0.7963
Datensatz,ohne 2,2,GCN->TCN,100,25,100,5.00,8,10,2conv+wn,1-2-4-8,79753,193,52,0.9000,0.8704
Datensatz,ohne 2,2,GCN->TCN,100,25,100,5.00,9,10,2conv+wn,1-2-4-8,79753,193,53,0.9000,0.7963
Datensatz,ohne 2,2,GCN->TCN,125,25,125,6.00,0,10,2conv+wn,1-2-4-8,79753,193,53,0.9000,0.7778
Datensatz,ohne 2,2,GCN->TCN,125,25,125,6.00,1,10,2conv+wn,1-2-4-8,79753,193,53,0.9500,0.8148
Datensatz,ohne 2,2,GCN->TCN,125,25,125,6.00,2,10,2conv+wn,1-2-4-8,79753,193,53,0.9000,0.7778
Datensatz,ohne 2,2,GCN->TCN,125,25,125,6.00,3,10,2conv+wn,1-2-4-8,79753,193,52,0.8000,0.5926
Datensatz,ohne 2,2,GCN->TCN,125,25,125,6.00,4,10,2conv+wn,1-2-4-8,79753,193,51,0.8500,0.7222
Datensatz,ohne 2,2,GCN->TCN,125,25,125,6.00,5,10,2conv+wn,1-2-4-8,79753,193,52,0.9000,0.6667
Datensatz,ohne 2,2,GCN->TCN,125,25,125,6.00,6,10,2conv+wn,1-2-4-8,79753,193,52,0.9500,0.8148
Datensatz,ohne 2,2,GCN->TCN,125,25,125,6.00,7,10,2conv+wn,1-2-4-8,79753,193,52,0.8500,0.7778
Datensatz,ohne 2,2,GCN->TCN,125,25,125,6.00,8,10,2conv+wn,1-2-4-8,79753,193,52,0.9000,0.8519
Datensatz,ohne 2,2,GCN->TCN,125,25,125,6.00,9,10,2conv+wn,1-2-4-8,79753,193,51,0.7500,0.8148
Datensatz,ohne 2,2,GCN->TCN,150,25,150,7.00,0,10,2conv+wn,1-2-4-8,79753,193,52,0.9000,0.6667
Datensatz,ohne 2,2,GCN->TCN,150,25,150,7.00,1,10,2conv+wn,1-2-4-8,79753,193,51,0.8500,0.7037
Datensatz,ohne 2,2,GCN->TCN,150,25,150,7.00,2,10,2conv+wn,1-2-4-8,79753,193,51,0.9000,0.7407
Datensatz,ohne 2,2,GCN->TCN,150,25,150,7.00,3,10,2conv+wn,1-2-4-8,79753,193,51,0.8500,0.5556
Datensatz,ohne 2,2,GCN->TCN,150,25,150,7.00,4,10,2conv+wn,1-2-4-8,79753,193,51,0.9000,0.7593
Datensatz,ohne 2,2,GCN->TCN,150,25,150,7.00,5,10,2conv+wn,1-2-4-8,79753,193,51,0.9000,0.7963
Datensatz,ohne 2,2,GCN->TCN,150,25,150,7.00,6,10,2conv+wn,1-2-4-8,79753,193,50,1.0000,0.8704
Datensatz,ohne 2,2,GCN->TCN,150,25,150,7.00,7,10,2conv+wn,1-2-4-8,79753,193,50,0.9000,0.7407
Datensatz,ohne 2,2,GCN->TCN,150,25,150,7.00,8,10,2conv+wn,1-2-4-8,79753,193,50,0.7500,0.8704
Datensatz,ohne 2,2,GCN->TCN,150,25,150,7.00,9,10,2conv+wn,1-2-4-8,79753,193,51,0.8000,0.6852
Datensatz,ohne 2,2,GCN->TCN,175,25,175,8.00,0,10,2conv+wn,1-2-4-8,79753,193,51,0.9000,0.9444
Datensatz,ohne 2,2,GCN->TCN,175,25,175,8.00,1,10,2conv+wn,1-2-4-8,79753,193,51,0.8500,0.7593
Datensatz,ohne 2,2,GCN->TCN,175,25,175,8.00,2,10,2conv+wn,1-2-4-8,79753,193,51,0.9000,0.7593
Datensatz,ohne 2,2,GCN->TCN,175,25,175,8.00,3,10,2conv+wn,1-2-4-8,79753,193,51,0.8500,0.5370
Datensatz,ohne 2,2,GCN->TCN,175,25,175,8.00,4,10,2conv+wn,1-2-4-8,79753,193,52,0.8500,0.7593
Datensatz,ohne 2,2,GCN->TCN,175,25,175,8.00,5,10,2conv+wn,1-2-4-8,79753,193,51,0.9000,0.7037
Datensatz,ohne 2,2,GCN->TCN,175,25,175,8.00,6,10,2conv+wn,1-2-4-8,79753,193,51,0.9500,0.8333
Datensatz,ohne 2,2,GCN->TCN,175,25,175,8.00,7,10,2conv+wn,1-2-4-8,79753,193,51,0.9000,0.6481
Datensatz,ohne 2,2,GCN->TCN,175,25,175,8.00,8,10,2conv+wn,1-2-4-8,79753,193,51,0.9000,0.7963
Datensatz,ohne 2,2,GCN->TCN,175,25,175,8.00,9,10,2conv+wn,1-2-4-8,79753,193,51,0.7500,0.7037
Datensatz,ohne 2,2,GCN->TCN,25,50,25,3.00,0,10,2conv+wn,1-2-4-8,79753,193,64,0.9000,0.8148
Datensatz,ohne 2,2,GCN->TCN,25,50,25,3.00,1,10,2conv+wn,1-2-4-8,79753,193,64,0.9000,0.7222
Datensatz,ohne 2,2,GCN->TCN,25,50,25,3.00,2,10,2conv+wn,1-2-4-8,79753,193,65,0.9500,0.7222
Datensatz,ohne 2,2,GCN->TCN,25,50,25,3.00,3,10,2conv+wn,1-2-4-8,79753,193,64,0.9500,0.6852
Datensatz,ohne 2,2,GCN->TCN,25,50,25,3.00,4,10,2conv+wn,1-2-4-8,79753,193,64,0.8500,0.7407
Datensatz,ohne 2,2,GCN->TCN,25,50,25,3.00,5,10,2conv+wn,1-2-4-8,79753,193,63,0.9500,0.7037
Datensatz,ohne 2,2,GCN->TCN,25,50,25,3.00,6,10,2conv+wn,1-2-4-8,79753,193,60,0.9500,0.7778
Datensatz,ohne 2,2,GCN->TCN,25,50,25,3.00,7,10,2conv+wn,1-2-4-8,79753,193,64,0.9500,0.7222
Datensatz,ohne 2,2,GCN->TCN,25,50,25,3.00,8,10,2conv+wn,1-2-4-8,79753,193,65,0.9000,0.7963
Datensatz,ohne 2,2,GCN->TCN,25,50,25,3.00,9,10,2conv+wn,1-2-4-8,79753,193,65,0.9000,0.8148
Datensatz,ohne 2,2,GCN->TCN,50,50,50,4.00,0,10,2conv+wn,1-2-4-8,79753,193,63,0.9000,0.8889
Datensatz,ohne 2,2,GCN->TCN,50,50,50,4.00,1,10,2conv+wn,1-2-4-8,79753,193,62,0.9000,0.7778
Datensatz,ohne 2,2,GCN->TCN,50,50,50,4.00,2,10,2conv+wn,1-2-4-8,79753,193,63,0.9000,0.6481
Datensatz,ohne 2,2,GCN->TCN,50,50,50,4.00,3,10,2conv+wn,1-2-4-8,79753,193,63,0.8500,0.7222
Datensatz,ohne 2,2,GCN->TCN,50,50,50,4.00,4,10,2conv+wn,1-2-4-8,79753,193,63,0.9000,0.7407
Datensatz,ohne 2,2,GCN->TCN,50,50,50,4.00,5,10,2conv+wn,1-2-4-8,79753,193,63,0.9000,0.7222
Datensatz,ohne 2,2,GCN->TCN,50,50,50,4.00,6,10,2conv+wn,1-2-4-8,79753,193,63,0.9500,0.8148
Datensatz,ohne 2,2,GCN->TCN,50,50,50,4.00,7,10,2conv+wn,1-2-4-8,79753,193,63,0.9000,0.7222
Datensatz,ohne 2,2,GCN->TCN,50,50,50,4.00,8,10,2conv+wn,1-2-4-8,79753,193,63,0.9000,0.9074
Datensatz,ohne 2,2,GCN->TCN,50,50,50,4.00,9,10,2conv+wn,1-2-4-8,79753,193,62,0.9000,0.7778
Datensatz,ohne 2,2,GCN->TCN,75,50,75,5.00,0,10,2conv+wn,1-2-4-8,79753,193,60,0.9000,0.7222
Datensatz,ohne 2,2,GCN->TCN,75,50,75,5.00,1,10,2conv+wn,1-2-4-8,79753,193,61,0.9000,0.7963
Datensatz,ohne 2,2,GCN->TCN,75,50,75,5.00,2,10,2conv+wn,1-2-4-8,79753,193,60,0.9000,0.6667
Datensatz,ohne 2,2,GCN->TCN,75,50,75,5.00,3,10,2conv+wn,1-2-4-8,79753,193,60,0.9500,0.6852
Datensatz,ohne 2,2,GCN->TCN,75,50,75,5.00,4,10,2conv+wn,1-2-4-8,79753,193,60,0.9000,0.7963
Datensatz,ohne 2,2,GCN->TCN,75,50,75,5.00,5,10,2conv+wn,1-2-4-8,79753,193,61,0.9000,0.7222
Datensatz,ohne 2,2,GCN->TCN,75,50,75,5.00,6,10,2conv+wn,1-2-4-8,79753,193,62,0.9000,0.9259
Datensatz,ohne 2,2,GCN->TCN,75,50,75,5.00,7,10,2conv+wn,1-2-4-8,79753,193,61,0.9500,0.8148
Datensatz,ohne 2,2,GCN->TCN,75,50,75,5.00,8,10,2conv+wn,1-2-4-8,79753,193,61,0.9000,0.8889
Datensatz,ohne 2,2,GCN->TCN,75,50,75,5.00,9,10,2conv+wn,1-2-4-8,79753,193,62,0.9500,0.6667
Datensatz,ohne 2,2,GCN->TCN,100,50,100,6.00,0,10,2conv+wn,1-2-4-8,79753,193,61,0.9000,0.8333
Datensatz,ohne 2,2,GCN->TCN,100,50,100,6.00,1,10,2conv+wn,1-2-4-8,79753,193,62,0.9000,0.8333
Datensatz,ohne 2,2,GCN->TCN,100,50,100,6.00,2,10,2conv+wn,1-2-4-8,79753,193,60,0.9500,0.7407
Datensatz,ohne 2,2,GCN->TCN,100,50,100,6.00,3,10,2conv+wn,1-2-4-8,79753,193,59,0.9500,0.7037
Datensatz,ohne 2,2,GCN->TCN,100,50,100,6.00,4,10,2conv+wn,1-2-4-8,79753,193,59,0.9500,0.8148
Datensatz,ohne 2,2,GCN->TCN,100,50,100,6.00,5,10,2conv+wn,1-2-4-8,79753,193,59,0.9000,0.7778
Datensatz,ohne 2,2,GCN->TCN,100,50,100,6.00,6,10,2conv+wn,1-2-4-8,79753,193,59,0.9500,0.8148
Datensatz,ohne 2,2,GCN->TCN,100,50,100,6.00,7,10,2conv+wn,1-2-4-8,79753,193,59,0.9000,0.7778
Datensatz,ohne 2,2,GCN->TCN,100,50,100,6.00,8,10,2conv+wn,1-2-4-8,79753,193,59,0.9000,0.8704
Datensatz,ohne 2,2,GCN->TCN,100,50,100,6.00,9,10,2conv+wn,1-2-4-8,79753,193,59,0.9000,0.7963
Datensatz,ohne 2,2,GCN->TCN,125,50,125,7.00,0,10,2conv+wn,1-2-4-8,79753,193,59,0.9000,0.7222
Datensatz,ohne 2,2,GCN->TCN,125,50,125,7.00,1,10,2conv+wn,1-2-4-8,79753,193,59,0.9000,0.8889
Datensatz,ohne 2,2,GCN->TCN,125,50,125,7.00,2,10,2conv+wn,1-2-4-8,79753,193,59,0.9500,0.7037
Datensatz,ohne 2,2,GCN->TCN,125,50,125,7.00,3,10,2conv+wn,1-2-4-8,79753,193,59,0.9500,0.5370
Datensatz,ohne 2,2,GCN->TCN,125,50,125,7.00,4,10,2conv+wn,1-2-4-8,79753,193,59,0.9000,0.8889
Datensatz,ohne 2,2,GCN->TCN,125,50,125,7.00,5,10,2conv+wn,1-2-4-8,79753,193,60,0.9000,0.8333
Datensatz,ohne 2,2,GCN->TCN,125,50,125,7.00,6,10,2conv+wn,1-2-4-8,79753,193,56,0.9000,0.9259
Datensatz,ohne 2,2,GCN->TCN,125,50,125,7.00,7,10,2conv+wn,1-2-4-8,79753,193,58,0.9000,0.8704
Datensatz,ohne 2,2,GCN->TCN,125,50,125,7.00,8,10,2conv+wn,1-2-4-8,79753,193,57,0.9000,0.8333
Datensatz,ohne 2,2,GCN->TCN,125,50,125,7.00,9,10,2conv+wn,1-2-4-8,79753,193,59,0.9000,0.8333
Datensatz,ohne 2,2,GCN->TCN,150,50,150,8.00,0,10,2conv+wn,1-2-4-8,79753,193,58,0.8500,0.7593
Datensatz,ohne 2,2,GCN->TCN,150,50,150,8.00,1,10,2conv+wn,1-2-4-8,79753,193,57,0.9000,0.9444
Datensatz,ohne 2,2,GCN->TCN,150,50,150,8.00,2,10,2conv+wn,1-2-4-8,79753,193,58,0.9000,0.6852
Datensatz,ohne 2,2,GCN->TCN,150,50,150,8.00,3,10,2conv+wn,1-2-4-8,79753,193,57,0.9000,0.7037
Datensatz,ohne 2,2,GCN->TCN,150,50,150,8.00,4,10,2conv+wn,1-2-4-8,79753,193,58,0.9000,0.8519
Datensatz,ohne 2,2,GCN->TCN,150,50,150,8.00,5,10,2conv+wn,1-2-4-8,79753,193,57,0.8500,0.7963
Datensatz,ohne 2,2,GCN->TCN,150,50,150,8.00,6,10,2conv+wn,1-2-4-8,79753,193,59,0.9000,0.9259
Datensatz,ohne 2,2,GCN->TCN,150,50,150,8.00,7,10,2conv+wn,1-2-4-8,79753,193,59,0.9000,0.7778
Datensatz,ohne 2,2,GCN->TCN,150,50,150,8.00,8,10,2conv+wn,1-2-4-8,79753,193,59,0.9000,0.8333
Datensatz,ohne 2,2,GCN->TCN,150,50,150,8.00,9,10,2conv+wn,1-2-4-8,79753,193,56,0.9000,0.8333
Datensatz,ohne 2,2,GCN->TCN,175,50,175,9.00,0,10,2conv+wn,1-2-4-8,79753,193,59,0.9000,0.7407
Datensatz,ohne 2,2,GCN->TCN,175,50,175,9.00,1,10,2conv+wn,1-2-4-8,79753,193,59,0.9000,0.9630
Datensatz,ohne 2,2,GCN->TCN,175,50,175,9.00,2,10,2conv+wn,1-2-4-8,79753,193,56,0.9000,0.7593
Datensatz,ohne 2,2,GCN->TCN,175,50,175,9.00,3,10,2conv+wn,1-2-4-8,79753,193,60,0.9000,0.5741
Datensatz,ohne 2,2,GCN->TCN,175,50,175,9.00,4,10,2conv+wn,1-2-4-8,79753,193,59,0.9000,0.7407
Datensatz,ohne 2,2,GCN->TCN,175,50,175,9.00,5,10,2conv+wn,1-2-4-8,79753,193,59,0.9000,0.8333
Datensatz,ohne 2,2,GCN->TCN,175,50,175,9.00,6,10,2conv+wn,1-2-4-8,79753,193,59,0.9500,0.9074
Datensatz,ohne 2,2,GCN->TCN,175,50,175,9.00,7,10,2conv+wn,1-2-4-8,79753,193,59,0.9000,0.7407
Datensatz,ohne 2,2,GCN->TCN,175,50,175,9.00,8,10,2conv+wn,1-2-4-8,79753,193,59,0.9000,0.8148
Datensatz,ohne 2,2,GCN->TCN,175,50,175,9.00,9,10,2conv+wn,1-2-4-8,79753,193,59,0.9000,0.7963
Datensatz,ohne 2,2,GCN,10,,,0.40,0,10,2conv+wn,1-2-4-8,28613,193,16,0.8000,0.3519
Datensatz,ohne 2,2,GCN,10,,,0.40,1,10,2conv+wn,1-2-4-8,28613,193,16,0.7500,0.4444
Datensatz,ohne 2,2,GCN,10,,,0.40,2,10,2conv+wn,1-2-4-8,28613,193,16,0.7500,0.3519
Datensatz,ohne 2,2,GCN,10,,,0.40,3,10,2conv+wn,1-2-4-8,28613,193,16,0.8000,0.4259
Datensatz,ohne 2,2,GCN,10,,,0.40,4,10,2conv+wn,1-2-4-8,28613,193,16,0.6000,0.3704
Datensatz,ohne 2,2,GCN,10,,,0.40,5,10,2conv+wn,1-2-4-8,28613,193,16,0.7500,0.3704
Datensatz,ohne 2,2,GCN,10,,,0.40,6,10,2conv+wn,1-2-4-8,28613,193,16,0.8000,0.4074
Datensatz,ohne 2,2,GCN,10,,,0.40,7,10,2conv+wn,1-2-4-8,28613,193,16,0.7000,0.3704
Datensatz,ohne 2,2,GCN,10,,,0.40,8,10,2conv+wn,1-2-4-8,28613,193,16,0.8000,0.3148
Datensatz,ohne 2,2,GCN,10,,,0.40,9,10,2conv+wn,1-2-4-8,28613,193,16,0.8000,0.3889
Datensatz,ohne 2,2,GCN,25,,,1.00,0,10,2conv+wn,1-2-4-8,28613,193,23,0.7500,0.5741
Datensatz,ohne 2,2,GCN,25,,,1.00,1,10,2conv+wn,1-2-4-8,28613,193,23,0.7000,0.6296
Datensatz,ohne 2,2,GCN,25,,,1.00,2,10,2conv+wn,1-2-4-8,28613,193,23,0.8000,0.5556
Datensatz,ohne 2,2,GCN,25,,,1.00,3,10,2conv+wn,1-2-4-8,28613,193,23,0.8000,0.6296
Datensatz,ohne 2,2,GCN,25,,,1.00,4,10,2conv+wn,1-2-4-8,28613,193,23,0.9000,0.6481
Datensatz,ohne 2,2,GCN,25,,,1.00,5,10,2conv+wn,1-2-4-8,28613,193,23,0.7500,0.5370
Datensatz,ohne 2,2,GCN,25,,,1.00,6,10,2conv+wn,1-2-4-8,28613,193,23,0.9500,0.5556
Datensatz,ohne 2,2,GCN,25,,,1.00,7,10,2conv+wn,1-2-4-8,28613,193,23,0.8500,0.7037
Datensatz,ohne 2,2,GCN,25,,,1.00,8,10,2conv+wn,1-2-4-8,28613,193,23,0.9000,0.6296
Datensatz,ohne 2,2,GCN,25,,,1.00,9,10,2conv+wn,1-2-4-8,28613,193,23,0.7500,0.5000
Datensatz,ohne 2,2,GCN,50,,,2.00,0,10,2conv+wn,1-2-4-8,28613,193,26,0.9000,0.7222
Datensatz,ohne 2,2,GCN,50,,,2.00,1,10,2conv+wn,1-2-4-8,28613,193,26,0.7500,0.6852
Datensatz,ohne 2,2,GCN,50,,,2.00,2,10,2conv+wn,1-2-4-8,28613,193,26,0.7500,0.6481
Datensatz,ohne 2,2,GCN,50,,,2.00,3,10,2conv+wn,1-2-4-8,28613,193,26,0.8500,0.7222
Datensatz,ohne 2,2,GCN,50,,,2.00,4,10,2conv+wn,1-2-4-8,28613,193,26,0.9000,0.6667
Datensatz,ohne 2,2,GCN,50,,,2.00,5,10,2conv+wn,1-2-4-8,28613,193,26,0.7500,0.6481
Datensatz,ohne 2,2,GCN,50,,,2.00,6,10,2conv+wn,1-2-4-8,28613,193,26,0.9500,0.7407
Datensatz,ohne 2,2,GCN,50,,,2.00,7,10,2conv+wn,1-2-4-8,28613,193,26,0.8500,0.6852
Datensatz,ohne 2,2,GCN,50,,,2.00,8,10,2conv+wn,1-2-4-8,28613,193,26,0.9500,0.5926
Datensatz,ohne 2,2,GCN,50,,,2.00,9,10,2conv+wn,1-2-4-8,28613,193,26,0.7500,0.7963
Datensatz,ohne 2,2,GCN,75,,,3.00,0,10,2conv+wn,1-2-4-8,28613,193,29,0.7500,0.7963
Datensatz,ohne 2,2,GCN,75,,,3.00,1,10,2conv+wn,1-2-4-8,28613,193,29,0.7500,0.7222
Datensatz,ohne 2,2,GCN,75,,,3.00,2,10,2conv+wn,1-2-4-8,28613,193,29,0.8000,0.7963
Datensatz,ohne 2,2,GCN,75,,,3.00,3,10,2conv+wn,1-2-4-8,28613,193,29,0.8500,0.7593
Datensatz,ohne 2,2,GCN,75,,,3.00,4,10,2conv+wn,1-2-4-8,28613,193,29,0.8500,0.7222
Datensatz,ohne 2,2,GCN,75,,,3.00,5,10,2conv+wn,1-2-4-8,28613,193,29,0.8500,0.5741
Datensatz,ohne 2,2,GCN,75,,,3.00,6,10,2conv+wn,1-2-4-8,28613,193,29,0.8500,0.7778
Datensatz,ohne 2,2,GCN,75,,,3.00,7,10,2conv+wn,1-2-4-8,28613,193,29,0.7500,0.7037
Datensatz,ohne 2,2,GCN,75,,,3.00,8,10,2conv+wn,1-2-4-8,28613,193,29,0.8000,0.7593
Datensatz,ohne 2,2,GCN,75,,,3.00,9,10,2conv+wn,1-2-4-8,28613,193,29,0.8000,0.7037
Datensatz,ohne 2,2,GCN,100,,,4.00,0,10,2conv+wn,1-2-4-8,28613,193,27,0.7000,0.7593
Datensatz,ohne 2,2,GCN,100,,,4.00,1,10,2conv+wn,1-2-4-8,28613,193,26,0.7000,0.7593
Datensatz,ohne 2,2,GCN,100,,,4.00,2,10,2conv+wn,1-2-4-8,28613,193,26,0.7500,0.6852
Datensatz,ohne 2,2,GCN,100,,,4.00,3,10,2conv+wn,1-2-4-8,28613,193,26,0.7500,0.7037
Datensatz,ohne 2,2,GCN,100,,,4.00,4,10,2conv+wn,1-2-4-8,28613,193,26,0.7000,0.7222
Datensatz,ohne 2,2,GCN,100,,,4.00,5,10,2conv+wn,1-2-4-8,28613,193,26,0.7500,0.6481
Datensatz,ohne 2,2,GCN,100,,,4.00,6,10,2conv+wn,1-2-4-8,28613,193,26,0.8000,0.7407
Datensatz,ohne 2,2,GCN,100,,,4.00,7,10,2conv+wn,1-2-4-8,28613,193,26,0.7000,0.4815
Datensatz,ohne 2,2,GCN,100,,,4.00,8,10,2conv+wn,1-2-4-8,28613,193,26,0.7500,0.8333
Datensatz,ohne 2,2,GCN,100,,,4.00,9,10,2conv+wn,1-2-4-8,28613,193,26,0.7000,0.6667
Datensatz,ohne 2,2,GCN,125,,,5.00,0,10,2conv+wn,1-2-4-8,28613,193,26,0.6500,0.7778
Datensatz,ohne 2,2,GCN,125,,,5.00,1,10,2conv+wn,1-2-4-8,28613,193,27,0.8000,0.6296
Datensatz,ohne 2,2,GCN,125,,,5.00,2,10,2conv+wn,1-2-4-8,28613,193,28,0.9000,0.7037
Datensatz,ohne 2,2,GCN,125,,,5.00,3,10,2conv+wn,1-2-4-8,28613,193,30,0.8000,0.6667
Datensatz,ohne 2,2,GCN,125,,,5.00,4,10,2conv+wn,1-2-4-8,28613,193,29,0.7000,0.7407
Datensatz,ohne 2,2,GCN,125,,,5.00,5,10,2conv+wn,1-2-4-8,28613,193,29,0.6500,0.7222
Datensatz,ohne 2,2,GCN,125,,,5.00,6,10,2conv+wn,1-2-4-8,28613,193,29,0.7000,0.7593
Datensatz,ohne 2,2,GCN,125,,,5.00,7,10,2conv+wn,1-2-4-8,28613,193,29,0.7000,0.6667
Datensatz,ohne 2,2,GCN,125,,,5.00,8,10,2conv+wn,1-2-4-8,28613,193,29,0.7000,0.7593
Datensatz,ohne 2,2,GCN,125,,,5.00,9,10,2conv+wn,1-2-4-8,28613,193,28,0.8500,0.5556
Datensatz,ohne 1,1,GCN->TCN,25,10,25,1.40,0,10,2conv+wn,1-2-4-8,79753,155,29,1.0000,0.6200
Datensatz,ohne 1,1,GCN->TCN,25,10,25,1.40,1,10,2conv+wn,1-2-4-8,79753,155,30,1.0000,0.6700
Datensatz,ohne 1,1,GCN->TCN,25,10,25,1.40,2,10,2conv+wn,1-2-4-8,79753,155,30,0.9167,0.6400
Datensatz,ohne 1,1,GCN->TCN,25,10,25,1.40,3,10,2conv+wn,1-2-4-8,79753,155,29,1.0000,0.6200
Datensatz,ohne 1,1,GCN->TCN,25,10,25,1.40,4,10,2conv+wn,1-2-4-8,79753,155,29,1.0000,0.6300
Datensatz,ohne 1,1,GCN->TCN,25,10,25,1.40,5,10,2conv+wn,1-2-4-8,79753,155,29,1.0000,0.6400
Datensatz,ohne 1,1,GCN->TCN,25,10,25,1.40,6,10,2conv+wn,1-2-4-8,79753,155,29,1.0000,0.6300
Datensatz,ohne 1,1,GCN->TCN,25,10,25,1.40,7,10,2conv+wn,1-2-4-8,79753,155,29,1.0000,0.7100
Datensatz,ohne 1,1,GCN->TCN,25,10,25,1.40,8,10,2conv+wn,1-2-4-8,79753,155,29,1.0000,0.6700
Datensatz,ohne 1,1,GCN->TCN,25,10,25,1.40,9,10,2conv+wn,1-2-4-8,79753,155,29,1.0000,0.7100
Datensatz,ohne 1,1,GCN->TCN,50,10,50,2.40,0,10,2conv+wn,1-2-4-8,79753,155,29,1.0000,0.7700
Datensatz,ohne 1,1,GCN->TCN,50,10,50,2.40,1,10,2conv+wn,1-2-4-8,79753,155,27,1.0000,0.7700
Datensatz,ohne 1,1,GCN->TCN,50,10,50,2.40,2,10,2conv+wn,1-2-4-8,79753,155,28,1.0000,0.7000
Datensatz,ohne 1,1,GCN->TCN,50,10,50,2.40,3,10,2conv+wn,1-2-4-8,79753,155,27,1.0000,0.6800
Datensatz,ohne 1,1,GCN->TCN,50,10,50,2.40,4,10,2conv+wn,1-2-4-8,79753,155,27,1.0000,0.7300
Datensatz,ohne 1,1,GCN->TCN,50,10,50,2.40,5,10,2conv+wn,1-2-4-8,79753,155,27,1.0000,0.7200
Datensatz,ohne 1,1,GCN->TCN,50,10,50,2.40,6,10,2conv+wn,1-2-4-8,79753,155,27,1.0000,0.7500
Datensatz,ohne 1,1,GCN->TCN,50,10,50,2.40,7,10,2conv+wn,1-2-4-8,79753,155,28,1.0000,0.6900
Datensatz,ohne 1,1,GCN->TCN,50,10,50,2.40,8,10,2conv+wn,1-2-4-8,79753,155,28,1.0000,0.7300
Datensatz,ohne 1,1,GCN->TCN,50,10,50,2.40,9,10,2conv+wn,1-2-4-8,79753,155,28,1.0000,0.7900
Datensatz,ohne 1,1,GCN->TCN,75,10,75,3.40,0,10,2conv+wn,1-2-4-8,79753,155,27,1.0000,0.7000
Datensatz,ohne 1,1,GCN->TCN,75,10,75,3.40,1,10,2conv+wn,1-2-4-8,79753,155,27,1.0000,0.7100
Datensatz,ohne 1,1,GCN->TCN,75,10,75,3.40,2,10,2conv+wn,1-2-4-8,79753,155,28,1.0000,0.7300
Datensatz,ohne 1,1,GCN->TCN,75,10,75,3.40,3,10,2conv+wn,1-2-4-8,79753,155,27,1.0000,0.7000
Datensatz,ohne 1,1,GCN->TCN,75,10,75,3.40,4,10,2conv+wn,1-2-4-8,79753,155,27,1.0000,0.7200
Datensatz,ohne 1,1,GCN->TCN,75,10,75,3.40,5,10,2conv+wn,1-2-4-8,79753,155,27,1.0000,0.7400
Datensatz,ohne 1,1,GCN->TCN,75,10,75,3.40,6,10,2conv+wn,1-2-4-8,79753,155,27,1.0000,0.7500
Datensatz,ohne 1,1,GCN->TCN,75,10,75,3.40,7,10,2conv+wn,1-2-4-8,79753,155,27,0.9167,0.7000
Datensatz,ohne 1,1,GCN->TCN,75,10,75,3.40,8,10,2conv+wn,1-2-4-8,79753,155,27,1.0000,0.7100
Datensatz,ohne 1,1,GCN->TCN,75,10,75,3.40,9,10,2conv+wn,1-2-4-8,79753,155,28,1.0000,0.7600
Datensatz,ohne 1,1,GCN->TCN,100,10,100,4.40,0,10,2conv+wn,1-2-4-8,79753,155,27,1.0000,0.7700
Datensatz,ohne 1,1,GCN->TCN,100,10,100,4.40,1,10,2conv+wn,1-2-4-8,79753,155,22,0.8333,0.7300
Datensatz,ohne 1,1,GCN->TCN,100,10,100,4.40,2,10,2conv+wn,1-2-4-8,79753,155,26,1.0000,0.7400
Datensatz,ohne 1,1,GCN->TCN,100,10,100,4.40,3,10,2conv+wn,1-2-4-8,79753,155,27,1.0000,0.6900
Datensatz,ohne 1,1,GCN->TCN,100,10,100,4.40,4,10,2conv+wn,1-2-4-8,79753,155,27,1.0000,0.7200
Datensatz,ohne 1,1,GCN->TCN,100,10,100,4.40,5,10,2conv+wn,1-2-4-8,79753,155,27,1.0000,0.7700
Datensatz,ohne 1,1,GCN->TCN,100,10,100,4.40,6,10,2conv+wn,1-2-4-8,79753,155,27,1.0000,0.7500
Datensatz,ohne 1,1,GCN->TCN,100,10,100,4.40,7,10,2conv+wn,1-2-4-8,79753,155,27,1.0000,0.7400
Datensatz,ohne 1,1,GCN->TCN,100,10,100,4.40,8,10,2conv+wn,1-2-4-8,79753,155,27,1.0000,0.6900
Datensatz,ohne 1,1,GCN->TCN,100,10,100,4.40,9,10,2conv+wn,1-2-4-8,79753,155,27,1.0000,0.7500
Datensatz,ohne 1,1,GCN->TCN,125,10,125,5.40,0,10,2conv+wn,1-2-4-8,79753,155,28,1.0000,0.7600
Datensatz,ohne 1,1,GCN->TCN,125,10,125,5.40,1,10,2conv+wn,1-2-4-8,79753,155,27,1.0000,0.7100
Datensatz,ohne 1,1,GCN->TCN,125,10,125,5.40,2,10,2conv+wn,1-2-4-8,79753,155,27,1.0000,0.6800
Datensatz,ohne 1,1,GCN->TCN,125,10,125,5.40,3,10,2conv+wn,1-2-4-8,79753,155,27,1.0000,0.6900
Datensatz,ohne 1,1,GCN->TCN,125,10,125,5.40,4,10,2conv+wn,1-2-4-8,79753,155,27,1.0000,0.7300
Datensatz,ohne 1,1,GCN->TCN,125,10,125,5.40,5,10,2conv+wn,1-2-4-8,79753,155,27,1.0000,0.7200
Datensatz,ohne 1,1,GCN->TCN,125,10,125,5.40,6,10,2conv+wn,1-2-4-8,79753,155,24,1.0000,0.7400
Datensatz,ohne 1,1,GCN->TCN,125,10,125,5.40,7,10,2conv+wn,1-2-4-8,79753,155,22,1.0000,0.7100
Datensatz,ohne 1,1,GCN->TCN,125,10,125,5.40,8,10,2conv+wn,1-2-4-8,79753,155,22,1.0000,0.7500
Datensatz,ohne 1,1,GCN->TCN,125,10,125,5.40,9,10,2conv+wn,1-2-4-8,79753,155,22,1.0000,0.7600
Datensatz,ohne 1,1,GCN->TCN,150,10,150,6.40,0,10,2conv+wn,1-2-4-8,79753,155,21,1.0000,0.6900
Datensatz,ohne 1,1,GCN->TCN,150,10,150,6.40,1,10,2conv+wn,1-2-4-8,79753,155,20,1.0000,0.7100
Datensatz,ohne 1,1,GCN->TCN,150,10,150,6.40,2,10,2conv+wn,1-2-4-8,79753,155,20,1.0000,0.6200
Datensatz,ohne 1,1,GCN->TCN,150,10,150,6.40,3,10,2conv+wn,1-2-4-8,79753,155,20,1.0000,0.6900
Datensatz,ohne 1,1,GCN->TCN,150,10,150,6.40,4,10,2conv+wn,1-2-4-8,79753,155,21,1.0000,0.7400
Datensatz,ohne 1,1,GCN->TCN,150,10,150,6.40,5,10,2conv+wn,1-2-4-8,79753,155,22,1.0000,0.7500
Datensatz,ohne 1,1,GCN->TCN,150,10,150,6.40,6,10,2conv+wn,1-2-4-8,79753,155,22,1.0000,0.7600
Datensatz,ohne 1,1,GCN->TCN,150,10,150,6.40,7,10,2conv+wn,1-2-4-8,79753,155,22,1.0000,0.6600
Datensatz,ohne 1,1,GCN->TCN,150,10,150,6.40,8,10,2conv+wn,1-2-4-8,79753,155,22,1.0000,0.7200
Datensatz,ohne 1,1,GCN->TCN,150,10,150,6.40,9,10,2conv+wn,1-2-4-8,79753,155,23,1.0000,0.7200
Datensatz,ohne 1,1,GCN->TCN,175,10,175,7.40,0,10,2conv+wn,1-2-4-8,79753,155,22,1.0000,0.7100
Datensatz,ohne 1,1,GCN->TCN,175,10,175,7.40,1,10,2conv+wn,1-2-4-8,79753,155,22,1.0000,0.6800
Datensatz,ohne 1,1,GCN->TCN,175,10,175,7.40,2,10,2conv+wn,1-2-4-8,79753,155,22,1.0000,0.6700
Datensatz,ohne 1,1,GCN->TCN,175,10,175,7.40,3,10,2conv+wn,1-2-4-8,79753,155,22,1.0000,0.6900
Datensatz,ohne 1,1,GCN->TCN,175,10,175,7.40,4,10,2conv+wn,1-2-4-8,79753,155,22,1.0000,0.7200
Datensatz,ohne 1,1,GCN->TCN,175,10,175,7.40,5,10,2conv+wn,1-2-4-8,79753,155,22,1.0000,0.7200
Datensatz,ohne 1,1,GCN->TCN,175,10,175,7.40,6,10,2conv+wn,1-2-4-8,79753,155,22,1.0000,0.7000
Datensatz,ohne 1,1,GCN->TCN,175,10,175,7.40,7,10,2conv+wn,1-2-4-8,79753,155,22,1.0000,0.6300
Datensatz,ohne 1,1,GCN->TCN,175,10,175,7.40,8,10,2conv+wn,1-2-4-8,79753,155,22,1.0000,0.6900
Datensatz,ohne 1,1,GCN->TCN,175,10,175,7.40,9,10,2conv+wn,1-2-4-8,79753,155,21,1.0000,0.7200
Datensatz,ohne 1,1,GCN->TCN,25,25,25,2.00,0,10,2conv+wn,1-2-4-8,79753,155,32,1.0000,0.7100
Datensatz,ohne 1,1,GCN->TCN,25,25,25,2.00,1,10,2conv+wn,1-2-4-8,79753,155,32,1.0000,0.7300
Datensatz,ohne 1,1,GCN->TCN,25,25,25,2.00,2,10,2conv+wn,1-2-4-8,79753,155,32,0.8333,0.6800
Datensatz,ohne 1,1,GCN->TCN,25,25,25,2.00,3,10,2conv+wn,1-2-4-8,79753,155,32,0.8333,0.6900
Datensatz,ohne 1,1,GCN->TCN,25,25,25,2.00,4,10,2conv+wn,1-2-4-8,79753,155,32,1.0000,0.6700
Datensatz,ohne 1,1,GCN->TCN,25,25,25,2.00,5,10,2conv+wn,1-2-4-8,79753,155,32,1.0000,0.6800
Datensatz,ohne 1,1,GCN->TCN,25,25,25,2.00,6,10,2conv+wn,1-2-4-8,79753,155,32,1.0000,0.7200
Datensatz,ohne 1,1,GCN->TCN,25,25,25,2.00,7,10,2conv+wn,1-2-4-8,79753,155,32,1.0000,0.6600
Datensatz,ohne 1,1,GCN->TCN,25,25,25,2.00,8,10,2conv+wn,1-2-4-8,79753,155,32,1.0000,0.7200
Datensatz,ohne 1,1,GCN->TCN,25,25,25,2.00,9,10,2conv+wn,1-2-4-8,79753,155,32,1.0000,0.6900
Datensatz,ohne 1,1,GCN->TCN,50,25,50,3.00,0,10,2conv+wn,1-2-4-8,79753,155,31,1.0000,0.7800
Datensatz,ohne 1,1,GCN->TCN,50,25,50,3.00,1,10,2conv+wn,1-2-4-8,79753,155,31,1.0000,0.7600
Datensatz,ohne 1,1,GCN->TCN,50,25,50,3.00,2,10,2conv+wn,1-2-4-8,79753,155,31,0.9167,0.7400
Datensatz,ohne 1,1,GCN->TCN,50,25,50,3.00,3,10,2conv+wn,1-2-4-8,79753,155,31,1.0000,0.7200
Datensatz,ohne 1,1,GCN->TCN,50,25,50,3.00,4,10,2conv+wn,1-2-4-8,79753,155,31,1.0000,0.7400
Datensatz,ohne 1,1,GCN->TCN,50,25,50,3.00,5,10,2conv+wn,1-2-4-8,79753,155,31,1.0000,0.7600
Datensatz,ohne 1,1,GCN->TCN,50,25,50,3.00,6,10,2conv+wn,1-2-4-8,79753,155,31,1.0000,0.7300
Datensatz,ohne 1,1,GCN->TCN,50,25,50,3.00,7,10,2conv+wn,1-2-4-8,79753,155,31,1.0000,0.7100
Datensatz,ohne 1,1,GCN->TCN,50,25,50,3.00,8,10,2conv+wn,1-2-4-8,79753,155,31,1.0000,0.7300
Datensatz,ohne 1,1,GCN->TCN,50,25,50,3.00,9,10,2conv+wn,1-2-4-8,79753,155,31,1.0000,0.6800
Datensatz,ohne 1,1,GCN->TCN,75,25,75,4.00,0,10,2conv+wn,1-2-4-8,79753,155,31,1.0000,0.7600
Datensatz,ohne 1,1,GCN->TCN,75,25,75,4.00,1,10,2conv+wn,1-2-4-8,79753,155,31,0.8333,0.7500
Datensatz,ohne 1,1,GCN->TCN,75,25,75,4.00,2,10,2conv+wn,1-2-4-8,79753,155,31,1.0000,0.7000
Datensatz,ohne 1,1,GCN->TCN,75,25,75,4.00,3,10,2conv+wn,1-2-4-8,79753,155,31,1.0000,0.7900
Datensatz,ohne 1,1,GCN->TCN,75,25,75,4.00,4,10,2conv+wn,1-2-4-8,79753,155,31,1.0000,0.7000
Datensatz,ohne 1,1,GCN->TCN,75,25,75,4.00,5,10,2conv+wn,1-2-4-8,79753,155,31,1.0000,0.7400
Datensatz,ohne 1,1,GCN->TCN,75,25,75,4.00,6,10,2conv+wn,1-2-4-8,79753,155,31,1.0000,0.7600
Datensatz,ohne 1,1,GCN->TCN,75,25,75,4.00,7,10,2conv+wn,1-2-4-8,79753,155,31,1.0000,0.7700
Datensatz,ohne 1,1,GCN->TCN,75,25,75,4.00,8,10,2conv+wn,1-2-4-8,79753,155,31,1.0000,0.7700
Datensatz,ohne 1,1,GCN->TCN,75,25,75,4.00,9,10,2conv+wn,1-2-4-8,79753,155,31,1.0000,0.7300
Datensatz,ohne 1,1,GCN->TCN,100,25,100,5.00,0,10,2conv+wn,1-2-4-8,79753,155,31,1.0000,0.7700
Datensatz,ohne 1,1,GCN->TCN,100,25,100,5.00,1,10,2conv+wn,1-2-4-8,79753,155,31,1.0000,0.7400
Datensatz,ohne 1,1,GCN->TCN,100,25,100,5.00,2,10,2conv+wn,1-2-4-8,79753,155,32,1.0000,0.7500
Datensatz,ohne 1,1,GCN->TCN,100,25,100,5.00,3,10,2conv+wn,1-2-4-8,79753,155,32,1.0000,0.7900
Datensatz,ohne 1,1,GCN->TCN,100,25,100,5.00,4,10,2conv+wn,1-2-4-8,79753,155,31,1.0000,0.7400
Datensatz,ohne 1,1,GCN->TCN,100,25,100,5.00,5,10,2conv+wn,1-2-4-8,79753,155,33,1.0000,0.7600
Datensatz,ohne 1,1,GCN->TCN,100,25,100,5.00,6,10,2conv+wn,1-2-4-8,79753,155,33,1.0000,0.7700
Datensatz,ohne 1,1,GCN->TCN,100,25,100,5.00,7,10,2conv+wn,1-2-4-8,79753,155,32,1.0000,0.7500
Datensatz,ohne 1,1,GCN->TCN,100,25,100,5.00,8,10,2conv+wn,1-2-4-8,79753,155,32,1.0000,0.7400
Datensatz,ohne 1,1,GCN->TCN,100,25,100,5.00,9,10,2conv+wn,1-2-4-8,79753,155,32,1.0000,0.7500
Datensatz,ohne 1,1,GCN->TCN,125,25,125,6.00,0,10,2conv+wn,1-2-4-8,79753,155,32,1.0000,0.7200
Datensatz,ohne 1,1,GCN->TCN,125,25,125,6.00,1,10,2conv+wn,1-2-4-8,79753,155,31,1.0000,0.7600
Datensatz,ohne 1,1,GCN->TCN,125,25,125,6.00,2,10,2conv+wn,1-2-4-8,79753,155,33,1.0000,0.7300
Datensatz,ohne 1,1,GCN->TCN,125,25,125,6.00,3,10,2conv+wn,1-2-4-8,79753,155,32,1.0000,0.7900
Datensatz,ohne 1,1,GCN->TCN,125,25,125,6.00,4,10,2conv+wn,1-2-4-8,79753,155,32,1.0000,0.7400
Datensatz,ohne 1,1,GCN->TCN,125,25,125,6.00,5,10,2conv+wn,1-2-4-8,79753,155,33,1.0000,0.7400
Datensatz,ohne 1,1,GCN->TCN,125,25,125,6.00,6,10,2conv+wn,1-2-4-8,79753,155,32,1.0000,0.7500
Datensatz,ohne 1,1,GCN->TCN,125,25,125,6.00,7,10,2conv+wn,1-2-4-8,79753,155,32,0.8333,0.6800
Datensatz,ohne 1,1,GCN->TCN,125,25,125,6.00,8,10,2conv+wn,1-2-4-8,79753,155,33,1.0000,0.8200
Datensatz,ohne 1,1,GCN->TCN,125,25,125,6.00,9,10,2conv+wn,1-2-4-8,79753,155,31,1.0000,0.7700
Datensatz,ohne 1,1,GCN->TCN,150,25,150,7.00,0,10,2conv+wn,1-2-4-8,79753,155,32,1.0000,0.7400
Datensatz,ohne 1,1,GCN->TCN,150,25,150,7.00,1,10,2conv+wn,1-2-4-8,79753,155,31,1.0000,0.7400
Datensatz,ohne 1,1,GCN->TCN,150,25,150,7.00,2,10,2conv+wn,1-2-4-8,79753,155,31,1.0000,0.6900
Datensatz,ohne 1,1,GCN->TCN,150,25,150,7.00,3,10,2conv+wn,1-2-4-8,79753,155,32,1.0000,0.8000
Datensatz,ohne 1,1,GCN->TCN,150,25,150,7.00,4,10,2conv+wn,1-2-4-8,79753,155,32,1.0000,0.7200
Datensatz,ohne 1,1,GCN->TCN,150,25,150,7.00,5,10,2conv+wn,1-2-4-8,79753,155,32,0.9167,0.7300
Datensatz,ohne 1,1,GCN->TCN,150,25,150,7.00,6,10,2conv+wn,1-2-4-8,79753,155,31,1.0000,0.7900
Datensatz,ohne 1,1,GCN->TCN,150,25,150,7.00,7,10,2conv+wn,1-2-4-8,79753,155,31,0.8333,0.7300
Datensatz,ohne 1,1,GCN->TCN,150,25,150,7.00,8,10,2conv+wn,1-2-4-8,79753,155,31,1.0000,0.7200
Datensatz,ohne 1,1,GCN->TCN,150,25,150,7.00,9,10,2conv+wn,1-2-4-8,79753,155,30,1.0000,0.7600
Datensatz,ohne 1,1,GCN->TCN,175,25,175,8.00,0,10,2conv+wn,1-2-4-8,79753,155,30,1.0000,0.7200
Datensatz,ohne 1,1,GCN->TCN,175,25,175,8.00,1,10,2conv+wn,1-2-4-8,79753,155,30,1.0000,0.7400
Datensatz,ohne 1,1,GCN->TCN,175,25,175,8.00,2,10,2conv+wn,1-2-4-8,79753,155,32,1.0000,0.7300
Datensatz,ohne 1,1,GCN->TCN,175,25,175,8.00,3,10,2conv+wn,1-2-4-8,79753,155,33,1.0000,0.8300
Datensatz,ohne 1,1,GCN->TCN,175,25,175,8.00,4,10,2conv+wn,1-2-4-8,79753,155,32,1.0000,0.6800
Datensatz,ohne 1,1,GCN->TCN,175,25,175,8.00,5,10,2conv+wn,1-2-4-8,79753,155,31,1.0000,0.6800
Datensatz,ohne 1,1,GCN->TCN,175,25,175,8.00,6,10,2conv+wn,1-2-4-8,79753,155,31,1.0000,0.7800
Datensatz,ohne 1,1,GCN->TCN,175,25,175,8.00,7,10,2conv+wn,1-2-4-8,79753,155,31,1.0000,0.7300
Datensatz,ohne 1,1,GCN->TCN,175,25,175,8.00,8,10,2conv+wn,1-2-4-8,79753,155,31,1.0000,0.7200
Datensatz,ohne 1,1,GCN->TCN,175,25,175,8.00,9,10,2conv+wn,1-2-4-8,79753,155,30,1.0000,0.7900
Datensatz,ohne 1,1,GCN->TCN,25,50,25,3.00,0,10,2conv+wn,1-2-4-8,79753,155,40,1.0000,0.7400
Datensatz,ohne 1,1,GCN->TCN,25,50,25,3.00,1,10,2conv+wn,1-2-4-8,79753,155,41,1.0000,0.7200
Datensatz,ohne 1,1,GCN->TCN,25,50,25,3.00,2,10,2conv+wn,1-2-4-8,79753,155,40,1.0000,0.7400
Datensatz,ohne 1,1,GCN->TCN,25,50,25,3.00,3,10,2conv+wn,1-2-4-8,79753,155,41,1.0000,0.7100
Datensatz,ohne 1,1,GCN->TCN,25,50,25,3.00,4,10,2conv+wn,1-2-4-8,79753,155,41,1.0000,0.7600
Datensatz,ohne 1,1,GCN->TCN,25,50,25,3.00,5,10,2conv+wn,1-2-4-8,79753,155,41,1.0000,0.7300
Datensatz,ohne 1,1,GCN->TCN,25,50,25,3.00,6,10,2conv+wn,1-2-4-8,79753,155,40,1.0000,0.7300
Datensatz,ohne 1,1,GCN->TCN,25,50,25,3.00,7,10,2conv+wn,1-2-4-8,79753,155,40,1.0000,0.6700
Datensatz,ohne 1,1,GCN->TCN,25,50,25,3.00,8,10,2conv+wn,1-2-4-8,79753,155,40,1.0000,0.7400
Datensatz,ohne 1,1,GCN->TCN,25,50,25,3.00,9,10,2conv+wn,1-2-4-8,79753,155,40,1.0000,0.7800
Datensatz,ohne 1,1,GCN->TCN,50,50,50,4.00,0,10,2conv+wn,1-2-4-8,79753,155,40,1.0000,0.7900
Datensatz,ohne 1,1,GCN->TCN,50,50,50,4.00,1,10,2conv+wn,1-2-4-8,79753,155,39,1.0000,0.7800
Datensatz,ohne 1,1,GCN->TCN,50,50,50,4.00,2,10,2conv+wn,1-2-4-8,79753,155,40,1.0000,0.7900
Datensatz,ohne 1,1,GCN->TCN,50,50,50,4.00,3,10,2conv+wn,1-2-4-8,79753,155,40,1.0000,0.7300
Datensatz,ohne 1,1,GCN->TCN,50,50,50,4.00,4,10,2conv+wn,1-2-4-8,79753,155,41,1.0000,0.8200
Datensatz,ohne 1,1,GCN->TCN,50,50,50,4.00,5,10,2conv+wn,1-2-4-8,79753,155,41,1.0000,0.8000
Datensatz,ohne 1,1,GCN->TCN,50,50,50,4.00,6,10,2conv+wn,1-2-4-8,79753,155,40,1.0000,0.7600
Datensatz,ohne 1,1,GCN->TCN,50,50,50,4.00,7,10,2conv+wn,1-2-4-8,79753,155,40,1.0000,0.7700
Datensatz,ohne 1,1,GCN->TCN,50,50,50,4.00,8,10,2conv+wn,1-2-4-8,79753,155,42,1.0000,0.7900
Datensatz,ohne 1,1,GCN->TCN,50,50,50,4.00,9,10,2conv+wn,1-2-4-8,79753,155,41,1.0000,0.8000
Datensatz,ohne 1,1,GCN->TCN,75,50,75,5.00,0,10,2conv+wn,1-2-4-8,79753,155,40,1.0000,0.7800
Datensatz,ohne 1,1,GCN->TCN,75,50,75,5.00,1,10,2conv+wn,1-2-4-8,79753,155,40,1.0000,0.7800
Datensatz,ohne 1,1,GCN->TCN,75,50,75,5.00,2,10,2conv+wn,1-2-4-8,79753,155,41,1.0000,0.8200
Datensatz,ohne 1,1,GCN->TCN,75,50,75,5.00,3,10,2conv+wn,1-2-4-8,79753,155,40,1.0000,0.8000
Datensatz,ohne 1,1,GCN->TCN,75,50,75,5.00,4,10,2conv+wn,1-2-4-8,79753,155,40,1.0000,0.7700
Datensatz,ohne 1,1,GCN->TCN,75,50,75,5.00,5,10,2conv+wn,1-2-4-8,79753,155,39,1.0000,0.7900
Datensatz,ohne 1,1,GCN->TCN,75,50,75,5.00,6,10,2conv+wn,1-2-4-8,79753,155,40,1.0000,0.7900
Datensatz,ohne 1,1,GCN->TCN,75,50,75,5.00,7,10,2conv+wn,1-2-4-8,79753,155,40,1.0000,0.7300
Datensatz,ohne 1,1,GCN->TCN,75,50,75,5.00,8,10,2conv+wn,1-2-4-8,79753,155,40,1.0000,0.7700
Datensatz,ohne 1,1,GCN->TCN,75,50,75,5.00,9,10,2conv+wn,1-2-4-8,79753,155,40,1.0000,0.7800
Datensatz,ohne 1,1,GCN->TCN,100,50,100,6.00,0,10,2conv+wn,1-2-4-8,79753,155,39,1.0000,0.8000
Datensatz,ohne 1,1,GCN->TCN,100,50,100,6.00,1,10,2conv+wn,1-2-4-8,79753,155,41,1.0000,0.7900
Datensatz,ohne 1,1,GCN->TCN,100,50,100,6.00,2,10,2conv+wn,1-2-4-8,79753,155,41,1.0000,0.8100
Datensatz,ohne 1,1,GCN->TCN,100,50,100,6.00,3,10,2conv+wn,1-2-4-8,79753,155,41,1.0000,0.7900
Datensatz,ohne 1,1,GCN->TCN,100,50,100,6.00,4,10,2conv+wn,1-2-4-8,79753,155,40,1.0000,0.8300
Datensatz,ohne 1,1,GCN->TCN,100,50,100,6.00,5,10,2conv+wn,1-2-4-8,79753,155,40,1.0000,0.8200
Datensatz,ohne 1,1,GCN->TCN,100,50,100,6.00,6,10,2conv+wn,1-2-4-8,79753,155,41,1.0000,0.8000
Datensatz,ohne 1,1,GCN->TCN,100,50,100,6.00,7,10,2conv+wn,1-2-4-8,79753,155,40,1.0000,0.7900
Datensatz,ohne 1,1,GCN->TCN,100,50,100,6.00,8,10,2conv+wn,1-2-4-8,79753,155,40,1.0000,0.8000
Datensatz,ohne 1,1,GCN->TCN,100,50,100,6.00,9,10,2conv+wn,1-2-4-8,79753,155,41,1.0000,0.8000
Datensatz,ohne 1,1,GCN->TCN,125,50,125,7.00,0,10,2conv+wn,1-2-4-8,79753,155,41,1.0000,0.7900
Datensatz,ohne 1,1,GCN->TCN,125,50,125,7.00,1,10,2conv+wn,1-2-4-8,79753,155,41,1.0000,0.7500
Datensatz,ohne 1,1,GCN->TCN,125,50,125,7.00,2,10,2conv+wn,1-2-4-8,79753,155,41,1.0000,0.8000
Datensatz,ohne 1,1,GCN->TCN,125,50,125,7.00,3,10,2conv+wn,1-2-4-8,79753,155,41,1.0000,0.7800
Datensatz,ohne 1,1,GCN->TCN,125,50,125,7.00,4,10,2conv+wn,1-2-4-8,79753,155,41,0.9167,0.7900
Datensatz,ohne 1,1,GCN->TCN,125,50,125,7.00,5,10,2conv+wn,1-2-4-8,79753,155,41,1.0000,0.7800
Datensatz,ohne 1,1,GCN->TCN,125,50,125,7.00,6,10,2conv+wn,1-2-4-8,79753,155,41,1.0000,0.8100
Datensatz,ohne 1,1,GCN->TCN,125,50,125,7.00,7,10,2conv+wn,1-2-4-8,79753,155,41,1.0000,0.7300
Datensatz,ohne 1,1,GCN->TCN,125,50,125,7.00,8,10,2conv+wn,1-2-4-8,79753,155,41,0.8333,0.7400
Datensatz,ohne 1,1,GCN->TCN,125,50,125,7.00,9,10,2conv+wn,1-2-4-8,79753,155,38,1.0000,0.7700
Datensatz,ohne 1,1,GCN->TCN,150,50,150,8.00,0,10,2conv+wn,1-2-4-8,79753,155,38,0.9167,0.7500
Datensatz,ohne 1,1,GCN->TCN,150,50,150,8.00,1,10,2conv+wn,1-2-4-8,79753,155,38,1.0000,0.7500
Datensatz,ohne 1,1,GCN->TCN,150,50,150,8.00,2,10,2conv+wn,1-2-4-8,79753,155,38,1.0000,0.8000
Datensatz,ohne 1,1,GCN->TCN,150,50,150,8.00,3,10,2conv+wn,1-2-4-8,79753,155,38,1.0000,0.7300
Datensatz,ohne 1,1,GCN->TCN,150,50,150,8.00,4,10,2conv+wn,1-2-4-8,79753,155,38,1.0000,0.8200
Datensatz,ohne 1,1,GCN->TCN,150,50,150,8.00,5,10,2conv+wn,1-2-4-8,79753,155,38,1.0000,0.7600
Datensatz,ohne 1,1,GCN->TCN,150,50,150,8.00,6,10,2conv+wn,1-2-4-8,79753,155,39,1.0000,0.8000
Datensatz,ohne 1,1,GCN->TCN,150,50,150,8.00,7,10,2conv+wn,1-2-4-8,79753,155,38,1.0000,0.7700
Datensatz,ohne 1,1,GCN->TCN,150,50,150,8.00,8,10,2conv+wn,1-2-4-8,79753,155,39,0.8333,0.8000
Datensatz,ohne 1,1,GCN->TCN,150,50,150,8.00,9,10,2conv+wn,1-2-4-8,79753,155,39,1.0000,0.7400
Datensatz,ohne 1,1,GCN->TCN,175,50,175,9.00,0,10,2conv+wn,1-2-4-8,79753,155,39,1.0000,0.7900
Datensatz,ohne 1,1,GCN->TCN,175,50,175,9.00,1,10,2conv+wn,1-2-4-8,79753,155,39,1.0000,0.7500
Datensatz,ohne 1,1,GCN->TCN,175,50,175,9.00,2,10,2conv+wn,1-2-4-8,79753,155,39,1.0000,0.7700
Datensatz,ohne 1,1,GCN->TCN,175,50,175,9.00,3,10,2conv+wn,1-2-4-8,79753,155,39,1.0000,0.7400
Datensatz,ohne 1,1,GCN->TCN,175,50,175,9.00,4,10,2conv+wn,1-2-4-8,79753,155,38,0.8333,0.7700
Datensatz,ohne 1,1,GCN->TCN,175,50,175,9.00,5,10,2conv+wn,1-2-4-8,79753,155,36,1.0000,0.7800
Datensatz,ohne 1,1,GCN->TCN,175,50,175,9.00,6,10,2conv+wn,1-2-4-8,79753,155,36,1.0000,0.7900
Datensatz,ohne 1,1,GCN->TCN,175,50,175,9.00,7,10,2conv+wn,1-2-4-8,79753,155,36,1.0000,0.7600
Datensatz,ohne 1,1,GCN->TCN,175,50,175,9.00,8,10,2conv+wn,1-2-4-8,79753,155,36,0.8333,0.7700
Datensatz,ohne 1,1,GCN->TCN,175,50,175,9.00,9,10,2conv+wn,1-2-4-8,79753,155,36,1.0000,0.7300
Datensatz,ohne 1,1,GCN,10,,,0.40,0,10,2conv+wn,1-2-4-8,28613,155,9,1.0000,0.5900
Datensatz,ohne 1,1,GCN,10,,,0.40,1,10,2conv+wn,1-2-4-8,28613,155,9,0.7500,0.6200
Datensatz,ohne 1,1,GCN,10,,,0.40,2,10,2conv+wn,1-2-4-8,28613,155,9,0.6667,0.6100
Datensatz,ohne 1,1,GCN,10,,,0.40,3,10,2conv+wn,1-2-4-8,28613,155,9,0.8333,0.6100
Datensatz,ohne 1,1,GCN,10,,,0.40,4,10,2conv+wn,1-2-4-8,28613,155,9,0.8333,0.6300
Datensatz,ohne 1,1,GCN,10,,,0.40,5,10,2conv+wn,1-2-4-8,28613,155,9,0.7500,0.6200
Datensatz,ohne 1,1,GCN,10,,,0.40,6,10,2conv+wn,1-2-4-8,28613,155,9,0.8333,0.6400
Datensatz,ohne 1,1,GCN,10,,,0.40,7,10,2conv+wn,1-2-4-8,28613,155,9,0.9167,0.6200
Datensatz,ohne 1,1,GCN,10,,,0.40,8,10,2conv+wn,1-2-4-8,28613,155,9,0.7500,0.6200
Datensatz,ohne 1,1,GCN,10,,,0.40,9,10,2conv+wn,1-2-4-8,28613,155,9,0.8333,0.6300
Datensatz,ohne 1,1,GCN,25,,,1.00,0,10,2conv+wn,1-2-4-8,28613,155,13,0.9167,0.6500
Datensatz,ohne 1,1,GCN,25,,,1.00,1,10,2conv+wn,1-2-4-8,28613,155,13,0.8333,0.5800
Datensatz,ohne 1,1,GCN,25,,,1.00,2,10,2conv+wn,1-2-4-8,28613,155,13,0.9167,0.7200
Datensatz,ohne 1,1,GCN,25,,,1.00,3,10,2conv+wn,1-2-4-8,28613,155,13,0.9167,0.6200
Datensatz,ohne 1,1,GCN,25,,,1.00,4,10,2conv+wn,1-2-4-8,28613,155,13,1.0000,0.7500
Datensatz,ohne 1,1,GCN,25,,,1.00,5,10,2conv+wn,1-2-4-8,28613,155,13,1.0000,0.7800
Datensatz,ohne 1,1,GCN,25,,,1.00,6,10,2conv+wn,1-2-4-8,28613,155,13,1.0000,0.7500
Datensatz,ohne 1,1,GCN,25,,,1.00,7,10,2conv+wn,1-2-4-8,28613,155,13,0.9167,0.7100
Datensatz,ohne 1,1,GCN,25,,,1.00,8,10,2conv+wn,1-2-4-8,28613,155,13,0.9167,0.6100
Datensatz,ohne 1,1,GCN,25,,,1.00,9,10,2conv+wn,1-2-4-8,28613,155,13,0.9167,0.6500
Datensatz,ohne 1,1,GCN,50,,,2.00,0,10,2conv+wn,1-2-4-8,28613,155,16,1.0000,0.7900
Datensatz,ohne 1,1,GCN,50,,,2.00,1,10,2conv+wn,1-2-4-8,28613,155,16,1.0000,0.6900
Datensatz,ohne 1,1,GCN,50,,,2.00,2,10,2conv+wn,1-2-4-8,28613,155,16,0.9167,0.6300
Datensatz,ohne 1,1,GCN,50,,,2.00,3,10,2conv+wn,1-2-4-8,28613,155,16,1.0000,0.6200
Datensatz,ohne 1,1,GCN,50,,,2.00,4,10,2conv+wn,1-2-4-8,28613,155,16,1.0000,0.6800
Datensatz,ohne 1,1,GCN,50,,,2.00,5,10,2conv+wn,1-2-4-8,28613,155,16,1.0000,0.6500
Datensatz,ohne 1,1,GCN,50,,,2.00,6,10,2conv+wn,1-2-4-8,28613,155,16,1.0000,0.7200
Datensatz,ohne 1,1,GCN,50,,,2.00,7,10,2conv+wn,1-2-4-8,28613,155,16,1.0000,0.7100
Datensatz,ohne 1,1,GCN,50,,,2.00,8,10,2conv+wn,1-2-4-8,28613,155,16,1.0000,0.6600
Datensatz,ohne 1,1,GCN,50,,,2.00,9,10,2conv+wn,1-2-4-8,28613,155,16,0.9167,0.7000
Datensatz,ohne 1,1,GCN,75,,,3.00,0,10,2conv+wn,1-2-4-8,28613,155,18,1.0000,0.7400
Datensatz,ohne 1,1,GCN,75,,,3.00,1,10,2conv+wn,1-2-4-8,28613,155,18,1.0000,0.6900
Datensatz,ohne 1,1,GCN,75,,,3.00,2,10,2conv+wn,1-2-4-8,28613,155,18,1.0000,0.6400
Datensatz,ohne 1,1,GCN,75,,,3.00,3,10,2conv+wn,1-2-4-8,28613,155,19,1.0000,0.6400
Datensatz,ohne 1,1,GCN,75,,,3.00,4,10,2conv+wn,1-2-4-8,28613,155,20,1.0000,0.7400
Datensatz,ohne 1,1,GCN,75,,,3.00,5,10,2conv+wn,1-2-4-8,28613,155,19,1.0000,0.6500
Datensatz,ohne 1,1,GCN,75,,,3.00,6,10,2conv+wn,1-2-4-8,28613,155,19,1.0000,0.8200
Datensatz,ohne 1,1,GCN,75,,,3.00,7,10,2conv+wn,1-2-4-8,28613,155,19,1.0000,0.7400
Datensatz,ohne 1,1,GCN,75,,,3.00,8,10,2conv+wn,1-2-4-8,28613,155,19,1.0000,0.6900
Datensatz,ohne 1,1,GCN,75,,,3.00,9,10,2conv+wn,1-2-4-8,28613,155,19,1.0000,0.6500
Datensatz,ohne 1,1,GCN,100,,,4.00,0,10,2conv+wn,1-2-4-8,28613,155,19,0.8333,0.6800
Datensatz,ohne 1,1,GCN,100,,,4.00,1,10,2conv+wn,1-2-4-8,28613,155,19,1.0000,0.6800
Datensatz,ohne 1,1,GCN,100,,,4.00,2,10,2conv+wn,1-2-4-8,28613,155,19,0.8333,0.6000
Datensatz,ohne 1,1,GCN,100,,,4.00,3,10,2conv+wn,1-2-4-8,28613,155,19,0.8333,0.8000
Datensatz,ohne 1,1,GCN,100,,,4.00,4,10,2conv+wn,1-2-4-8,28613,155,19,1.0000,0.8200
Datensatz,ohne 1,1,GCN,100,,,4.00,5,10,2conv+wn,1-2-4-8,28613,155,19,1.0000,0.7300
Datensatz,ohne 1,1,GCN,100,,,4.00,6,10,2conv+wn,1-2-4-8,28613,155,19,1.0000,0.6800
Datensatz,ohne 1,1,GCN,100,,,4.00,7,10,2conv+wn,1-2-4-8,28613,155,19,0.9167,0.6700
Datensatz,ohne 1,1,GCN,100,,,4.00,8,10,2conv+wn,1-2-4-8,28613,155,19,1.0000,0.6400
Datensatz,ohne 1,1,GCN,100,,,4.00,9,10,2conv+wn,1-2-4-8,28613,155,19,1.0000,0.7000
Datensatz,ohne 1,1,GCN,125,,,5.00,0,10,2conv+wn,1-2-4-8,28613,155,21,1.0000,0.7200
Datensatz,ohne 1,1,GCN,125,,,5.00,1,10,2conv+wn,1-2-4-8,28613,155,20,1.0000,0.6400
Datensatz,ohne 1,1,GCN,125,,,5.00,2,10,2conv+wn,1-2-4-8,28613,155,20,1.0000,0.6700
Datensatz,ohne 1,1,GCN,125,,,5.00,3,10,2conv+wn,1-2-4-8,28613,155,20,1.0000,0.6800
Datensatz,ohne 1,1,GCN,125,,,5.00,4,10,2conv+wn,1-2-4-8,28613,155,20,1.0000,0.8000
Datensatz,ohne 1,1,GCN,125,,,5.00,5,10,2conv+wn,1-2-4-8,28613,155,20,1.0000,0.7000
Datensatz,ohne 1,1,GCN,125,,,5.00,6,10,2conv+wn,1-2-4-8,28613,155,21,1.0000,0.7700
Datensatz,ohne 1,1,GCN,125,,,5.00,7,10,2conv+wn,1-2-4-8,28613,155,21,1.0000,0.7000
Datensatz,ohne 1,1,GCN,125,,,5.00,8,10,2conv+wn,1-2-4-8,28613,155,21,1.0000,0.6900
Datensatz,ohne 1,1,GCN,125,,,5.00,9,10,2conv+wn,1-2-4-8,28613,155,21,1.0000,0.5800
Datensatz,alle Personen (80/20),,GCN->TCN,25,10,25,1.40,0,10,2conv+wn,1-2-4-8,79753,260,49,0.8235,nan
