modell,gruppe,split,seed,variante,takt,bpm,n,richtig
pos4,bekannt,alle Personen (80/20),0,alle5,2,120,94,28
pos4,bekannt,alle Personen (80/20),0,nur234,2,120,94,31
pos4,bekannt,alle Personen (80/20),0,alle5,2,70,278,182
pos4,bekannt,alle Personen (80/20),0,nur234,2,70,278,183
pos4,bekannt,alle Personen (80/20),0,alle5,3,120,86,82
pos4,bekannt,alle Personen (80/20),0,nur234,3,120,86,82
pos4,bekannt,alle Personen (80/20),0,alle5,3,70,278,234
pos4,bekannt,alle Personen (80/20),0,nur234,3,70,278,233
pos4,bekannt,alle Personen (80/20),0,alle5,4,100,30,25
pos4,bekannt,alle Personen (80/20),0,nur234,4,100,30,24
pos4,bekannt,alle Personen (80/20),0,alle5,4,125,94,93
pos4,bekannt,alle Personen (80/20),0,nur234,4,125,94,93
pos4,bekannt,alle Personen (80/20),0,alle5,4,60,94,48
pos4,bekannt,alle Personen (80/20),0,nur234,4,60,94,90
pos4,bekannt,alle Personen (80/20),0,alle5,4,70,124,92
pos4,bekannt,alle Personen (80/20),0,nur234,4,70,124,114
pos4,bekannt,alle Personen (80/20),0,alle5,4,80,94,94
pos4,bekannt,alle Personen (80/20),0,nur234,4,80,94,94
pos4,bekannt,alle Personen (80/20),0,alle5,2,100,94,72
pos4,bekannt,alle Personen (80/20),0,nur234,2,100,94,72
pos4,bekannt,alle Personen (80/20),0,alle5,3,60,30,24
pos4,bekannt,alle Personen (80/20),0,nur234,3,60,30,24
pos4,bekannt,alle Personen (80/20),0,alle5,4,120,62,60
pos4,bekannt,alle Personen (80/20),0,nur234,4,120,62,60
pos4,bekannt,alle Personen (80/20),1,alle5,2,120,94,28
pos4,bekannt,alle Personen (80/20),1,nur234,2,120,94,34
pos4,bekannt,alle Personen (80/20),1,alle5,2,70,278,101
pos4,bekannt,alle Personen (80/20),1,nur234,2,70,278,100
pos4,bekannt,alle Personen (80/20),1,alle5,3,120,86,80
pos4,bekannt,alle Personen (80/20),1,nur234,3,120,86,80
pos4,bekannt,alle Personen (80/20),1,alle5,3,70,278,232
pos4,bekannt,alle Personen (80/20),1,nur234,3,70,278,233
pos4,bekannt,alle Personen (80/20),1,alle5,4,100,30,26
pos4,bekannt,alle Personen (80/20),1,nur234,4,100,30,27
pos4,bekannt,alle Personen (80/20),1,alle5,4,125,94,93
pos4,bekannt,alle Personen (80/20),1,nur234,4,125,94,93
pos4,bekannt,alle Personen (80/20),1,alle5,4,60,94,55
pos4,bekannt,alle Personen (80/20),1,nur234,4,60,94,86
pos4,bekannt,alle Personen (80/20),1,alle5,4,70,124,117
pos4,bekannt,alle Personen (80/20),1,nur234,4,70,124,118
pos4,bekannt,alle Personen (80/20),1,alle5,4,80,94,94
pos4,bekannt,alle Personen (80/20),1,nur234,4,80,94,94
pos4,bekannt,alle Personen (80/20),1,alle5,2,100,94,72
pos4,bekannt,alle Personen (80/20),1,nur234,2,100,94,73
pos4,bekannt,alle Personen (80/20),1,alle5,3,60,30,24
pos4,bekannt,alle Personen (80/20),1,nur234,3,60,30,24
pos4,bekannt,alle Personen (80/20),1,alle5,4,120,62,60
pos4,bekannt,alle Personen (80/20),1,nur234,4,120,62,60
pos4,bekannt,alle Personen (80/20),2,alle5,2,120,94,31
pos4,bekannt,alle Personen (80/20),2,nur234,2,120,94,32
pos4,bekannt,alle Personen (80/20),2,alle5,2,70,278,183
pos4,bekannt,alle Personen (80/20),2,nur234,2,70,278,183
pos4,bekannt,alle Personen (80/20),2,alle5,3,120,86,82
pos4,bekannt,alle Personen (80/20),2,nur234,3,120,86,82
pos4,bekannt,alle Personen (80/20),2,alle5,3,70,278,259
pos4,bekannt,alle Personen (80/20),2,nur234,3,70,278,259
pos4,bekannt,alle Personen (80/20),2,alle5,4,100,30,28
pos4,bekannt,alle Personen (80/20),2,nur234,4,100,30,28
pos4,bekannt,alle Personen (80/20),2,alle5,4,125,94,93
pos4,bekannt,alle Personen (80/20),2,nur234,4,125,94,93
pos4,bekannt,alle Personen (80/20),2,alle5,4,60,94,52
pos4,bekannt,alle Personen (80/20),2,nur234,4,60,94,82
pos4,bekannt,alle Personen (80/20),2,alle5,4,70,124,88
pos4,bekannt,alle Personen (80/20),2,nur234,4,70,124,95
pos4,bekannt,alle Personen (80/20),2,alle5,4,80,94,94
pos4,bekannt,alle Personen (80/20),2,nur234,4,80,94,94
pos4,bekannt,alle Personen (80/20),2,alle5,2,100,94,71
pos4,bekannt,alle Personen (80/20),2,nur234,2,100,94,68
pos4,bekannt,alle Personen (80/20),2,alle5,3,60,30,27
pos4,bekannt,alle Personen (80/20),2,nur234,3,60,30,27
pos4,bekannt,alle Personen (80/20),2,alle5,4,120,62,53
pos4,bekannt,alle Personen (80/20),2,nur234,4,120,62,53
pos4,bekannt,alle Personen (80/20),3,alle5,2,120,94,43
pos4,bekannt,alle Personen (80/20),3,nur234,2,120,94,41
pos4,bekannt,alle Personen (80/20),3,alle5,2,70,278,176
pos4,bekannt,alle Personen (80/20),3,nur234,2,70,278,176
pos4,bekannt,alle Personen (80/20),3,alle5,3,120,86,81
pos4,bekannt,alle Personen (80/20),3,nur234,3,120,86,81
pos4,bekannt,alle Personen (80/20),3,alle5,3,70,278,243
pos4,bekannt,alle Personen (80/20),3,nur234,3,70,278,242
pos4,bekannt,alle Personen (80/20),3,alle5,4,100,30,29
pos4,bekannt,alle Personen (80/20),3,nur234,4,100,30,28
pos4,bekannt,alle Personen (80/20),3,alle5,4,125,94,93
pos4,bekannt,alle Personen (80/20),3,nur234,4,125,94,93
pos4,bekannt,alle Personen (80/20),3,alle5,4,60,94,56
pos4,bekannt,alle Personen (80/20),3,nur234,4,60,94,81
pos4,bekannt,alle Personen (80/20),3,alle5,4,70,124,87
pos4,bekannt,alle Personen (80/20),3,nur234,4,70,124,94
pos4,bekannt,alle Personen (80/20),3,alle5,4,80,94,94
pos4,bekannt,alle Personen (80/20),3,nur234,4,80,94,94
pos4,bekannt,alle Personen (80/20),3,alle5,2,100,94,73
pos4,bekannt,alle Personen (80/20),3,nur234,2,100,94,72
pos4,bekannt,alle Personen (80/20),3,alle5,3,60,30,30
pos4,bekannt,alle Personen (80/20),3,nur234,3,60,30,30
pos4,bekannt,alle Personen (80/20),3,alle5,4,120,62,54
pos4,bekannt,alle Personen (80/20),3,nur234,4,120,62,54
pos4,bekannt,alle Personen (80/20),4,alle5,2,120,94,34
pos4,bekannt,alle Personen (80/20),4,nur234,2,120,94,35
pos4,bekannt,alle Personen (80/20),4,alle5,2,70,278,259
pos4,bekannt,alle Personen (80/20),4,nur234,2,70,278,259
pos4,bekannt,alle Personen (80/20),4,alle5,3,120,86,81
pos4,bekannt,alle Personen (80/20),4,nur234,3,120,86,81
pos4,bekannt,alle Personen (80/20),4,alle5,3,70,278,270
pos4,bekannt,alle Personen (80/20),4,nur234,3,70,278,270
pos4,bekannt,alle Personen (80/20),4,alle5,4,100,30,28
pos4,bekannt,alle Personen (80/20),4,nur234,4,100,30,29
pos4,bekannt,alle Personen (80/20),4,alle5,4,125,94,92
pos4,bekannt,alle Personen (80/20),4,nur234,4,125,94,92
pos4,bekannt,alle Personen (80/20),4,alle5,4,60,94,54
pos4,bekannt,alle Personen (80/20),4,nur234,4,60,94,80
pos4,bekannt,alle Personen (80/20),4,alle5,4,70,124,84
pos4,bekannt,alle Personen (80/20),4,nur234,4,70,124,90
pos4,bekannt,alle Personen (80/20),4,alle5,4,80,94,94
pos4,bekannt,alle Personen (80/20),4,nur234,4,80,94,94
pos4,bekannt,alle Personen (80/20),4,alle5,2,100,94,72
pos4,bekannt,alle Personen (80/20),4,nur234,2,100,94,72
pos4,bekannt,alle Personen (80/20),4,alle5,3,60,30,28
pos4,bekannt,alle Personen (80/20),4,nur234,3,60,30,28
pos4,bekannt,alle Personen (80/20),4,alle5,4,120,62,60
pos4,bekannt,alle Personen (80/20),4,nur234,4,120,62,60
pos4,bekannt,alle Personen (80/20),5,alle5,2,120,94,37
pos4,bekannt,alle Personen (80/20),5,nur234,2,120,94,40
pos4,bekannt,alle Personen (80/20),5,alle5,2,70,278,269
pos4,bekannt,alle Personen (80/20),5,nur234,2,70,278,269
pos4,bekannt,alle Personen (80/20),5,alle5,3,120,86,80
pos4,bekannt,alle Personen (80/20),5,nur234,3,120,86,80
pos4,bekannt,alle Personen (80/20),5,alle5,3,70,278,182
pos4,bekannt,alle Personen (80/20),5,nur234,3,70,278,182
pos4,bekannt,alle Personen (80/20),5,alle5,4,100,30,30
pos4,bekannt,alle Personen (80/20),5,nur234,4,100,30,30
pos4,bekannt,alle Personen (80/20),5,alle5,4,125,94,94
pos4,bekannt,alle Personen (80/20),5,nur234,4,125,94,94
pos4,bekannt,alle Personen (80/20),5,alle5,4,60,94,68
pos4,bekannt,alle Personen (80/20),5,nur234,4,60,94,91
pos4,bekannt,alle Personen (80/20),5,alle5,4,70,124,119
pos4,bekannt,alle Personen (80/20),5,nur234,4,70,124,121
pos4,bekannt,alle Personen (80/20),5,alle5,4,80,94,94
pos4,bekannt,alle Personen (80/20),5,nur234,4,80,94,94
pos4,bekannt,alle Personen (80/20),5,alle5,2,100,94,81
pos4,bekannt,alle Personen (80/20),5,nur234,2,100,94,81
pos4,bekannt,alle Personen (80/20),5,alle5,3,60,30,26
pos4,bekannt,alle Personen (80/20),5,nur234,3,60,30,26
pos4,bekannt,alle Personen (80/20),5,alle5,4,120,62,59
pos4,bekannt,alle Personen (80/20),5,nur234,4,120,62,59
pos4,bekannt,alle Personen (80/20),6,alle5,2,120,94,34
pos4,bekannt,alle Personen (80/20),6,nur234,2,120,94,40
pos4,bekannt,alle Personen (80/20),6,alle5,2,70,278,224
pos4,bekannt,alle Personen (80/20),6,nur234,2,70,278,226
pos4,bekannt,alle Personen (80/20),6,alle5,3,120,86,81
pos4,bekannt,alle Personen (80/20),6,nur234,3,120,86,81
pos4,bekannt,alle Personen (80/20),6,alle5,3,70,278,229
pos4,bekannt,alle Personen (80/20),6,nur234,3,70,278,229
pos4,bekannt,alle Personen (80/20),6,alle5,4,100,30,28
pos4,bekannt,alle Personen (80/20),6,nur234,4,100,30,28
pos4,bekannt,alle Personen (80/20),6,alle5,4,125,94,92
pos4,bekannt,alle Personen (80/20),6,nur234,4,125,94,92
pos4,bekannt,alle Personen (80/20),6,alle5,4,60,94,55
pos4,bekannt,alle Personen (80/20),6,nur234,4,60,94,84
pos4,bekannt,alle Personen (80/20),6,alle5,4,70,124,89
pos4,bekannt,alle Personen (80/20),6,nur234,4,70,124,102
pos4,bekannt,alle Personen (80/20),6,alle5,4,80,94,94
pos4,bekannt,alle Personen (80/20),6,nur234,4,80,94,94
pos4,bekannt,alle Personen (80/20),6,alle5,2,100,94,79
pos4,bekannt,alle Personen (80/20),6,nur234,2,100,94,78
pos4,bekannt,alle Personen (80/20),6,alle5,3,60,30,26
pos4,bekannt,alle Personen (80/20),6,nur234,3,60,30,26
pos4,bekannt,alle Personen (80/20),6,alle5,4,120,62,59
pos4,bekannt,alle Personen (80/20),6,nur234,4,120,62,59
pos4,bekannt,alle Personen (80/20),7,alle5,2,120,94,24
pos4,bekannt,alle Personen (80/20),7,nur234,2,120,94,31
pos4,bekannt,alle Personen (80/20),7,alle5,2,70,278,227
pos4,bekannt,alle Personen (80/20),7,nur234,2,70,278,231
pos4,bekannt,alle Personen (80/20),7,alle5,3,120,86,81
pos4,bekannt,alle Personen (80/20),7,nur234,3,120,86,81
pos4,bekannt,alle Personen (80/20),7,alle5,3,70,278,271
pos4,bekannt,alle Personen (80/20),7,nur234,3,70,278,271
pos4,bekannt,alle Personen (80/20),7,alle5,4,100,30,29
pos4,bekannt,alle Personen (80/20),7,nur234,4,100,30,30
pos4,bekannt,alle Personen (80/20),7,alle5,4,125,94,93
pos4,bekannt,alle Personen (80/20),7,nur234,4,125,94,93
pos4,bekannt,alle Personen (80/20),7,alle5,4,60,94,55
pos4,bekannt,alle Personen (80/20),7,nur234,4,60,94,90
pos4,bekannt,alle Personen (80/20),7,alle5,4,70,124,106
pos4,bekannt,alle Personen (80/20),7,nur234,4,70,124,116
pos4,bekannt,alle Personen (80/20),7,alle5,4,80,94,94
pos4,bekannt,alle Personen (80/20),7,nur234,4,80,94,94
pos4,bekannt,alle Personen (80/20),7,alle5,2,100,94,70
pos4,bekannt,alle Personen (80/20),7,nur234,2,100,94,68
pos4,bekannt,alle Personen (80/20),7,alle5,3,60,30,20
pos4,bekannt,alle Personen (80/20),7,nur234,3,60,30,20
pos4,bekannt,alle Personen (80/20),7,alle5,4,120,62,62
pos4,bekannt,alle Personen (80/20),7,nur234,4,120,62,62
pos4,bekannt,alle Personen (80/20),8,alle5,2,120,94,42
pos4,bekannt,alle Personen (80/20),8,nur234,2,120,94,45
pos4,bekannt,alle Personen (80/20),8,alle5,2,70,278,262
pos4,bekannt,alle Personen (80/20),8,nur234,2,70,278,262
pos4,bekannt,alle Personen (80/20),8,alle5,3,120,86,80
pos4,bekannt,alle Personen (80/20),8,nur234,3,120,86,80
pos4,bekannt,alle Personen (80/20),8,alle5,3,70,278,227
pos4,bekannt,alle Personen (80/20),8,nur234,3,70,278,227
pos4,bekannt,alle Personen (80/20),8,alle5,4,100,30,25
pos4,bekannt,alle Personen (80/20),8,nur234,4,100,30,27
pos4,bekannt,alle Personen (80/20),8,alle5,4,125,94,93
pos4,bekannt,alle Personen (80/20),8,nur234,4,125,94,93
pos4,bekannt,alle Personen (80/20),8,alle5,4,60,94,58
pos4,bekannt,alle Personen (80/20),8,nur234,4,60,94,91
pos4,bekannt,alle Personen (80/20),8,alle5,4,70,124,99
pos4,bekannt,alle Personen (80/20),8,nur234,4,70,124,109
pos4,bekannt,alle Personen (80/20),8,alle5,4,80,94,94
pos4,bekannt,alle Personen (80/20),8,nur234,4,80,94,94
pos4,bekannt,alle Personen (80/20),8,alle5,2,100,94,79
pos4,bekannt,alle Personen (80/20),8,nur234,2,100,94,79
pos4,bekannt,alle Personen (80/20),8,alle5,3,60,30,26
pos4,bekannt,alle Personen (80/20),8,nur234,3,60,30,26
pos4,bekannt,alle Personen (80/20),8,alle5,4,120,62,57
pos4,bekannt,alle Personen (80/20),8,nur234,4,120,62,57
pos4,bekannt,alle Personen (80/20),9,alle5,2,120,94,35
pos4,bekannt,alle Personen (80/20),9,nur234,2,120,94,40
pos4,bekannt,alle Personen (80/20),9,alle5,2,70,278,152
pos4,bekannt,alle Personen (80/20),9,nur234,2,70,278,152
pos4,bekannt,alle Personen (80/20),9,alle5,3,120,86,83
pos4,bekannt,alle Personen (80/20),9,nur234,3,120,86,82
pos4,bekannt,alle Personen (80/20),9,alle5,3,70,278,256
pos4,bekannt,alle Personen (80/20),9,nur234,3,70,278,256
pos4,bekannt,alle Personen (80/20),9,alle5,4,100,30,28
pos4,bekannt,alle Personen (80/20),9,nur234,4,100,30,28
pos4,bekannt,alle Personen (80/20),9,alle5,4,125,94,92
pos4,bekannt,alle Personen (80/20),9,nur234,4,125,94,92
pos4,bekannt,alle Personen (80/20),9,alle5,4,60,94,31
pos4,bekannt,alle Personen (80/20),9,nur234,4,60,94,80
pos4,bekannt,alle Personen (80/20),9,alle5,4,70,124,67
pos4,bekannt,alle Personen (80/20),9,nur234,4,70,124,98
pos4,bekannt,alle Personen (80/20),9,alle5,4,80,94,94
pos4,bekannt,alle Personen (80/20),9,nur234,4,80,94,94
pos4,bekannt,alle Personen (80/20),9,alle5,2,100,94,74
pos4,bekannt,alle Personen (80/20),9,nur234,2,100,94,75
pos4,bekannt,alle Personen (80/20),9,alle5,3,60,30,26
pos4,bekannt,alle Personen (80/20),9,nur234,3,60,30,26
pos4,bekannt,alle Personen (80/20),9,alle5,4,120,62,52
pos4,bekannt,alle Personen (80/20),9,nur234,4,120,62,52
pos4,ungesehen,ohne 3,0,alle5,2,100,290,63
pos4,ungesehen,ohne 3,0,nur234,2,100,290,62
pos4,ungesehen,ohne 3,0,alle5,3,100,62,55
pos4,ungesehen,ohne 3,0,nur234,3,100,62,54
pos4,ungesehen,ohne 3,0,alle5,4,100,248,247
pos4,ungesehen,ohne 3,0,nur234,4,100,248,247
pos4,ungesehen,ohne 3,0,alle5,2,120,196,91
pos4,ungesehen,ohne 3,0,nur234,2,120,196,91
pos4,ungesehen,ohne 3,0,alle5,2,70,196,75
pos4,ungesehen,ohne 3,0,nur234,2,70,196,76
pos4,ungesehen,ohne 3,0,alle5,3,120,98,7
pos4,ungesehen,ohne 3,0,nur234,3,120,98,7
pos4,ungesehen,ohne 3,0,alle5,4,120,78,78
pos4,ungesehen,ohne 3,0,nur234,4,120,78,78
pos4,ungesehen,ohne 3,0,alle5,4,70,62,62
pos4,ungesehen,ohne 3,0,nur234,4,70,62,62
pos4,ungesehen,ohne 3,1,alle5,2,100,290,56
pos4,ungesehen,ohne 3,1,nur234,2,100,290,57
pos4,ungesehen,ohne 3,1,alle5,3,100,62,55
pos4,ungesehen,ohne 3,1,nur234,3,100,62,55
pos4,ungesehen,ohne 3,1,alle5,4,100,248,248
pos4,ungesehen,ohne 3,1,nur234,4,100,248,248
pos4,ungesehen,ohne 3,1,alle5,2,120,196,87
pos4,ungesehen,ohne 3,1,nur234,2,120,196,87
pos4,ungesehen,ohne 3,1,alle5,2,70,196,76
pos4,ungesehen,ohne 3,1,nur234,2,70,196,77
pos4,ungesehen,ohne 3,1,alle5,3,120,98,10
pos4,ungesehen,ohne 3,1,nur234,3,120,98,10
pos4,ungesehen,ohne 3,1,alle5,4,120,78,78
pos4,ungesehen,ohne 3,1,nur234,4,120,78,78
pos4,ungesehen,ohne 3,1,alle5,4,70,62,62
pos4,ungesehen,ohne 3,1,nur234,4,70,62,62
pos4,ungesehen,ohne 3,2,alle5,2,100,290,42
pos4,ungesehen,ohne 3,2,nur234,2,100,290,41
pos4,ungesehen,ohne 3,2,alle5,3,100,62,62
pos4,ungesehen,ohne 3,2,nur234,3,100,62,62
pos4,ungesehen,ohne 3,2,alle5,4,100,248,212
pos4,ungesehen,ohne 3,2,nur234,4,100,248,212
pos4,ungesehen,ohne 3,2,alle5,2,120,196,66
pos4,ungesehen,ohne 3,2,nur234,2,120,196,65
pos4,ungesehen,ohne 3,2,alle5,2,70,196,93
pos4,ungesehen,ohne 3,2,nur234,2,70,196,92
pos4,ungesehen,ohne 3,2,alle5,3,120,98,18
pos4,ungesehen,ohne 3,2,nur234,3,120,98,18
pos4,ungesehen,ohne 3,2,alle5,4,120,78,78
pos4,ungesehen,ohne 3,2,nur234,4,120,78,78
pos4,ungesehen,ohne 3,2,alle5,4,70,62,59
pos4,ungesehen,ohne 3,2,nur234,4,70,62,61
pos4,ungesehen,ohne 3,3,alle5,2,100,290,34
pos4,ungesehen,ohne 3,3,nur234,2,100,290,34
pos4,ungesehen,ohne 3,3,alle5,3,100,62,44
pos4,ungesehen,ohne 3,3,nur234,3,100,62,44
pos4,ungesehen,ohne 3,3,alle5,4,100,248,248
pos4,ungesehen,ohne 3,3,nur234,4,100,248,248
pos4,ungesehen,ohne 3,3,alle5,2,120,196,54
pos4,ungesehen,ohne 3,3,nur234,2,120,196,53
pos4,ungesehen,ohne 3,3,alle5,2,70,196,77
pos4,ungesehen,ohne 3,3,nur234,2,70,196,77
pos4,ungesehen,ohne 3,3,alle5,3,120,98,11
pos4,ungesehen,ohne 3,3,nur234,3,120,98,11
pos4,ungesehen,ohne 3,3,alle5,4,120,78,78
pos4,ungesehen,ohne 3,3,nur234,4,120,78,78
pos4,ungesehen,ohne 3,3,alle5,4,70,62,62
pos4,ungesehen,ohne 3,3,nur234,4,70,62,62
pos4,ungesehen,ohne 3,4,alle5,2,100,290,70
pos4,ungesehen,ohne 3,4,nur234,2,100,290,70
pos4,ungesehen,ohne 3,4,alle5,3,100,62,58
pos4,ungesehen,ohne 3,4,nur234,3,100,62,58
pos4,ungesehen,ohne 3,4,alle5,4,100,248,215
pos4,ungesehen,ohne 3,4,nur234,4,100,248,215
pos4,ungesehen,ohne 3,4,alle5,2,120,196,89
pos4,ungesehen,ohne 3,4,nur234,2,120,196,89
pos4,ungesehen,ohne 3,4,alle5,2,70,196,112
pos4,ungesehen,ohne 3,4,nur234,2,70,196,112
pos4,ungesehen,ohne 3,4,alle5,3,120,98,14
pos4,ungesehen,ohne 3,4,nur234,3,120,98,14
pos4,ungesehen,ohne 3,4,alle5,4,120,78,78
pos4,ungesehen,ohne 3,4,nur234,4,120,78,78
pos4,ungesehen,ohne 3,4,alle5,4,70,62,61
pos4,ungesehen,ohne 3,4,nur234,4,70,62,61
pos4,ungesehen,ohne 3,5,alle5,2,100,290,53
pos4,ungesehen,ohne 3,5,nur234,2,100,290,53
pos4,ungesehen,ohne 3,5,alle5,3,100,62,37
pos4,ungesehen,ohne 3,5,nur234,3,100,62,36
pos4,ungesehen,ohne 3,5,alle5,4,100,248,248
pos4,ungesehen,ohne 3,5,nur234,4,100,248,248
pos4,ungesehen,ohne 3,5,alle5,2,120,196,82
pos4,ungesehen,ohne 3,5,nur234,2,120,196,82
pos4,ungesehen,ohne 3,5,alle5,2,70,196,81
pos4,ungesehen,ohne 3,5,nur234,2,70,196,81
pos4,ungesehen,ohne 3,5,alle5,3,120,98,20
pos4,ungesehen,ohne 3,5,nur234,3,120,98,18
pos4,ungesehen,ohne 3,5,alle5,4,120,78,78
pos4,ungesehen,ohne 3,5,nur234,4,120,78,78
pos4,ungesehen,ohne 3,5,alle5,4,70,62,62
pos4,ungesehen,ohne 3,5,nur234,4,70,62,62
pos4,ungesehen,ohne 3,6,alle5,2,100,290,50
pos4,ungesehen,ohne 3,6,nur234,2,100,290,48
pos4,ungesehen,ohne 3,6,alle5,3,100,62,62
pos4,ungesehen,ohne 3,6,nur234,3,100,62,62
pos4,ungesehen,ohne 3,6,alle5,4,100,248,202
pos4,ungesehen,ohne 3,6,nur234,4,100,248,202
pos4,ungesehen,ohne 3,6,alle5,2,120,196,86
pos4,ungesehen,ohne 3,6,nur234,2,120,196,86
pos4,ungesehen,ohne 3,6,alle5,2,70,196,86
pos4,ungesehen,ohne 3,6,nur234,2,70,196,81
pos4,ungesehen,ohne 3,6,alle5,3,120,98,39
pos4,ungesehen,ohne 3,6,nur234,3,120,98,40
pos4,ungesehen,ohne 3,6,alle5,4,120,78,78
pos4,ungesehen,ohne 3,6,nur234,4,120,78,78
pos4,ungesehen,ohne 3,6,alle5,4,70,62,37
pos4,ungesehen,ohne 3,6,nur234,4,70,62,42
pos4,ungesehen,ohne 3,7,alle5,2,100,290,47
pos4,ungesehen,ohne 3,7,nur234,2,100,290,47
pos4,ungesehen,ohne 3,7,alle5,3,100,62,55
pos4,ungesehen,ohne 3,7,nur234,3,100,62,55
pos4,ungesehen,ohne 3,7,alle5,4,100,248,248
pos4,ungesehen,ohne 3,7,nur234,4,100,248,248
pos4,ungesehen,ohne 3,7,alle5,2,120,196,76
pos4,ungesehen,ohne 3,7,nur234,2,120,196,76
pos4,ungesehen,ohne 3,7,alle5,2,70,196,90
pos4,ungesehen,ohne 3,7,nur234,2,70,196,90
pos4,ungesehen,ohne 3,7,alle5,3,120,98,8
pos4,ungesehen,ohne 3,7,nur234,3,120,98,8
pos4,ungesehen,ohne 3,7,alle5,4,120,78,78
pos4,ungesehen,ohne 3,7,nur234,4,120,78,78
pos4,ungesehen,ohne 3,7,alle5,4,70,62,62
pos4,ungesehen,ohne 3,7,nur234,4,70,62,62
pos4,ungesehen,ohne 3,8,alle5,2,100,290,60
pos4,ungesehen,ohne 3,8,nur234,2,100,290,62
pos4,ungesehen,ohne 3,8,alle5,3,100,62,62
pos4,ungesehen,ohne 3,8,nur234,3,100,62,62
pos4,ungesehen,ohne 3,8,alle5,4,100,248,193
pos4,ungesehen,ohne 3,8,nur234,4,100,248,193
pos4,ungesehen,ohne 3,8,alle5,2,120,196,92
pos4,ungesehen,ohne 3,8,nur234,2,120,196,92
pos4,ungesehen,ohne 3,8,alle5,2,70,196,135
pos4,ungesehen,ohne 3,8,nur234,2,70,196,130
pos4,ungesehen,ohne 3,8,alle5,3,120,98,35
pos4,ungesehen,ohne 3,8,nur234,3,120,98,34
pos4,ungesehen,ohne 3,8,alle5,4,120,78,78
pos4,ungesehen,ohne 3,8,nur234,4,120,78,78
pos4,ungesehen,ohne 3,8,alle5,4,70,62,50
pos4,ungesehen,ohne 3,8,nur234,4,70,62,46
pos4,ungesehen,ohne 3,9,alle5,2,100,290,42
pos4,ungesehen,ohne 3,9,nur234,2,100,290,41
pos4,ungesehen,ohne 3,9,alle5,3,100,62,56
pos4,ungesehen,ohne 3,9,nur234,3,100,62,56
pos4,ungesehen,ohne 3,9,alle5,4,100,248,205
pos4,ungesehen,ohne 3,9,nur234,4,100,248,205
pos4,ungesehen,ohne 3,9,alle5,2,120,196,85
pos4,ungesehen,ohne 3,9,nur234,2,120,196,85
pos4,ungesehen,ohne 3,9,alle5,2,70,196,56
pos4,ungesehen,ohne 3,9,nur234,2,70,196,57
pos4,ungesehen,ohne 3,9,alle5,3,120,98,8
pos4,ungesehen,ohne 3,9,nur234,3,120,98,8
pos4,ungesehen,ohne 3,9,alle5,4,120,78,78
pos4,ungesehen,ohne 3,9,nur234,4,120,78,78
pos4,ungesehen,ohne 3,9,alle5,4,70,62,62
pos4,ungesehen,ohne 3,9,nur234,4,70,62,61
pos4,ungesehen,ohne 2,0,alle5,2,100,346,288
pos4,ungesehen,ohne 2,0,nur234,2,100,346,285
pos4,ungesehen,ohne 2,0,alle5,2,120,238,234
pos4,ungesehen,ohne 2,0,nur234,2,120,238,234
pos4,ungesehen,ohne 2,0,alle5,2,70,238,208
pos4,ungesehen,ohne 2,0,nur234,2,70,238,210
pos4,ungesehen,ohne 2,0,alle5,3,100,172,169
pos4,ungesehen,ohne 2,0,nur234,3,100,172,170
pos4,ungesehen,ohne 2,0,alle5,3,120,86,83
pos4,ungesehen,ohne 2,0,nur234,3,120,86,83
pos4,ungesehen,ohne 2,0,alle5,3,130,86,86
pos4,ungesehen,ohne 2,0,nur234,3,130,86,86
pos4,ungesehen,ohne 2,0,alle5,3,60,30,7
pos4,ungesehen,ohne 2,0,nur234,3,60,30,7
pos4,ungesehen,ohne 2,0,alle5,3,70,86,44
pos4,ungesehen,ohne 2,0,nur234,3,70,86,44
pos4,ungesehen,ohne 2,0,alle5,4,100,280,208
pos4,ungesehen,ohne 2,0,nur234,4,100,280,208
pos4,ungesehen,ohne 2,0,alle5,4,120,62,34
pos4,ungesehen,ohne 2,0,nur234,4,120,62,34
pos4,ungesehen,ohne 2,0,alle5,4,70,62,54
pos4,ungesehen,ohne 2,0,nur234,4,70,62,54
pos4,ungesehen,ohne 2,0,alle5,4,90,60,14
pos4,ungesehen,ohne 2,0,nur234,4,90,60,14
pos4,ungesehen,ohne 2,1,alle5,2,100,346,292
pos4,ungesehen,ohne 2,1,nur234,2,100,346,290
pos4,ungesehen,ohne 2,1,alle5,2,120,238,234
pos4,ungesehen,ohne 2,1,nur234,2,120,238,234
pos4,ungesehen,ohne 2,1,alle5,2,70,238,217
pos4,ungesehen,ohne 2,1,nur234,2,70,238,217
pos4,ungesehen,ohne 2,1,alle5,3,100,172,171
pos4,ungesehen,ohne 2,1,nur234,3,100,172,172
pos4,ungesehen,ohne 2,1,alle5,3,120,86,85
pos4,ungesehen,ohne 2,1,nur234,3,120,86,85
pos4,ungesehen,ohne 2,1,alle5,3,130,86,86
pos4,ungesehen,ohne 2,1,nur234,3,130,86,86
pos4,ungesehen,ohne 2,1,alle5,3,60,30,14
pos4,ungesehen,ohne 2,1,nur234,3,60,30,14
pos4,ungesehen,ohne 2,1,alle5,3,70,86,84
pos4,ungesehen,ohne 2,1,nur234,3,70,86,84
pos4,ungesehen,ohne 2,1,alle5,4,100,280,215
pos4,ungesehen,ohne 2,1,nur234,4,100,280,217
pos4,ungesehen,ohne 2,1,alle5,4,120,62,41
pos4,ungesehen,ohne 2,1,nur234,4,120,62,41
pos4,ungesehen,ohne 2,1,alle5,4,70,62,37
pos4,ungesehen,ohne 2,1,nur234,4,70,62,37
pos4,ungesehen,ohne 2,1,alle5,4,90,60,31
pos4,ungesehen,ohne 2,1,nur234,4,90,60,31
pos4,ungesehen,ohne 2,2,alle5,2,100,346,301
pos4,ungesehen,ohne 2,2,nur234,2,100,346,301
pos4,ungesehen,ohne 2,2,alle5,2,120,238,238
pos4,ungesehen,ohne 2,2,nur234,2,120,238,238
pos4,ungesehen,ohne 2,2,alle5,2,70,238,223
pos4,ungesehen,ohne 2,2,nur234,2,70,238,224
pos4,ungesehen,ohne 2,2,alle5,3,100,172,163
pos4,ungesehen,ohne 2,2,nur234,3,100,172,163
pos4,ungesehen,ohne 2,2,alle5,3,120,86,84
pos4,ungesehen,ohne 2,2,nur234,3,120,86,84
pos4,ungesehen,ohne 2,2,alle5,3,130,86,86
pos4,ungesehen,ohne 2,2,nur234,3,130,86,86
pos4,ungesehen,ohne 2,2,alle5,3,60,30,2
pos4,ungesehen,ohne 2,2,nur234,3,60,30,2
pos4,ungesehen,ohne 2,2,alle5,3,70,86,49
pos4,ungesehen,ohne 2,2,nur234,3,70,86,49
pos4,ungesehen,ohne 2,2,alle5,4,100,280,262
pos4,ungesehen,ohne 2,2,nur234,4,100,280,262
pos4,ungesehen,ohne 2,2,alle5,4,120,62,54
pos4,ungesehen,ohne 2,2,nur234,4,120,62,54
pos4,ungesehen,ohne 2,2,alle5,4,70,62,54
pos4,ungesehen,ohne 2,2,nur234,4,70,62,54
pos4,ungesehen,ohne 2,2,alle5,4,90,60,50
pos4,ungesehen,ohne 2,2,nur234,4,90,60,50
pos4,ungesehen,ohne 2,3,alle5,2,100,346,303
pos4,ungesehen,ohne 2,3,nur234,2,100,346,303
pos4,ungesehen,ohne 2,3,alle5,2,120,238,238
pos4,ungesehen,ohne 2,3,nur234,2,120,238,238
pos4,ungesehen,ohne 2,3,alle5,2,70,238,222
pos4,ungesehen,ohne 2,3,nur234,2,70,238,222
pos4,ungesehen,ohne 2,3,alle5,3,100,172,172
pos4,ungesehen,ohne 2,3,nur234,3,100,172,172
pos4,ungesehen,ohne 2,3,alle5,3,120,86,84
pos4,ungesehen,ohne 2,3,nur234,3,120,86,84
pos4,ungesehen,ohne 2,3,alle5,3,130,86,86
pos4,ungesehen,ohne 2,3,nur234,3,130,86,86
pos4,ungesehen,ohne 2,3,alle5,3,60,30,22
pos4,ungesehen,ohne 2,3,nur234,3,60,30,22
pos4,ungesehen,ohne 2,3,alle5,3,70,86,86
pos4,ungesehen,ohne 2,3,nur234,3,70,86,86
pos4,ungesehen,ohne 2,3,alle5,4,100,280,153
pos4,ungesehen,ohne 2,3,nur234,4,100,280,153
pos4,ungesehen,ohne 2,3,alle5,4,120,62,0
pos4,ungesehen,ohne 2,3,nur234,4,120,62,0
pos4,ungesehen,ohne 2,3,alle5,4,70,62,5
pos4,ungesehen,ohne 2,3,nur234,4,70,62,5
pos4,ungesehen,ohne 2,3,alle5,4,90,60,0
pos4,ungesehen,ohne 2,3,nur234,4,90,60,0
pos4,ungesehen,ohne 2,4,alle5,2,100,346,314
pos4,ungesehen,ohne 2,4,nur234,2,100,346,314
pos4,ungesehen,ohne 2,4,alle5,2,120,238,238
pos4,ungesehen,ohne 2,4,nur234,2,120,238,238
pos4,ungesehen,ohne 2,4,alle5,2,70,238,225
pos4,ungesehen,ohne 2,4,nur234,2,70,238,225
pos4,ungesehen,ohne 2,4,alle5,3,100,172,167
pos4,ungesehen,ohne 2,4,nur234,3,100,172,167
pos4,ungesehen,ohne 2,4,alle5,3,120,86,82
pos4,ungesehen,ohne 2,4,nur234,3,120,86,82
pos4,ungesehen,ohne 2,4,alle5,3,130,86,86
pos4,ungesehen,ohne 2,4,nur234,3,130,86,86
pos4,ungesehen,ohne 2,4,alle5,3,60,30,5
pos4,ungesehen,ohne 2,4,nur234,3,60,30,5
pos4,ungesehen,ohne 2,4,alle5,3,70,86,62
pos4,ungesehen,ohne 2,4,nur234,3,70,86,62
pos4,ungesehen,ohne 2,4,alle5,4,100,280,246
pos4,ungesehen,ohne 2,4,nur234,4,100,280,246
pos4,ungesehen,ohne 2,4,alle5,4,120,62,51
pos4,ungesehen,ohne 2,4,nur234,4,120,62,51
pos4,ungesehen,ohne 2,4,alle5,4,70,62,58
pos4,ungesehen,ohne 2,4,nur234,4,70,62,58
pos4,ungesehen,ohne 2,4,alle5,4,90,60,44
pos4,ungesehen,ohne 2,4,nur234,4,90,60,44
pos4,ungesehen,ohne 2,5,alle5,2,100,346,298
pos4,ungesehen,ohne 2,5,nur234,2,100,346,296
pos4,ungesehen,ohne 2,5,alle5,2,120,238,238
pos4,ungesehen,ohne 2,5,nur234,2,120,238,238
pos4,ungesehen,ohne 2,5,alle5,2,70,238,202
pos4,ungesehen,ohne 2,5,nur234,2,70,238,202
pos4,ungesehen,ohne 2,5,alle5,3,100,172,169
pos4,ungesehen,ohne 2,5,nur234,3,100,172,170
pos4,ungesehen,ohne 2,5,alle5,3,120,86,84
pos4,ungesehen,ohne 2,5,nur234,3,120,86,84
pos4,ungesehen,ohne 2,5,alle5,3,130,86,86
pos4,ungesehen,ohne 2,5,nur234,3,130,86,86
pos4,ungesehen,ohne 2,5,alle5,3,60,30,4
pos4,ungesehen,ohne 2,5,nur234,3,60,30,4
pos4,ungesehen,ohne 2,5,alle5,3,70,86,38
pos4,ungesehen,ohne 2,5,nur234,3,70,86,38
pos4,ungesehen,ohne 2,5,alle5,4,100,280,241
pos4,ungesehen,ohne 2,5,nur234,4,100,280,240
pos4,ungesehen,ohne 2,5,alle5,4,120,62,55
pos4,ungesehen,ohne 2,5,nur234,4,120,62,55
pos4,ungesehen,ohne 2,5,alle5,4,70,62,56
pos4,ungesehen,ohne 2,5,nur234,4,70,62,56
pos4,ungesehen,ohne 2,5,alle5,4,90,60,39
pos4,ungesehen,ohne 2,5,nur234,4,90,60,39
pos4,ungesehen,ohne 2,6,alle5,2,100,346,325
pos4,ungesehen,ohne 2,6,nur234,2,100,346,323
pos4,ungesehen,ohne 2,6,alle5,2,120,238,238
pos4,ungesehen,ohne 2,6,nur234,2,120,238,238
pos4,ungesehen,ohne 2,6,alle5,2,70,238,226
pos4,ungesehen,ohne 2,6,nur234,2,70,238,226
pos4,ungesehen,ohne 2,6,alle5,3,100,172,168
pos4,ungesehen,ohne 2,6,nur234,3,100,172,168
pos4,ungesehen,ohne 2,6,alle5,3,120,86,83
pos4,ungesehen,ohne 2,6,nur234,3,120,86,83
pos4,ungesehen,ohne 2,6,alle5,3,130,86,86
pos4,ungesehen,ohne 2,6,nur234,3,130,86,86
pos4,ungesehen,ohne 2,6,alle5,3,60,30,24
pos4,ungesehen,ohne 2,6,nur234,3,60,30,24
pos4,ungesehen,ohne 2,6,alle5,3,70,86,86
pos4,ungesehen,ohne 2,6,nur234,3,70,86,86
pos4,ungesehen,ohne 2,6,alle5,4,100,280,190
pos4,ungesehen,ohne 2,6,nur234,4,100,280,192
pos4,ungesehen,ohne 2,6,alle5,4,120,62,26
pos4,ungesehen,ohne 2,6,nur234,4,120,62,26
pos4,ungesehen,ohne 2,6,alle5,4,70,62,23
pos4,ungesehen,ohne 2,6,nur234,4,70,62,23
pos4,ungesehen,ohne 2,6,alle5,4,90,60,0
pos4,ungesehen,ohne 2,6,nur234,4,90,60,0
pos4,ungesehen,ohne 2,7,alle5,2,100,346,303
pos4,ungesehen,ohne 2,7,nur234,2,100,346,303
pos4,ungesehen,ohne 2,7,alle5,2,120,238,238
pos4,ungesehen,ohne 2,7,nur234,2,120,238,238
pos4,ungesehen,ohne 2,7,alle5,2,70,238,219
pos4,ungesehen,ohne 2,7,nur234,2,70,238,219
pos4,ungesehen,ohne 2,7,alle5,3,100,172,169
pos4,ungesehen,ohne 2,7,nur234,3,100,172,170
pos4,ungesehen,ohne 2,7,alle5,3,120,86,85
pos4,ungesehen,ohne 2,7,nur234,3,120,86,85
pos4,ungesehen,ohne 2,7,alle5,3,130,86,86
pos4,ungesehen,ohne 2,7,nur234,3,130,86,86
pos4,ungesehen,ohne 2,7,alle5,3,60,30,6
pos4,ungesehen,ohne 2,7,nur234,3,60,30,6
pos4,ungesehen,ohne 2,7,alle5,3,70,86,77
pos4,ungesehen,ohne 2,7,nur234,3,70,86,77
pos4,ungesehen,ohne 2,7,alle5,4,100,280,199
pos4,ungesehen,ohne 2,7,nur234,4,100,280,198
pos4,ungesehen,ohne 2,7,alle5,4,120,62,21
pos4,ungesehen,ohne 2,7,nur234,4,120,62,21
pos4,ungesehen,ohne 2,7,alle5,4,70,62,51
pos4,ungesehen,ohne 2,7,nur234,4,70,62,51
pos4,ungesehen,ohne 2,7,alle5,4,90,60,29
pos4,ungesehen,ohne 2,7,nur234,4,90,60,29
pos4,ungesehen,ohne 2,8,alle5,2,100,346,306
pos4,ungesehen,ohne 2,8,nur234,2,100,346,301
pos4,ungesehen,ohne 2,8,alle5,2,120,238,238
pos4,ungesehen,ohne 2,8,nur234,2,120,238,238
pos4,ungesehen,ohne 2,8,alle5,2,70,238,226
pos4,ungesehen,ohne 2,8,nur234,2,70,238,226
pos4,ungesehen,ohne 2,8,alle5,3,100,172,171
pos4,ungesehen,ohne 2,8,nur234,3,100,172,171
pos4,ungesehen,ohne 2,8,alle5,3,120,86,84
pos4,ungesehen,ohne 2,8,nur234,3,120,86,84
pos4,ungesehen,ohne 2,8,alle5,3,130,86,86
pos4,ungesehen,ohne 2,8,nur234,3,130,86,86
pos4,ungesehen,ohne 2,8,alle5,3,60,30,13
pos4,ungesehen,ohne 2,8,nur234,3,60,30,13
pos4,ungesehen,ohne 2,8,alle5,3,70,86,66
pos4,ungesehen,ohne 2,8,nur234,3,70,86,66
pos4,ungesehen,ohne 2,8,alle5,4,100,280,219
pos4,ungesehen,ohne 2,8,nur234,4,100,280,220
pos4,ungesehen,ohne 2,8,alle5,4,120,62,25
pos4,ungesehen,ohne 2,8,nur234,4,120,62,25
pos4,ungesehen,ohne 2,8,alle5,4,70,62,51
pos4,ungesehen,ohne 2,8,nur234,4,70,62,51
pos4,ungesehen,ohne 2,8,alle5,4,90,60,34
pos4,ungesehen,ohne 2,8,nur234,4,90,60,34
pos4,ungesehen,ohne 2,9,alle5,2,100,346,305
pos4,ungesehen,ohne 2,9,nur234,2,100,346,303
pos4,ungesehen,ohne 2,9,alle5,2,120,238,238
pos4,ungesehen,ohne 2,9,nur234,2,120,238,238
pos4,ungesehen,ohne 2,9,alle5,2,70,238,221
pos4,ungesehen,ohne 2,9,nur234,2,70,238,222
pos4,ungesehen,ohne 2,9,alle5,3,100,172,170
pos4,ungesehen,ohne 2,9,nur234,3,100,172,171
pos4,ungesehen,ohne 2,9,alle5,3,120,86,84
pos4,ungesehen,ohne 2,9,nur234,3,120,86,84
pos4,ungesehen,ohne 2,9,alle5,3,130,86,86
pos4,ungesehen,ohne 2,9,nur234,3,130,86,86
pos4,ungesehen,ohne 2,9,alle5,3,60,30,14
pos4,ungesehen,ohne 2,9,nur234,3,60,30,14
pos4,ungesehen,ohne 2,9,alle5,3,70,86,77
pos4,ungesehen,ohne 2,9,nur234,3,70,86,77
pos4,ungesehen,ohne 2,9,alle5,4,100,280,199
pos4,ungesehen,ohne 2,9,nur234,4,100,280,201
pos4,ungesehen,ohne 2,9,alle5,4,120,62,27
pos4,ungesehen,ohne 2,9,nur234,4,120,62,27
pos4,ungesehen,ohne 2,9,alle5,4,70,62,46
pos4,ungesehen,ohne 2,9,nur234,4,70,62,46
pos4,ungesehen,ohne 2,9,alle5,4,90,60,10
pos4,ungesehen,ohne 2,9,nur234,4,90,60,10
pos4,ungesehen,ohne 1,0,alle5,2,100,436,431
pos4,ungesehen,ohne 1,0,nur234,2,100,436,434
pos4,ungesehen,ohne 1,0,alle5,2,120,690,600
pos4,ungesehen,ohne 1,0,nur234,2,120,690,625
pos4,ungesehen,ohne 1,0,alle5,2,70,794,596
pos4,ungesehen,ohne 1,0,nur234,2,70,794,753
pos4,ungesehen,ohne 1,0,alle5,3,100,672,257
pos4,ungesehen,ohne 1,0,nur234,3,100,672,285
pos4,ungesehen,ohne 1,0,alle5,3,120,736,355
pos4,ungesehen,ohne 1,0,nur234,3,120,736,364
pos4,ungesehen,ohne 1,0,alle5,3,70,642,257
pos4,ungesehen,ohne 1,0,nur234,3,70,642,318
pos4,ungesehen,ohne 1,0,alle5,4,100,368,264
pos4,ungesehen,ohne 1,0,nur234,4,100,368,281
pos4,ungesehen,ohne 1,0,alle5,4,120,344,265
pos4,ungesehen,ohne 1,0,nur234,4,120,344,332
pos4,ungesehen,ohne 1,0,alle5,4,125,470,386
pos4,ungesehen,ohne 1,0,nur234,4,125,470,459
pos4,ungesehen,ohne 1,0,alle5,4,60,94,5
pos4,ungesehen,ohne 1,0,nur234,4,60,94,93
pos4,ungesehen,ohne 1,0,alle5,4,70,124,4
pos4,ungesehen,ohne 1,0,nur234,4,70,124,124
pos4,ungesehen,ohne 1,0,alle5,4,80,188,69
pos4,ungesehen,ohne 1,0,nur234,4,80,188,188
pos4,ungesehen,ohne 1,1,alle5,2,100,436,429
pos4,ungesehen,ohne 1,1,nur234,2,100,436,435
pos4,ungesehen,ohne 1,1,alle5,2,120,690,615
pos4,ungesehen,ohne 1,1,nur234,2,120,690,632
pos4,ungesehen,ohne 1,1,alle5,2,70,794,781
pos4,ungesehen,ohne 1,1,nur234,2,70,794,791
pos4,ungesehen,ohne 1,1,alle5,3,100,672,271
pos4,ungesehen,ohne 1,1,nur234,3,100,672,289
pos4,ungesehen,ohne 1,1,alle5,3,120,736,360
pos4,ungesehen,ohne 1,1,nur234,3,120,736,365
pos4,ungesehen,ohne 1,1,alle5,3,70,642,222
pos4,ungesehen,ohne 1,1,nur234,3,70,642,236
pos4,ungesehen,ohne 1,1,alle5,4,100,368,272
pos4,ungesehen,ohne 1,1,nur234,4,100,368,284
pos4,ungesehen,ohne 1,1,alle5,4,120,344,294
pos4,ungesehen,ohne 1,1,nur234,4,120,344,331
pos4,ungesehen,ohne 1,1,alle5,4,125,470,452
pos4,ungesehen,ohne 1,1,nur234,4,125,470,459
pos4,ungesehen,ohne 1,1,alle5,4,60,94,20
pos4,ungesehen,ohne 1,1,nur234,4,60,94,94
pos4,ungesehen,ohne 1,1,alle5,4,70,124,83
pos4,ungesehen,ohne 1,1,nur234,4,70,124,124
pos4,ungesehen,ohne 1,1,alle5,4,80,188,184
pos4,ungesehen,ohne 1,1,nur234,4,80,188,188
pos4,ungesehen,ohne 1,2,alle5,2,100,436,433
pos4,ungesehen,ohne 1,2,nur234,2,100,436,434
pos4,ungesehen,ohne 1,2,alle5,2,120,690,615
pos4,ungesehen,ohne 1,2,nur234,2,120,690,626
pos4,ungesehen,ohne 1,2,alle5,2,70,794,765
pos4,ungesehen,ohne 1,2,nur234,2,70,794,791
pos4,ungesehen,ohne 1,2,alle5,3,100,672,303
pos4,ungesehen,ohne 1,2,nur234,3,100,672,324
pos4,ungesehen,ohne 1,2,alle5,3,120,736,368
pos4,ungesehen,ohne 1,2,nur234,3,120,736,375
pos4,ungesehen,ohne 1,2,alle5,3,70,642,195
pos4,ungesehen,ohne 1,2,nur234,3,70,642,192
pos4,ungesehen,ohne 1,2,alle5,4,100,368,273
pos4,ungesehen,ohne 1,2,nur234,4,100,368,278
pos4,ungesehen,ohne 1,2,alle5,4,120,344,296
pos4,ungesehen,ohne 1,2,nur234,4,120,344,333
pos4,ungesehen,ohne 1,2,alle5,4,125,470,456
pos4,ungesehen,ohne 1,2,nur234,4,125,470,459
pos4,ungesehen,ohne 1,2,alle5,4,60,94,14
pos4,ungesehen,ohne 1,2,nur234,4,60,94,92
pos4,ungesehen,ohne 1,2,alle5,4,70,124,79
pos4,ungesehen,ohne 1,2,nur234,4,70,124,124
pos4,ungesehen,ohne 1,2,alle5,4,80,188,185
pos4,ungesehen,ohne 1,2,nur234,4,80,188,188
pos4,ungesehen,ohne 1,3,alle5,2,100,436,432
pos4,ungesehen,ohne 1,3,nur234,2,100,436,432
pos4,ungesehen,ohne 1,3,alle5,2,120,690,607
pos4,ungesehen,ohne 1,3,nur234,2,120,690,627
pos4,ungesehen,ohne 1,3,alle5,2,70,794,698
pos4,ungesehen,ohne 1,3,nur234,2,70,794,790
pos4,ungesehen,ohne 1,3,alle5,3,100,672,290
pos4,ungesehen,ohne 1,3,nur234,3,100,672,320
pos4,ungesehen,ohne 1,3,alle5,3,120,736,429
pos4,ungesehen,ohne 1,3,nur234,3,120,736,431
pos4,ungesehen,ohne 1,3,alle5,3,70,642,237
pos4,ungesehen,ohne 1,3,nur234,3,70,642,269
pos4,ungesehen,ohne 1,3,alle5,4,100,368,266
pos4,ungesehen,ohne 1,3,nur234,4,100,368,275
pos4,ungesehen,ohne 1,3,alle5,4,120,344,280
pos4,ungesehen,ohne 1,3,nur234,4,120,344,329
pos4,ungesehen,ohne 1,3,alle5,4,125,470,431
pos4,ungesehen,ohne 1,3,nur234,4,125,470,458
pos4,ungesehen,ohne 1,3,alle5,4,60,94,5
pos4,ungesehen,ohne 1,3,nur234,4,60,94,88
pos4,ungesehen,ohne 1,3,alle5,4,70,124,56
pos4,ungesehen,ohne 1,3,nur234,4,70,124,122
pos4,ungesehen,ohne 1,3,alle5,4,80,188,167
pos4,ungesehen,ohne 1,3,nur234,4,80,188,188
pos4,ungesehen,ohne 1,4,alle5,2,100,436,430
pos4,ungesehen,ohne 1,4,nur234,2,100,436,434
pos4,ungesehen,ohne 1,4,alle5,2,120,690,604
pos4,ungesehen,ohne 1,4,nur234,2,120,690,617
pos4,ungesehen,ohne 1,4,alle5,2,70,794,682
pos4,ungesehen,ohne 1,4,nur234,2,70,794,779
pos4,ungesehen,ohne 1,4,alle5,3,100,672,234
pos4,ungesehen,ohne 1,4,nur234,3,100,672,262
pos4,ungesehen,ohne 1,4,alle5,3,120,736,349
pos4,ungesehen,ohne 1,4,nur234,3,120,736,355
pos4,ungesehen,ohne 1,4,alle5,3,70,642,219
pos4,ungesehen,ohne 1,4,nur234,3,70,642,244
pos4,ungesehen,ohne 1,4,alle5,4,100,368,275
pos4,ungesehen,ohne 1,4,nur234,4,100,368,288
pos4,ungesehen,ohne 1,4,alle5,4,120,344,302
pos4,ungesehen,ohne 1,4,nur234,4,120,344,334
pos4,ungesehen,ohne 1,4,alle5,4,125,470,459
pos4,ungesehen,ohne 1,4,nur234,4,125,470,461
pos4,ungesehen,ohne 1,4,alle5,4,60,94,40
pos4,ungesehen,ohne 1,4,nur234,4,60,94,93
pos4,ungesehen,ohne 1,4,alle5,4,70,124,108
pos4,ungesehen,ohne 1,4,nur234,4,70,124,124
pos4,ungesehen,ohne 1,4,alle5,4,80,188,188
pos4,ungesehen,ohne 1,4,nur234,4,80,188,188
pos4,ungesehen,ohne 1,5,alle5,2,100,436,433
pos4,ungesehen,ohne 1,5,nur234,2,100,436,436
pos4,ungesehen,ohne 1,5,alle5,2,120,690,628
pos4,ungesehen,ohne 1,5,nur234,2,120,690,657
pos4,ungesehen,ohne 1,5,alle5,2,70,794,778
pos4,ungesehen,ohne 1,5,nur234,2,70,794,793
pos4,ungesehen,ohne 1,5,alle5,3,100,672,334
pos4,ungesehen,ohne 1,5,nur234,3,100,672,341
pos4,ungesehen,ohne 1,5,alle5,3,120,736,367
pos4,ungesehen,ohne 1,5,nur234,3,120,736,378
pos4,ungesehen,ohne 1,5,alle5,3,70,642,307
pos4,ungesehen,ohne 1,5,nur234,3,70,642,306
pos4,ungesehen,ohne 1,5,alle5,4,100,368,268
pos4,ungesehen,ohne 1,5,nur234,4,100,368,271
pos4,ungesehen,ohne 1,5,alle5,4,120,344,299
pos4,ungesehen,ohne 1,5,nur234,4,120,344,316
pos4,ungesehen,ohne 1,5,alle5,4,125,470,454
pos4,ungesehen,ohne 1,5,nur234,4,125,470,458
pos4,ungesehen,ohne 1,5,alle5,4,60,94,27
pos4,ungesehen,ohne 1,5,nur234,4,60,94,83
pos4,ungesehen,ohne 1,5,alle5,4,70,124,97
pos4,ungesehen,ohne 1,5,nur234,4,70,124,122
pos4,ungesehen,ohne 1,5,alle5,4,80,188,184
pos4,ungesehen,ohne 1,5,nur234,4,80,188,186
pos4,ungesehen,ohne 1,6,alle5,2,100,436,432
pos4,ungesehen,ohne 1,6,nur234,2,100,436,434
pos4,ungesehen,ohne 1,6,alle5,2,120,690,610
pos4,ungesehen,ohne 1,6,nur234,2,120,690,635
pos4,ungesehen,ohne 1,6,alle5,2,70,794,689
pos4,ungesehen,ohne 1,6,nur234,2,70,794,790
pos4,ungesehen,ohne 1,6,alle5,3,100,672,267
pos4,ungesehen,ohne 1,6,nur234,3,100,672,292
pos4,ungesehen,ohne 1,6,alle5,3,120,736,356
pos4,ungesehen,ohne 1,6,nur234,3,120,736,352
pos4,ungesehen,ohne 1,6,alle5,3,70,642,228
pos4,ungesehen,ohne 1,6,nur234,3,70,642,227
pos4,ungesehen,ohne 1,6,alle5,4,100,368,270
pos4,ungesehen,ohne 1,6,nur234,4,100,368,280
pos4,ungesehen,ohne 1,6,alle5,4,120,344,274
pos4,ungesehen,ohne 1,6,nur234,4,120,344,331
pos4,ungesehen,ohne 1,6,alle5,4,125,470,416
pos4,ungesehen,ohne 1,6,nur234,4,125,470,460
pos4,ungesehen,ohne 1,6,alle5,4,60,94,2
pos4,ungesehen,ohne 1,6,nur234,4,60,94,89
pos4,ungesehen,ohne 1,6,alle5,4,70,124,14
pos4,ungesehen,ohne 1,6,nur234,4,70,124,124
pos4,ungesehen,ohne 1,6,alle5,4,80,188,130
pos4,ungesehen,ohne 1,6,nur234,4,80,188,188
pos4,ungesehen,ohne 1,7,alle5,2,100,436,427
pos4,ungesehen,ohne 1,7,nur234,2,100,436,428
pos4,ungesehen,ohne 1,7,alle5,2,120,690,611
pos4,ungesehen,ohne 1,7,nur234,2,120,690,650
pos4,ungesehen,ohne 1,7,alle5,2,70,794,745
pos4,ungesehen,ohne 1,7,nur234,2,70,794,786
pos4,ungesehen,ohne 1,7,alle5,3,100,672,291
pos4,ungesehen,ohne 1,7,nur234,3,100,672,321
pos4,ungesehen,ohne 1,7,alle5,3,120,736,362
pos4,ungesehen,ohne 1,7,nur234,3,120,736,367
pos4,ungesehen,ohne 1,7,alle5,3,70,642,304
pos4,ungesehen,ohne 1,7,nur234,3,70,642,315
pos4,ungesehen,ohne 1,7,alle5,4,100,368,264
pos4,ungesehen,ohne 1,7,nur234,4,100,368,271
pos4,ungesehen,ohne 1,7,alle5,4,120,344,271
pos4,ungesehen,ohne 1,7,nur234,4,120,344,326
pos4,ungesehen,ohne 1,7,alle5,4,125,470,377
pos4,ungesehen,ohne 1,7,nur234,4,125,470,458
pos4,ungesehen,ohne 1,7,alle5,4,60,94,8
pos4,ungesehen,ohne 1,7,nur234,4,60,94,85
pos4,ungesehen,ohne 1,7,alle5,4,70,124,66
pos4,ungesehen,ohne 1,7,nur234,4,70,124,122
pos4,ungesehen,ohne 1,7,alle5,4,80,188,179
pos4,ungesehen,ohne 1,7,nur234,4,80,188,188
pos4,ungesehen,ohne 1,8,alle5,2,100,436,431
pos4,ungesehen,ohne 1,8,nur234,2,100,436,436
pos4,ungesehen,ohne 1,8,alle5,2,120,690,608
pos4,ungesehen,ohne 1,8,nur234,2,120,690,619
pos4,ungesehen,ohne 1,8,alle5,2,70,794,716
pos4,ungesehen,ohne 1,8,nur234,2,70,794,791
pos4,ungesehen,ohne 1,8,alle5,3,100,672,300
pos4,ungesehen,ohne 1,8,nur234,3,100,672,310
pos4,ungesehen,ohne 1,8,alle5,3,120,736,359
pos4,ungesehen,ohne 1,8,nur234,3,120,736,364
pos4,ungesehen,ohne 1,8,alle5,3,70,642,278
pos4,ungesehen,ohne 1,8,nur234,3,70,642,298
pos4,ungesehen,ohne 1,8,alle5,4,100,368,272
pos4,ungesehen,ohne 1,8,nur234,4,100,368,280
pos4,ungesehen,ohne 1,8,alle5,4,120,344,307
pos4,ungesehen,ohne 1,8,nur234,4,120,344,333
pos4,ungesehen,ohne 1,8,alle5,4,125,470,455
pos4,ungesehen,ohne 1,8,nur234,4,125,470,460
pos4,ungesehen,ohne 1,8,alle5,4,60,94,21
pos4,ungesehen,ohne 1,8,nur234,4,60,94,92
pos4,ungesehen,ohne 1,8,alle5,4,70,124,78
pos4,ungesehen,ohne 1,8,nur234,4,70,124,124
pos4,ungesehen,ohne 1,8,alle5,4,80,188,188
pos4,ungesehen,ohne 1,8,nur234,4,80,188,188
pos4,ungesehen,ohne 1,9,alle5,2,100,436,434
pos4,ungesehen,ohne 1,9,nur234,2,100,436,436
pos4,ungesehen,ohne 1,9,alle5,2,120,690,631
pos4,ungesehen,ohne 1,9,nur234,2,120,690,671
pos4,ungesehen,ohne 1,9,alle5,2,70,794,748
pos4,ungesehen,ohne 1,9,nur234,2,70,794,793
pos4,ungesehen,ohne 1,9,alle5,3,100,672,260
pos4,ungesehen,ohne 1,9,nur234,3,100,672,288
pos4,ungesehen,ohne 1,9,alle5,3,120,736,327
pos4,ungesehen,ohne 1,9,nur234,3,120,736,326
pos4,ungesehen,ohne 1,9,alle5,3,70,642,139
pos4,ungesehen,ohne 1,9,nur234,3,70,642,147
pos4,ungesehen,ohne 1,9,alle5,4,100,368,265
pos4,ungesehen,ohne 1,9,nur234,4,100,368,271
pos4,ungesehen,ohne 1,9,alle5,4,120,344,289
pos4,ungesehen,ohne 1,9,nur234,4,120,344,326
pos4,ungesehen,ohne 1,9,alle5,4,125,470,455
pos4,ungesehen,ohne 1,9,nur234,4,125,470,459
pos4,ungesehen,ohne 1,9,alle5,4,60,94,16
pos4,ungesehen,ohne 1,9,nur234,4,60,94,92
pos4,ungesehen,ohne 1,9,alle5,4,70,124,87
pos4,ungesehen,ohne 1,9,nur234,4,70,124,124
pos4,ungesehen,ohne 1,9,alle5,4,80,188,182
pos4,ungesehen,ohne 1,9,nur234,4,80,188,188
tips6pos,bekannt,alle Personen (80/20),0,alle5,2,120,94,33
tips6pos,bekannt,alle Personen (80/20),0,nur234,2,120,94,33
tips6pos,bekannt,alle Personen (80/20),0,alle5,2,70,278,234
tips6pos,bekannt,alle Personen (80/20),0,nur234,2,70,278,237
tips6pos,bekannt,alle Personen (80/20),0,alle5,3,120,86,82
tips6pos,bekannt,alle Personen (80/20),0,nur234,3,120,86,82
tips6pos,bekannt,alle Personen (80/20),0,alle5,3,70,278,250
tips6pos,bekannt,alle Personen (80/20),0,nur234,3,70,278,250
tips6pos,bekannt,alle Personen (80/20),0,alle5,4,100,30,28
tips6pos,bekannt,alle Personen (80/20),0,nur234,4,100,30,29
tips6pos,bekannt,alle Personen (80/20),0,alle5,4,125,94,94
tips6pos,bekannt,alle Personen (80/20),0,nur234,4,125,94,94
tips6pos,bekannt,alle Personen (80/20),0,alle5,4,60,94,69
tips6pos,bekannt,alle Personen (80/20),0,nur234,4,60,94,93
tips6pos,bekannt,alle Personen (80/20),0,alle5,4,70,124,120
tips6pos,bekannt,alle Personen (80/20),0,nur234,4,70,124,120
tips6pos,bekannt,alle Personen (80/20),0,alle5,4,80,94,94
tips6pos,bekannt,alle Personen (80/20),0,nur234,4,80,94,94
tips6pos,bekannt,alle Personen (80/20),0,alle5,2,100,94,62
tips6pos,bekannt,alle Personen (80/20),0,nur234,2,100,94,62
tips6pos,bekannt,alle Personen (80/20),0,alle5,3,60,30,22
tips6pos,bekannt,alle Personen (80/20),0,nur234,3,60,30,22
tips6pos,bekannt,alle Personen (80/20),0,alle5,4,120,62,62
tips6pos,bekannt,alle Personen (80/20),0,nur234,4,120,62,62
tips6pos,bekannt,alle Personen (80/20),1,alle5,2,120,94,32
tips6pos,bekannt,alle Personen (80/20),1,nur234,2,120,94,31
tips6pos,bekannt,alle Personen (80/20),1,alle5,2,70,278,195
tips6pos,bekannt,alle Personen (80/20),1,nur234,2,70,278,196
tips6pos,bekannt,alle Personen (80/20),1,alle5,3,120,86,82
tips6pos,bekannt,alle Personen (80/20),1,nur234,3,120,86,82
tips6pos,bekannt,alle Personen (80/20),1,alle5,3,70,278,205
tips6pos,bekannt,alle Personen (80/20),1,nur234,3,70,278,205
tips6pos,bekannt,alle Personen (80/20),1,alle5,4,100,30,28
tips6pos,bekannt,alle Personen (80/20),1,nur234,4,100,30,29
tips6pos,bekannt,alle Personen (80/20),1,alle5,4,125,94,93
tips6pos,bekannt,alle Personen (80/20),1,nur234,4,125,94,93
tips6pos,bekannt,alle Personen (80/20),1,alle5,4,60,94,52
tips6pos,bekannt,alle Personen (80/20),1,nur234,4,60,94,91
tips6pos,bekannt,alle Personen (80/20),1,alle5,4,70,124,107
tips6pos,bekannt,alle Personen (80/20),1,nur234,4,70,124,116
tips6pos,bekannt,alle Personen (80/20),1,alle5,4,80,94,94
tips6pos,bekannt,alle Personen (80/20),1,nur234,4,80,94,94
tips6pos,bekannt,alle Personen (80/20),1,alle5,2,100,94,70
tips6pos,bekannt,alle Personen (80/20),1,nur234,2,100,94,69
tips6pos,bekannt,alle Personen (80/20),1,alle5,3,60,30,26
tips6pos,bekannt,alle Personen (80/20),1,nur234,3,60,30,26
tips6pos,bekannt,alle Personen (80/20),1,alle5,4,120,62,62
tips6pos,bekannt,alle Personen (80/20),1,nur234,4,120,62,62
tips6pos,bekannt,alle Personen (80/20),2,alle5,2,120,94,33
tips6pos,bekannt,alle Personen (80/20),2,nur234,2,120,94,33
tips6pos,bekannt,alle Personen (80/20),2,alle5,2,70,278,232
tips6pos,bekannt,alle Personen (80/20),2,nur234,2,70,278,232
tips6pos,bekannt,alle Personen (80/20),2,alle5,3,120,86,82
tips6pos,bekannt,alle Personen (80/20),2,nur234,3,120,86,82
tips6pos,bekannt,alle Personen (80/20),2,alle5,3,70,278,198
tips6pos,bekannt,alle Personen (80/20),2,nur234,3,70,278,198
tips6pos,bekannt,alle Personen (80/20),2,alle5,4,100,30,29
tips6pos,bekannt,alle Personen (80/20),2,nur234,4,100,30,29
tips6pos,bekannt,alle Personen (80/20),2,alle5,4,125,94,94
tips6pos,bekannt,alle Personen (80/20),2,nur234,4,125,94,94
tips6pos,bekannt,alle Personen (80/20),2,alle5,4,60,94,49
tips6pos,bekannt,alle Personen (80/20),2,nur234,4,60,94,90
tips6pos,bekannt,alle Personen (80/20),2,alle5,4,70,124,105
tips6pos,bekannt,alle Personen (80/20),2,nur234,4,70,124,123
tips6pos,bekannt,alle Personen (80/20),2,alle5,4,80,94,94
tips6pos,bekannt,alle Personen (80/20),2,nur234,4,80,94,94
tips6pos,bekannt,alle Personen (80/20),2,alle5,2,100,94,79
tips6pos,bekannt,alle Personen (80/20),2,nur234,2,100,94,79
tips6pos,bekannt,alle Personen (80/20),2,alle5,3,60,30,18
tips6pos,bekannt,alle Personen (80/20),2,nur234,3,60,30,16
tips6pos,bekannt,alle Personen (80/20),2,alle5,4,120,62,62
tips6pos,bekannt,alle Personen (80/20),2,nur234,4,120,62,62
tips6pos,bekannt,alle Personen (80/20),3,alle5,2,120,94,31
tips6pos,bekannt,alle Personen (80/20),3,nur234,2,120,94,32
tips6pos,bekannt,alle Personen (80/20),3,alle5,2,70,278,243
tips6pos,bekannt,alle Personen (80/20),3,nur234,2,70,278,251
tips6pos,bekannt,alle Personen (80/20),3,alle5,3,120,86,82
tips6pos,bekannt,alle Personen (80/20),3,nur234,3,120,86,82
tips6pos,bekannt,alle Personen (80/20),3,alle5,3,70,278,239
tips6pos,bekannt,alle Personen (80/20),3,nur234,3,70,278,239
tips6pos,bekannt,alle Personen (80/20),3,alle5,4,100,30,28
tips6pos,bekannt,alle Personen (80/20),3,nur234,4,100,30,30
tips6pos,bekannt,alle Personen (80/20),3,alle5,4,125,94,93
tips6pos,bekannt,alle Personen (80/20),3,nur234,4,125,94,93
tips6pos,bekannt,alle Personen (80/20),3,alle5,4,60,94,57
tips6pos,bekannt,alle Personen (80/20),3,nur234,4,60,94,92
tips6pos,bekannt,alle Personen (80/20),3,alle5,4,70,124,104
tips6pos,bekannt,alle Personen (80/20),3,nur234,4,70,124,116
tips6pos,bekannt,alle Personen (80/20),3,alle5,4,80,94,94
tips6pos,bekannt,alle Personen (80/20),3,nur234,4,80,94,94
tips6pos,bekannt,alle Personen (80/20),3,alle5,2,100,94,69
tips6pos,bekannt,alle Personen (80/20),3,nur234,2,100,94,71
tips6pos,bekannt,alle Personen (80/20),3,alle5,3,60,30,23
tips6pos,bekannt,alle Personen (80/20),3,nur234,3,60,30,22
tips6pos,bekannt,alle Personen (80/20),3,alle5,4,120,62,61
tips6pos,bekannt,alle Personen (80/20),3,nur234,4,120,62,61
tips6pos,bekannt,alle Personen (80/20),4,alle5,2,120,94,38
tips6pos,bekannt,alle Personen (80/20),4,nur234,2,120,94,37
tips6pos,bekannt,alle Personen (80/20),4,alle5,2,70,278,237
tips6pos,bekannt,alle Personen (80/20),4,nur234,2,70,278,237
tips6pos,bekannt,alle Personen (80/20),4,alle5,3,120,86,82
tips6pos,bekannt,alle Personen (80/20),4,nur234,3,120,86,82
tips6pos,bekannt,alle Personen (80/20),4,alle5,3,70,278,258
tips6pos,bekannt,alle Personen (80/20),4,nur234,3,70,278,258
tips6pos,bekannt,alle Personen (80/20),4,alle5,4,100,30,28
tips6pos,bekannt,alle Personen (80/20),4,nur234,4,100,30,29
tips6pos,bekannt,alle Personen (80/20),4,alle5,4,125,94,93
tips6pos,bekannt,alle Personen (80/20),4,nur234,4,125,94,93
tips6pos,bekannt,alle Personen (80/20),4,alle5,4,60,94,38
tips6pos,bekannt,alle Personen (80/20),4,nur234,4,60,94,73
tips6pos,bekannt,alle Personen (80/20),4,alle5,4,70,124,66
tips6pos,bekannt,alle Personen (80/20),4,nur234,4,70,124,82
tips6pos,bekannt,alle Personen (80/20),4,alle5,4,80,94,94
tips6pos,bekannt,alle Personen (80/20),4,nur234,4,80,94,94
tips6pos,bekannt,alle Personen (80/20),4,alle5,2,100,94,78
tips6pos,bekannt,alle Personen (80/20),4,nur234,2,100,94,79
tips6pos,bekannt,alle Personen (80/20),4,alle5,3,60,30,29
tips6pos,bekannt,alle Personen (80/20),4,nur234,3,60,30,29
tips6pos,bekannt,alle Personen (80/20),4,alle5,4,120,62,58
tips6pos,bekannt,alle Personen (80/20),4,nur234,4,120,62,58
tips6pos,bekannt,alle Personen (80/20),5,alle5,2,120,94,30
tips6pos,bekannt,alle Personen (80/20),5,nur234,2,120,94,31
tips6pos,bekannt,alle Personen (80/20),5,alle5,2,70,278,168
tips6pos,bekannt,alle Personen (80/20),5,nur234,2,70,278,168
tips6pos,bekannt,alle Personen (80/20),5,alle5,3,120,86,82
tips6pos,bekannt,alle Personen (80/20),5,nur234,3,120,86,82
tips6pos,bekannt,alle Personen (80/20),5,alle5,3,70,278,244
tips6pos,bekannt,alle Personen (80/20),5,nur234,3,70,278,244
tips6pos,bekannt,alle Personen (80/20),5,alle5,4,100,30,28
tips6pos,bekannt,alle Personen (80/20),5,nur234,4,100,30,29
tips6pos,bekannt,alle Personen (80/20),5,alle5,4,125,94,93
tips6pos,bekannt,alle Personen (80/20),5,nur234,4,125,94,93
tips6pos,bekannt,alle Personen (80/20),5,alle5,4,60,94,55
tips6pos,bekannt,alle Personen (80/20),5,nur234,4,60,94,91
tips6pos,bekannt,alle Personen (80/20),5,alle5,4,70,124,97
tips6pos,bekannt,alle Personen (80/20),5,nur234,4,70,124,107
tips6pos,bekannt,alle Personen (80/20),5,alle5,4,80,94,94
tips6pos,bekannt,alle Personen (80/20),5,nur234,4,80,94,94
tips6pos,bekannt,alle Personen (80/20),5,alle5,2,100,94,74
tips6pos,bekannt,alle Personen (80/20),5,nur234,2,100,94,71
tips6pos,bekannt,alle Personen (80/20),5,alle5,3,60,30,26
tips6pos,bekannt,alle Personen (80/20),5,nur234,3,60,30,26
tips6pos,bekannt,alle Personen (80/20),5,alle5,4,120,62,62
tips6pos,bekannt,alle Personen (80/20),5,nur234,4,120,62,62
tips6pos,bekannt,alle Personen (80/20),6,alle5,2,120,94,43
tips6pos,bekannt,alle Personen (80/20),6,nur234,2,120,94,40
tips6pos,bekannt,alle Personen (80/20),6,alle5,2,70,278,255
tips6pos,bekannt,alle Personen (80/20),6,nur234,2,70,278,254
tips6pos,bekannt,alle Personen (80/20),6,alle5,3,120,86,82
tips6pos,bekannt,alle Personen (80/20),6,nur234,3,120,86,82
tips6pos,bekannt,alle Personen (80/20),6,alle5,3,70,278,247
tips6pos,bekannt,alle Personen (80/20),6,nur234,3,70,278,247
tips6pos,bekannt,alle Personen (80/20),6,alle5,4,100,30,28
tips6pos,bekannt,alle Personen (80/20),6,nur234,4,100,30,28
tips6pos,bekannt,alle Personen (80/20),6,alle5,4,125,94,93
tips6pos,bekannt,alle Personen (80/20),6,nur234,4,125,94,93
tips6pos,bekannt,alle Personen (80/20),6,alle5,4,60,94,58
tips6pos,bekannt,alle Personen (80/20),6,nur234,4,60,94,87
tips6pos,bekannt,alle Personen (80/20),6,alle5,4,70,124,104
tips6pos,bekannt,alle Personen (80/20),6,nur234,4,70,124,110
tips6pos,bekannt,alle Personen (80/20),6,alle5,4,80,94,94
tips6pos,bekannt,alle Personen (80/20),6,nur234,4,80,94,94
tips6pos,bekannt,alle Personen (80/20),6,alle5,2,100,94,72
tips6pos,bekannt,alle Personen (80/20),6,nur234,2,100,94,72
tips6pos,bekannt,alle Personen (80/20),6,alle5,3,60,30,28
tips6pos,bekannt,alle Personen (80/20),6,nur234,3,60,30,28
tips6pos,bekannt,alle Personen (80/20),6,alle5,4,120,62,55
tips6pos,bekannt,alle Personen (80/20),6,nur234,4,120,62,55
tips6pos,bekannt,alle Personen (80/20),7,alle5,2,120,94,33
tips6pos,bekannt,alle Personen (80/20),7,nur234,2,120,94,37
tips6pos,bekannt,alle Personen (80/20),7,alle5,2,70,278,195
tips6pos,bekannt,alle Personen (80/20),7,nur234,2,70,278,195
tips6pos,bekannt,alle Personen (80/20),7,alle5,3,120,86,81
tips6pos,bekannt,alle Personen (80/20),7,nur234,3,120,86,81
tips6pos,bekannt,alle Personen (80/20),7,alle5,3,70,278,243
tips6pos,bekannt,alle Personen (80/20),7,nur234,3,70,278,242
tips6pos,bekannt,alle Personen (80/20),7,alle5,4,100,30,28
tips6pos,bekannt,alle Personen (80/20),7,nur234,4,100,30,28
tips6pos,bekannt,alle Personen (80/20),7,alle5,4,125,94,93
tips6pos,bekannt,alle Personen (80/20),7,nur234,4,125,94,93
tips6pos,bekannt,alle Personen (80/20),7,alle5,4,60,94,38
tips6pos,bekannt,alle Personen (80/20),7,nur234,4,60,94,83
tips6pos,bekannt,alle Personen (80/20),7,alle5,4,70,124,76
tips6pos,bekannt,alle Personen (80/20),7,nur234,4,70,124,92
tips6pos,bekannt,alle Personen (80/20),7,alle5,4,80,94,94
tips6pos,bekannt,alle Personen (80/20),7,nur234,4,80,94,94
tips6pos,bekannt,alle Personen (80/20),7,alle5,2,100,94,72
tips6pos,bekannt,alle Personen (80/20),7,nur234,2,100,94,72
tips6pos,bekannt,alle Personen (80/20),7,alle5,3,60,30,29
tips6pos,bekannt,alle Personen (80/20),7,nur234,3,60,30,29
tips6pos,bekannt,alle Personen (80/20),7,alle5,4,120,62,60
tips6pos,bekannt,alle Personen (80/20),7,nur234,4,120,62,60
tips6pos,bekannt,alle Personen (80/20),8,alle5,2,120,94,28
tips6pos,bekannt,alle Personen (80/20),8,nur234,2,120,94,29
tips6pos,bekannt,alle Personen (80/20),8,alle5,2,70,278,229
tips6pos,bekannt,alle Personen (80/20),8,nur234,2,70,278,232
tips6pos,bekannt,alle Personen (80/20),8,alle5,3,120,86,82
tips6pos,bekannt,alle Personen (80/20),8,nur234,3,120,86,82
tips6pos,bekannt,alle Personen (80/20),8,alle5,3,70,278,241
tips6pos,bekannt,alle Personen (80/20),8,nur234,3,70,278,241
tips6pos,bekannt,alle Personen (80/20),8,alle5,4,100,30,29
tips6pos,bekannt,alle Personen (80/20),8,nur234,4,100,30,29
tips6pos,bekannt,alle Personen (80/20),8,alle5,4,125,94,93
tips6pos,bekannt,alle Personen (80/20),8,nur234,4,125,94,93
tips6pos,bekannt,alle Personen (80/20),8,alle5,4,60,94,66
tips6pos,bekannt,alle Personen (80/20),8,nur234,4,60,94,92
tips6pos,bekannt,alle Personen (80/20),8,alle5,4,70,124,112
tips6pos,bekannt,alle Personen (80/20),8,nur234,4,70,124,112
tips6pos,bekannt,alle Personen (80/20),8,alle5,4,80,94,94
tips6pos,bekannt,alle Personen (80/20),8,nur234,4,80,94,94
tips6pos,bekannt,alle Personen (80/20),8,alle5,2,100,94,77
tips6pos,bekannt,alle Personen (80/20),8,nur234,2,100,94,76
tips6pos,bekannt,alle Personen (80/20),8,alle5,3,60,30,24
tips6pos,bekannt,alle Personen (80/20),8,nur234,3,60,30,24
tips6pos,bekannt,alle Personen (80/20),8,alle5,4,120,62,62
tips6pos,bekannt,alle Personen (80/20),8,nur234,4,120,62,62
tips6pos,bekannt,alle Personen (80/20),9,alle5,2,120,94,29
tips6pos,bekannt,alle Personen (80/20),9,nur234,2,120,94,31
tips6pos,bekannt,alle Personen (80/20),9,alle5,2,70,278,205
tips6pos,bekannt,alle Personen (80/20),9,nur234,2,70,278,206
tips6pos,bekannt,alle Personen (80/20),9,alle5,3,120,86,82
tips6pos,bekannt,alle Personen (80/20),9,nur234,3,120,86,82
tips6pos,bekannt,alle Personen (80/20),9,alle5,3,70,278,242
tips6pos,bekannt,alle Personen (80/20),9,nur234,3,70,278,242
tips6pos,bekannt,alle Personen (80/20),9,alle5,4,100,30,28
tips6pos,bekannt,alle Personen (80/20),9,nur234,4,100,30,28
tips6pos,bekannt,alle Personen (80/20),9,alle5,4,125,94,93
tips6pos,bekannt,alle Personen (80/20),9,nur234,4,125,94,93
tips6pos,bekannt,alle Personen (80/20),9,alle5,4,60,94,59
tips6pos,bekannt,alle Personen (80/20),9,nur234,4,60,94,90
tips6pos,bekannt,alle Personen (80/20),9,alle5,4,70,124,76
tips6pos,bekannt,alle Personen (80/20),9,nur234,4,70,124,85
tips6pos,bekannt,alle Personen (80/20),9,alle5,4,80,94,94
tips6pos,bekannt,alle Personen (80/20),9,nur234,4,80,94,94
tips6pos,bekannt,alle Personen (80/20),9,alle5,2,100,94,70
tips6pos,bekannt,alle Personen (80/20),9,nur234,2,100,94,68
tips6pos,bekannt,alle Personen (80/20),9,alle5,3,60,30,30
tips6pos,bekannt,alle Personen (80/20),9,nur234,3,60,30,30
tips6pos,bekannt,alle Personen (80/20),9,alle5,4,120,62,58
tips6pos,bekannt,alle Personen (80/20),9,nur234,4,120,62,58
tips6pos,ungesehen,ohne 3,0,alle5,2,100,290,53
tips6pos,ungesehen,ohne 3,0,nur234,2,100,290,54
tips6pos,ungesehen,ohne 3,0,alle5,3,100,62,34
tips6pos,ungesehen,ohne 3,0,nur234,3,100,62,32
tips6pos,ungesehen,ohne 3,0,alle5,4,100,248,206
tips6pos,ungesehen,ohne 3,0,nur234,4,100,248,206
tips6pos,ungesehen,ohne 3,0,alle5,2,120,196,61
tips6pos,ungesehen,ohne 3,0,nur234,2,120,196,61
tips6pos,ungesehen,ohne 3,0,alle5,2,70,196,84
tips6pos,ungesehen,ohne 3,0,nur234,2,70,196,84
tips6pos,ungesehen,ohne 3,0,alle5,3,120,98,14
tips6pos,ungesehen,ohne 3,0,nur234,3,120,98,13
tips6pos,ungesehen,ohne 3,0,alle5,4,120,78,78
tips6pos,ungesehen,ohne 3,0,nur234,4,120,78,78
tips6pos,ungesehen,ohne 3,0,alle5,4,70,62,62
tips6pos,ungesehen,ohne 3,0,nur234,4,70,62,62
tips6pos,ungesehen,ohne 3,1,alle5,2,100,290,43
tips6pos,ungesehen,ohne 3,1,nur234,2,100,290,44
tips6pos,ungesehen,ohne 3,1,alle5,3,100,62,28
tips6pos,ungesehen,ohne 3,1,nur234,3,100,62,28
tips6pos,ungesehen,ohne 3,1,alle5,4,100,248,216
tips6pos,ungesehen,ohne 3,1,nur234,4,100,248,216
tips6pos,ungesehen,ohne 3,1,alle5,2,120,196,64
tips6pos,ungesehen,ohne 3,1,nur234,2,120,196,64
tips6pos,ungesehen,ohne 3,1,alle5,2,70,196,82
tips6pos,ungesehen,ohne 3,1,nur234,2,70,196,85
tips6pos,ungesehen,ohne 3,1,alle5,3,120,98,16
tips6pos,ungesehen,ohne 3,1,nur234,3,120,98,16
tips6pos,ungesehen,ohne 3,1,alle5,4,120,78,78
tips6pos,ungesehen,ohne 3,1,nur234,4,120,78,78
tips6pos,ungesehen,ohne 3,1,alle5,4,70,62,62
tips6pos,ungesehen,ohne 3,1,nur234,4,70,62,62
tips6pos,ungesehen,ohne 3,2,alle5,2,100,290,67
tips6pos,ungesehen,ohne 3,2,nur234,2,100,290,68
tips6pos,ungesehen,ohne 3,2,alle5,3,100,62,55
tips6pos,ungesehen,ohne 3,2,nur234,3,100,62,54
tips6pos,ungesehen,ohne 3,2,alle5,4,100,248,189
tips6pos,ungesehen,ohne 3,2,nur234,4,100,248,189
tips6pos,ungesehen,ohne 3,2,alle5,2,120,196,86
tips6pos,ungesehen,ohne 3,2,nur234,2,120,196,86
tips6pos,ungesehen,ohne 3,2,alle5,2,70,196,76
tips6pos,ungesehen,ohne 3,2,nur234,2,70,196,85
tips6pos,ungesehen,ohne 3,2,alle5,3,120,98,62
tips6pos,ungesehen,ohne 3,2,nur234,3,120,98,62
tips6pos,ungesehen,ohne 3,2,alle5,4,120,78,78
tips6pos,ungesehen,ohne 3,2,nur234,4,120,78,78
tips6pos,ungesehen,ohne 3,2,alle5,4,70,62,59
tips6pos,ungesehen,ohne 3,2,nur234,4,70,62,62
tips6pos,ungesehen,ohne 3,3,alle5,2,100,290,67
tips6pos,ungesehen,ohne 3,3,nur234,2,100,290,70
tips6pos,ungesehen,ohne 3,3,alle5,3,100,62,54
tips6pos,ungesehen,ohne 3,3,nur234,3,100,62,54
tips6pos,ungesehen,ohne 3,3,alle5,4,100,248,186
tips6pos,ungesehen,ohne 3,3,nur234,4,100,248,186
tips6pos,ungesehen,ohne 3,3,alle5,2,120,196,92
tips6pos,ungesehen,ohne 3,3,nur234,2,120,196,92
tips6pos,ungesehen,ohne 3,3,alle5,2,70,196,81
tips6pos,ungesehen,ohne 3,3,nur234,2,70,196,81
tips6pos,ungesehen,ohne 3,3,alle5,3,120,98,69
tips6pos,ungesehen,ohne 3,3,nur234,3,120,98,66
tips6pos,ungesehen,ohne 3,3,alle5,4,120,78,78
tips6pos,ungesehen,ohne 3,3,nur234,4,120,78,78
tips6pos,ungesehen,ohne 3,3,alle5,4,70,62,61
tips6pos,ungesehen,ohne 3,3,nur234,4,70,62,60
tips6pos,ungesehen,ohne 3,4,alle5,2,100,290,51
tips6pos,ungesehen,ohne 3,4,nur234,2,100,290,51
tips6pos,ungesehen,ohne 3,4,alle5,3,100,62,37
tips6pos,ungesehen,ohne 3,4,nur234,3,100,62,38
tips6pos,ungesehen,ohne 3,4,alle5,4,100,248,193
tips6pos,ungesehen,ohne 3,4,nur234,4,100,248,193
tips6pos,ungesehen,ohne 3,4,alle5,2,120,196,90
tips6pos,ungesehen,ohne 3,4,nur234,2,120,196,90
tips6pos,ungesehen,ohne 3,4,alle5,2,70,196,70
tips6pos,ungesehen,ohne 3,4,nur234,2,70,196,71
tips6pos,ungesehen,ohne 3,4,alle5,3,120,98,37
tips6pos,ungesehen,ohne 3,4,nur234,3,120,98,36
tips6pos,ungesehen,ohne 3,4,alle5,4,120,78,78
tips6pos,ungesehen,ohne 3,4,nur234,4,120,78,78
tips6pos,ungesehen,ohne 3,4,alle5,4,70,62,62
tips6pos,ungesehen,ohne 3,4,nur234,4,70,62,62
tips6pos,ungesehen,ohne 3,5,alle5,2,100,290,64
tips6pos,ungesehen,ohne 3,5,nur234,2,100,290,70
tips6pos,ungesehen,ohne 3,5,alle5,3,100,62,44
tips6pos,ungesehen,ohne 3,5,nur234,3,100,62,44
tips6pos,ungesehen,ohne 3,5,alle5,4,100,248,192
tips6pos,ungesehen,ohne 3,5,nur234,4,100,248,192
tips6pos,ungesehen,ohne 3,5,alle5,2,120,196,92
tips6pos,ungesehen,ohne 3,5,nur234,2,120,196,92
tips6pos,ungesehen,ohne 3,5,alle5,2,70,196,80
tips6pos,ungesehen,ohne 3,5,nur234,2,70,196,83
tips6pos,ungesehen,ohne 3,5,alle5,3,120,98,29
tips6pos,ungesehen,ohne 3,5,nur234,3,120,98,29
tips6pos,ungesehen,ohne 3,5,alle5,4,120,78,78
tips6pos,ungesehen,ohne 3,5,nur234,4,120,78,78
tips6pos,ungesehen,ohne 3,5,alle5,4,70,62,62
tips6pos,ungesehen,ohne 3,5,nur234,4,70,62,61
tips6pos,ungesehen,ohne 3,6,alle5,2,100,290,52
tips6pos,ungesehen,ohne 3,6,nur234,2,100,290,52
tips6pos,ungesehen,ohne 3,6,alle5,3,100,62,62
tips6pos,ungesehen,ohne 3,6,nur234,3,100,62,62
tips6pos,ungesehen,ohne 3,6,alle5,4,100,248,186
tips6pos,ungesehen,ohne 3,6,nur234,4,100,248,186
tips6pos,ungesehen,ohne 3,6,alle5,2,120,196,78
tips6pos,ungesehen,ohne 3,6,nur234,2,120,196,78
tips6pos,ungesehen,ohne 3,6,alle5,2,70,196,77
tips6pos,ungesehen,ohne 3,6,nur234,2,70,196,74
tips6pos,ungesehen,ohne 3,6,alle5,3,120,98,43
tips6pos,ungesehen,ohne 3,6,nur234,3,120,98,43
tips6pos,ungesehen,ohne 3,6,alle5,4,120,78,78
tips6pos,ungesehen,ohne 3,6,nur234,4,120,78,78
tips6pos,ungesehen,ohne 3,6,alle5,4,70,62,49
tips6pos,ungesehen,ohne 3,6,nur234,4,70,62,47
tips6pos,ungesehen,ohne 3,7,alle5,2,100,290,45
tips6pos,ungesehen,ohne 3,7,nur234,2,100,290,45
tips6pos,ungesehen,ohne 3,7,alle5,3,100,62,61
tips6pos,ungesehen,ohne 3,7,nur234,3,100,62,61
tips6pos,ungesehen,ohne 3,7,alle5,4,100,248,186
tips6pos,ungesehen,ohne 3,7,nur234,4,100,248,186
tips6pos,ungesehen,ohne 3,7,alle5,2,120,196,68
tips6pos,ungesehen,ohne 3,7,nur234,2,120,196,68
tips6pos,ungesehen,ohne 3,7,alle5,2,70,196,77
tips6pos,ungesehen,ohne 3,7,nur234,2,70,196,76
tips6pos,ungesehen,ohne 3,7,alle5,3,120,98,58
tips6pos,ungesehen,ohne 3,7,nur234,3,120,98,58
tips6pos,ungesehen,ohne 3,7,alle5,4,120,78,78
tips6pos,ungesehen,ohne 3,7,nur234,4,120,78,78
tips6pos,ungesehen,ohne 3,7,alle5,4,70,62,50
tips6pos,ungesehen,ohne 3,7,nur234,4,70,62,52
tips6pos,ungesehen,ohne 3,8,alle5,2,100,290,69
tips6pos,ungesehen,ohne 3,8,nur234,2,100,290,70
tips6pos,ungesehen,ohne 3,8,alle5,3,100,62,43
tips6pos,ungesehen,ohne 3,8,nur234,3,100,62,43
tips6pos,ungesehen,ohne 3,8,alle5,4,100,248,188
tips6pos,ungesehen,ohne 3,8,nur234,4,100,248,188
tips6pos,ungesehen,ohne 3,8,alle5,2,120,196,91
tips6pos,ungesehen,ohne 3,8,nur234,2,120,196,91
tips6pos,ungesehen,ohne 3,8,alle5,2,70,196,85
tips6pos,ungesehen,ohne 3,8,nur234,2,70,196,80
tips6pos,ungesehen,ohne 3,8,alle5,3,120,98,32
tips6pos,ungesehen,ohne 3,8,nur234,3,120,98,33
tips6pos,ungesehen,ohne 3,8,alle5,4,120,78,78
tips6pos,ungesehen,ohne 3,8,nur234,4,120,78,78
tips6pos,ungesehen,ohne 3,8,alle5,4,70,62,62
tips6pos,ungesehen,ohne 3,8,nur234,4,70,62,62
tips6pos,ungesehen,ohne 3,9,alle5,2,100,290,99
tips6pos,ungesehen,ohne 3,9,nur234,2,100,290,101
tips6pos,ungesehen,ohne 3,9,alle5,3,100,62,10
tips6pos,ungesehen,ohne 3,9,nur234,3,100,62,8
tips6pos,ungesehen,ohne 3,9,alle5,4,100,248,219
tips6pos,ungesehen,ohne 3,9,nur234,4,100,248,219
tips6pos,ungesehen,ohne 3,9,alle5,2,120,196,109
tips6pos,ungesehen,ohne 3,9,nur234,2,120,196,109
tips6pos,ungesehen,ohne 3,9,alle5,2,70,196,86
tips6pos,ungesehen,ohne 3,9,nur234,2,70,196,87
tips6pos,ungesehen,ohne 3,9,alle5,3,120,98,8
tips6pos,ungesehen,ohne 3,9,nur234,3,120,98,8
tips6pos,ungesehen,ohne 3,9,alle5,4,120,78,78
tips6pos,ungesehen,ohne 3,9,nur234,4,120,78,78
tips6pos,ungesehen,ohne 3,9,alle5,4,70,62,62
tips6pos,ungesehen,ohne 3,9,nur234,4,70,62,62
tips6pos,ungesehen,ohne 2,0,alle5,2,100,346,294
tips6pos,ungesehen,ohne 2,0,nur234,2,100,346,294
tips6pos,ungesehen,ohne 2,0,alle5,2,120,238,238
tips6pos,ungesehen,ohne 2,0,nur234,2,120,238,238
tips6pos,ungesehen,ohne 2,0,alle5,2,70,238,206
tips6pos,ungesehen,ohne 2,0,nur234,2,70,238,207
tips6pos,ungesehen,ohne 2,0,alle5,3,100,172,158
tips6pos,ungesehen,ohne 2,0,nur234,3,100,172,156
tips6pos,ungesehen,ohne 2,0,alle5,3,120,86,83
tips6pos,ungesehen,ohne 2,0,nur234,3,120,86,83
tips6pos,ungesehen,ohne 2,0,alle5,3,130,86,86
tips6pos,ungesehen,ohne 2,0,nur234,3,130,86,86
tips6pos,ungesehen,ohne 2,0,alle5,3,60,30,4
tips6pos,ungesehen,ohne 2,0,nur234,3,60,30,4
tips6pos,ungesehen,ohne 2,0,alle5,3,70,86,53
tips6pos,ungesehen,ohne 2,0,nur234,3,70,86,53
tips6pos,ungesehen,ohne 2,0,alle5,4,100,280,234
tips6pos,ungesehen,ohne 2,0,nur234,4,100,280,234
tips6pos,ungesehen,ohne 2,0,alle5,4,120,62,56
tips6pos,ungesehen,ohne 2,0,nur234,4,120,62,56
tips6pos,ungesehen,ohne 2,0,alle5,4,70,62,50
tips6pos,ungesehen,ohne 2,0,nur234,4,70,62,50
tips6pos,ungesehen,ohne 2,0,alle5,4,90,60,27
tips6pos,ungesehen,ohne 2,0,nur234,4,90,60,27
tips6pos,ungesehen,ohne 2,1,alle5,2,100,346,310
tips6pos,ungesehen,ohne 2,1,nur234,2,100,346,309
tips6pos,ungesehen,ohne 2,1,alle5,2,120,238,238
tips6pos,ungesehen,ohne 2,1,nur234,2,120,238,238
tips6pos,ungesehen,ohne 2,1,alle5,2,70,238,228
tips6pos,ungesehen,ohne 2,1,nur234,2,70,238,228
tips6pos,ungesehen,ohne 2,1,alle5,3,100,172,155
tips6pos,ungesehen,ohne 2,1,nur234,3,100,172,155
tips6pos,ungesehen,ohne 2,1,alle5,3,120,86,82
tips6pos,ungesehen,ohne 2,1,nur234,3,120,86,82
tips6pos,ungesehen,ohne 2,1,alle5,3,130,86,85
tips6pos,ungesehen,ohne 2,1,nur234,3,130,86,85
tips6pos,ungesehen,ohne 2,1,alle5,3,60,30,0
tips6pos,ungesehen,ohne 2,1,nur234,3,60,30,0
tips6pos,ungesehen,ohne 2,1,alle5,3,70,86,8
tips6pos,ungesehen,ohne 2,1,nur234,3,70,86,8
tips6pos,ungesehen,ohne 2,1,alle5,4,100,280,267
tips6pos,ungesehen,ohne 2,1,nur234,4,100,280,267
tips6pos,ungesehen,ohne 2,1,alle5,4,120,62,61
tips6pos,ungesehen,ohne 2,1,nur234,4,120,62,61
tips6pos,ungesehen,ohne 2,1,alle5,4,70,62,62
tips6pos,ungesehen,ohne 2,1,nur234,4,70,62,62
tips6pos,ungesehen,ohne 2,1,alle5,4,90,60,57
tips6pos,ungesehen,ohne 2,1,nur234,4,90,60,57
tips6pos,ungesehen,ohne 2,2,alle5,2,100,346,293
tips6pos,ungesehen,ohne 2,2,nur234,2,100,346,290
tips6pos,ungesehen,ohne 2,2,alle5,2,120,238,238
tips6pos,ungesehen,ohne 2,2,nur234,2,120,238,238
tips6pos,ungesehen,ohne 2,2,alle5,2,70,238,222
tips6pos,ungesehen,ohne 2,2,nur234,2,70,238,222
tips6pos,ungesehen,ohne 2,2,alle5,3,100,172,172
tips6pos,ungesehen,ohne 2,2,nur234,3,100,172,172
tips6pos,ungesehen,ohne 2,2,alle5,3,120,86,83
tips6pos,ungesehen,ohne 2,2,nur234,3,120,86,83
tips6pos,ungesehen,ohne 2,2,alle5,3,130,86,86
tips6pos,ungesehen,ohne 2,2,nur234,3,130,86,86
tips6pos,ungesehen,ohne 2,2,alle5,3,60,30,1
tips6pos,ungesehen,ohne 2,2,nur234,3,60,30,1
tips6pos,ungesehen,ohne 2,2,alle5,3,70,86,48
tips6pos,ungesehen,ohne 2,2,nur234,3,70,86,48
tips6pos,ungesehen,ohne 2,2,alle5,4,100,280,194
tips6pos,ungesehen,ohne 2,2,nur234,4,100,280,194
tips6pos,ungesehen,ohne 2,2,alle5,4,120,62,28
tips6pos,ungesehen,ohne 2,2,nur234,4,120,62,28
tips6pos,ungesehen,ohne 2,2,alle5,4,70,62,46
tips6pos,ungesehen,ohne 2,2,nur234,4,70,62,46
tips6pos,ungesehen,ohne 2,2,alle5,4,90,60,9
tips6pos,ungesehen,ohne 2,2,nur234,4,90,60,9
tips6pos,ungesehen,ohne 2,3,alle5,2,100,346,291
tips6pos,ungesehen,ohne 2,3,nur234,2,100,346,291
tips6pos,ungesehen,ohne 2,3,alle5,2,120,238,238
tips6pos,ungesehen,ohne 2,3,nur234,2,120,238,238
tips6pos,ungesehen,ohne 2,3,alle5,2,70,238,208
tips6pos,ungesehen,ohne 2,3,nur234,2,70,238,208
tips6pos,ungesehen,ohne 2,3,alle5,3,100,172,170
tips6pos,ungesehen,ohne 2,3,nur234,3,100,172,170
tips6pos,ungesehen,ohne 2,3,alle5,3,120,86,84
tips6pos,ungesehen,ohne 2,3,nur234,3,120,86,84
tips6pos,ungesehen,ohne 2,3,alle5,3,130,86,86
tips6pos,ungesehen,ohne 2,3,nur234,3,130,86,86
tips6pos,ungesehen,ohne 2,3,alle5,3,60,30,5
tips6pos,ungesehen,ohne 2,3,nur234,3,60,30,5
tips6pos,ungesehen,ohne 2,3,alle5,3,70,86,61
tips6pos,ungesehen,ohne 2,3,nur234,3,70,86,61
tips6pos,ungesehen,ohne 2,3,alle5,4,100,280,184
tips6pos,ungesehen,ohne 2,3,nur234,4,100,280,184
tips6pos,ungesehen,ohne 2,3,alle5,4,120,62,26
tips6pos,ungesehen,ohne 2,3,nur234,4,120,62,26
tips6pos,ungesehen,ohne 2,3,alle5,4,70,62,33
tips6pos,ungesehen,ohne 2,3,nur234,4,70,62,33
tips6pos,ungesehen,ohne 2,3,alle5,4,90,60,4
tips6pos,ungesehen,ohne 2,3,nur234,4,90,60,4
tips6pos,ungesehen,ohne 2,4,alle5,2,100,346,320
tips6pos,ungesehen,ohne 2,4,nur234,2,100,346,320
tips6pos,ungesehen,ohne 2,4,alle5,2,120,238,238
tips6pos,ungesehen,ohne 2,4,nur234,2,120,238,238
tips6pos,ungesehen,ohne 2,4,alle5,2,70,238,226
tips6pos,ungesehen,ohne 2,4,nur234,2,70,238,226
tips6pos,ungesehen,ohne 2,4,alle5,3,100,172,167
tips6pos,ungesehen,ohne 2,4,nur234,3,100,172,168
tips6pos,ungesehen,ohne 2,4,alle5,3,120,86,84
tips6pos,ungesehen,ohne 2,4,nur234,3,120,86,84
tips6pos,ungesehen,ohne 2,4,alle5,3,130,86,86
tips6pos,ungesehen,ohne 2,4,nur234,3,130,86,86
tips6pos,ungesehen,ohne 2,4,alle5,3,60,30,4
tips6pos,ungesehen,ohne 2,4,nur234,3,60,30,4
tips6pos,ungesehen,ohne 2,4,alle5,3,70,86,53
tips6pos,ungesehen,ohne 2,4,nur234,3,70,86,53
tips6pos,ungesehen,ohne 2,4,alle5,4,100,280,183
tips6pos,ungesehen,ohne 2,4,nur234,4,100,280,183
tips6pos,ungesehen,ohne 2,4,alle5,4,120,62,16
tips6pos,ungesehen,ohne 2,4,nur234,4,120,62,16
tips6pos,ungesehen,ohne 2,4,alle5,4,70,62,60
tips6pos,ungesehen,ohne 2,4,nur234,4,70,62,60
tips6pos,ungesehen,ohne 2,4,alle5,4,90,60,4
tips6pos,ungesehen,ohne 2,4,nur234,4,90,60,4
tips6pos,ungesehen,ohne 2,5,alle5,2,100,346,307
tips6pos,ungesehen,ohne 2,5,nur234,2,100,346,305
tips6pos,ungesehen,ohne 2,5,alle5,2,120,238,238
tips6pos,ungesehen,ohne 2,5,nur234,2,120,238,238
tips6pos,ungesehen,ohne 2,5,alle5,2,70,238,225
tips6pos,ungesehen,ohne 2,5,nur234,2,70,238,226
tips6pos,ungesehen,ohne 2,5,alle5,3,100,172,172
tips6pos,ungesehen,ohne 2,5,nur234,3,100,172,172
tips6pos,ungesehen,ohne 2,5,alle5,3,120,86,84
tips6pos,ungesehen,ohne 2,5,nur234,3,120,86,84
tips6pos,ungesehen,ohne 2,5,alle5,3,130,86,86
tips6pos,ungesehen,ohne 2,5,nur234,3,130,86,86
tips6pos,ungesehen,ohne 2,5,alle5,3,60,30,4
tips6pos,ungesehen,ohne 2,5,nur234,3,60,30,4
tips6pos,ungesehen,ohne 2,5,alle5,3,70,86,55
tips6pos,ungesehen,ohne 2,5,nur234,3,70,86,55
tips6pos,ungesehen,ohne 2,5,alle5,4,100,280,178
tips6pos,ungesehen,ohne 2,5,nur234,4,100,280,178
tips6pos,ungesehen,ohne 2,5,alle5,4,120,62,19
tips6pos,ungesehen,ohne 2,5,nur234,4,120,62,19
tips6pos,ungesehen,ohne 2,5,alle5,4,70,62,43
tips6pos,ungesehen,ohne 2,5,nur234,4,70,62,43
tips6pos,ungesehen,ohne 2,5,alle5,4,90,60,1
tips6pos,ungesehen,ohne 2,5,nur234,4,90,60,1
tips6pos,ungesehen,ohne 2,6,alle5,2,100,346,303
tips6pos,ungesehen,ohne 2,6,nur234,2,100,346,301
tips6pos,ungesehen,ohne 2,6,alle5,2,120,238,238
tips6pos,ungesehen,ohne 2,6,nur234,2,120,238,238
tips6pos,ungesehen,ohne 2,6,alle5,2,70,238,185
tips6pos,ungesehen,ohne 2,6,nur234,2,70,238,185
tips6pos,ungesehen,ohne 2,6,alle5,3,100,172,169
tips6pos,ungesehen,ohne 2,6,nur234,3,100,172,170
tips6pos,ungesehen,ohne 2,6,alle5,3,120,86,84
tips6pos,ungesehen,ohne 2,6,nur234,3,120,86,84
tips6pos,ungesehen,ohne 2,6,alle5,3,130,86,86
tips6pos,ungesehen,ohne 2,6,nur234,3,130,86,86
tips6pos,ungesehen,ohne 2,6,alle5,3,60,30,18
tips6pos,ungesehen,ohne 2,6,nur234,3,60,30,18
tips6pos,ungesehen,ohne 2,6,alle5,3,70,86,84
tips6pos,ungesehen,ohne 2,6,nur234,3,70,86,84
tips6pos,ungesehen,ohne 2,6,alle5,4,100,280,183
tips6pos,ungesehen,ohne 2,6,nur234,4,100,280,183
tips6pos,ungesehen,ohne 2,6,alle5,4,120,62,23
tips6pos,ungesehen,ohne 2,6,nur234,4,120,62,23
tips6pos,ungesehen,ohne 2,6,alle5,4,70,62,15
tips6pos,ungesehen,ohne 2,6,nur234,4,70,62,15
tips6pos,ungesehen,ohne 2,6,alle5,4,90,60,0
tips6pos,ungesehen,ohne 2,6,nur234,4,90,60,0
tips6pos,ungesehen,ohne 2,7,alle5,2,100,346,289
tips6pos,ungesehen,ohne 2,7,nur234,2,100,346,290
tips6pos,ungesehen,ohne 2,7,alle5,2,120,238,238
tips6pos,ungesehen,ohne 2,7,nur234,2,120,238,238
tips6pos,ungesehen,ohne 2,7,alle5,2,70,238,187
tips6pos,ungesehen,ohne 2,7,nur234,2,70,238,187
tips6pos,ungesehen,ohne 2,7,alle5,3,100,172,171
tips6pos,ungesehen,ohne 2,7,nur234,3,100,172,171
tips6pos,ungesehen,ohne 2,7,alle5,3,120,86,86
tips6pos,ungesehen,ohne 2,7,nur234,3,120,86,86
tips6pos,ungesehen,ohne 2,7,alle5,3,130,86,86
tips6pos,ungesehen,ohne 2,7,nur234,3,130,86,86
tips6pos,ungesehen,ohne 2,7,alle5,3,60,30,11
tips6pos,ungesehen,ohne 2,7,nur234,3,60,30,11
tips6pos,ungesehen,ohne 2,7,alle5,3,70,86,75
tips6pos,ungesehen,ohne 2,7,nur234,3,70,86,75
tips6pos,ungesehen,ohne 2,7,alle5,4,100,280,186
tips6pos,ungesehen,ohne 2,7,nur234,4,100,280,186
tips6pos,ungesehen,ohne 2,7,alle5,4,120,62,21
tips6pos,ungesehen,ohne 2,7,nur234,4,120,62,21
tips6pos,ungesehen,ohne 2,7,alle5,4,70,62,35
tips6pos,ungesehen,ohne 2,7,nur234,4,70,62,35
tips6pos,ungesehen,ohne 2,7,alle5,4,90,60,5
tips6pos,ungesehen,ohne 2,7,nur234,4,90,60,5
tips6pos,ungesehen,ohne 2,8,alle5,2,100,346,308
tips6pos,ungesehen,ohne 2,8,nur234,2,100,346,307
tips6pos,ungesehen,ohne 2,8,alle5,2,120,238,238
tips6pos,ungesehen,ohne 2,8,nur234,2,120,238,238
tips6pos,ungesehen,ohne 2,8,alle5,2,70,238,219
tips6pos,ungesehen,ohne 2,8,nur234,2,70,238,219
tips6pos,ungesehen,ohne 2,8,alle5,3,100,172,167
tips6pos,ungesehen,ohne 2,8,nur234,3,100,172,167
tips6pos,ungesehen,ohne 2,8,alle5,3,120,86,84
tips6pos,ungesehen,ohne 2,8,nur234,3,120,86,84
tips6pos,ungesehen,ohne 2,8,alle5,3,130,86,86
tips6pos,ungesehen,ohne 2,8,nur234,3,130,86,86
tips6pos,ungesehen,ohne 2,8,alle5,3,60,30,0
tips6pos,ungesehen,ohne 2,8,nur234,3,60,30,0
tips6pos,ungesehen,ohne 2,8,alle5,3,70,86,19
tips6pos,ungesehen,ohne 2,8,nur234,3,70,86,19
tips6pos,ungesehen,ohne 2,8,alle5,4,100,280,239
tips6pos,ungesehen,ohne 2,8,nur234,4,100,280,238
tips6pos,ungesehen,ohne 2,8,alle5,4,120,62,53
tips6pos,ungesehen,ohne 2,8,nur234,4,120,62,53
tips6pos,ungesehen,ohne 2,8,alle5,4,70,62,60
tips6pos,ungesehen,ohne 2,8,nur234,4,70,62,60
tips6pos,ungesehen,ohne 2,8,alle5,4,90,60,37
tips6pos,ungesehen,ohne 2,8,nur234,4,90,60,36
tips6pos,ungesehen,ohne 2,9,alle5,2,100,346,309
tips6pos,ungesehen,ohne 2,9,nur234,2,100,346,310
tips6pos,ungesehen,ohne 2,9,alle5,2,120,238,238
tips6pos,ungesehen,ohne 2,9,nur234,2,120,238,238
tips6pos,ungesehen,ohne 2,9,alle5,2,70,238,219
tips6pos,ungesehen,ohne 2,9,nur234,2,70,238,220
tips6pos,ungesehen,ohne 2,9,alle5,3,100,172,160
tips6pos,ungesehen,ohne 2,9,nur234,3,100,172,160
tips6pos,ungesehen,ohne 2,9,alle5,3,120,86,83
tips6pos,ungesehen,ohne 2,9,nur234,3,120,86,83
tips6pos,ungesehen,ohne 2,9,alle5,3,130,86,84
tips6pos,ungesehen,ohne 2,9,nur234,3,130,86,84
tips6pos,ungesehen,ohne 2,9,alle5,3,60,30,0
tips6pos,ungesehen,ohne 2,9,nur234,3,60,30,0
tips6pos,ungesehen,ohne 2,9,alle5,3,70,86,43
tips6pos,ungesehen,ohne 2,9,nur234,3,70,86,43
tips6pos,ungesehen,ohne 2,9,alle5,4,100,280,249
tips6pos,ungesehen,ohne 2,9,nur234,4,100,280,249
tips6pos,ungesehen,ohne 2,9,alle5,4,120,62,53
tips6pos,ungesehen,ohne 2,9,nur234,4,120,62,53
tips6pos,ungesehen,ohne 2,9,alle5,4,70,62,62
tips6pos,ungesehen,ohne 2,9,nur234,4,70,62,62
tips6pos,ungesehen,ohne 2,9,alle5,4,90,60,31
tips6pos,ungesehen,ohne 2,9,nur234,4,90,60,31
tips6pos,ungesehen,ohne 1,0,alle5,2,100,436,433
tips6pos,ungesehen,ohne 1,0,nur234,2,100,436,435
tips6pos,ungesehen,ohne 1,0,alle5,2,120,690,628
tips6pos,ungesehen,ohne 1,0,nur234,2,120,690,653
tips6pos,ungesehen,ohne 1,0,alle5,2,70,794,780
tips6pos,ungesehen,ohne 1,0,nur234,2,70,794,794
tips6pos,ungesehen,ohne 1,0,alle5,3,100,672,280
tips6pos,ungesehen,ohne 1,0,nur234,3,100,672,314
tips6pos,ungesehen,ohne 1,0,alle5,3,120,736,361
tips6pos,ungesehen,ohne 1,0,nur234,3,120,736,380
tips6pos,ungesehen,ohne 1,0,alle5,3,70,642,238
tips6pos,ungesehen,ohne 1,0,nur234,3,70,642,244
tips6pos,ungesehen,ohne 1,0,alle5,4,100,368,267
tips6pos,ungesehen,ohne 1,0,nur234,4,100,368,271
tips6pos,ungesehen,ohne 1,0,alle5,4,120,344,287
tips6pos,ungesehen,ohne 1,0,nur234,4,120,344,331
tips6pos,ungesehen,ohne 1,0,alle5,4,125,470,439
tips6pos,ungesehen,ohne 1,0,nur234,4,125,470,459
tips6pos,ungesehen,ohne 1,0,alle5,4,60,94,3
tips6pos,ungesehen,ohne 1,0,nur234,4,60,94,87
tips6pos,ungesehen,ohne 1,0,alle5,4,70,124,42
tips6pos,ungesehen,ohne 1,0,nur234,4,70,124,123
tips6pos,ungesehen,ohne 1,0,alle5,4,80,188,150
tips6pos,ungesehen,ohne 1,0,nur234,4,80,188,188
tips6pos,ungesehen,ohne 1,1,alle5,2,100,436,428
tips6pos,ungesehen,ohne 1,1,nur234,2,100,436,430
tips6pos,ungesehen,ohne 1,1,alle5,2,120,690,622
tips6pos,ungesehen,ohne 1,1,nur234,2,120,690,629
tips6pos,ungesehen,ohne 1,1,alle5,2,70,794,769
tips6pos,ungesehen,ohne 1,1,nur234,2,70,794,792
tips6pos,ungesehen,ohne 1,1,alle5,3,100,672,242
tips6pos,ungesehen,ohne 1,1,nur234,3,100,672,265
tips6pos,ungesehen,ohne 1,1,alle5,3,120,736,357
tips6pos,ungesehen,ohne 1,1,nur234,3,120,736,357
tips6pos,ungesehen,ohne 1,1,alle5,3,70,642,213
tips6pos,ungesehen,ohne 1,1,nur234,3,70,642,247
tips6pos,ungesehen,ohne 1,1,alle5,4,100,368,276
tips6pos,ungesehen,ohne 1,1,nur234,4,100,368,287
tips6pos,ungesehen,ohne 1,1,alle5,4,120,344,302
tips6pos,ungesehen,ohne 1,1,nur234,4,120,344,332
tips6pos,ungesehen,ohne 1,1,alle5,4,125,470,460
tips6pos,ungesehen,ohne 1,1,nur234,4,125,470,463
tips6pos,ungesehen,ohne 1,1,alle5,4,60,94,14
tips6pos,ungesehen,ohne 1,1,nur234,4,60,94,94
tips6pos,ungesehen,ohne 1,1,alle5,4,70,124,72
tips6pos,ungesehen,ohne 1,1,nur234,4,70,124,124
tips6pos,ungesehen,ohne 1,1,alle5,4,80,188,185
tips6pos,ungesehen,ohne 1,1,nur234,4,80,188,188
tips6pos,ungesehen,ohne 1,2,alle5,2,100,436,431
tips6pos,ungesehen,ohne 1,2,nur234,2,100,436,432
tips6pos,ungesehen,ohne 1,2,alle5,2,120,690,632
tips6pos,ungesehen,ohne 1,2,nur234,2,120,690,662
tips6pos,ungesehen,ohne 1,2,alle5,2,70,794,782
tips6pos,ungesehen,ohne 1,2,nur234,2,70,794,792
tips6pos,ungesehen,ohne 1,2,alle5,3,100,672,314
tips6pos,ungesehen,ohne 1,2,nur234,3,100,672,329
tips6pos,ungesehen,ohne 1,2,alle5,3,120,736,368
tips6pos,ungesehen,ohne 1,2,nur234,3,120,736,388
tips6pos,ungesehen,ohne 1,2,alle5,3,70,642,314
tips6pos,ungesehen,ohne 1,2,nur234,3,70,642,313
tips6pos,ungesehen,ohne 1,2,alle5,4,100,368,266
tips6pos,ungesehen,ohne 1,2,nur234,4,100,368,270
tips6pos,ungesehen,ohne 1,2,alle5,4,120,344,293
tips6pos,ungesehen,ohne 1,2,nur234,4,120,344,327
tips6pos,ungesehen,ohne 1,2,alle5,4,125,470,452
tips6pos,ungesehen,ohne 1,2,nur234,4,125,470,460
tips6pos,ungesehen,ohne 1,2,alle5,4,60,94,11
tips6pos,ungesehen,ohne 1,2,nur234,4,60,94,91
tips6pos,ungesehen,ohne 1,2,alle5,4,70,124,70
tips6pos,ungesehen,ohne 1,2,nur234,4,70,124,124
tips6pos,ungesehen,ohne 1,2,alle5,4,80,188,183
tips6pos,ungesehen,ohne 1,2,nur234,4,80,188,188
tips6pos,ungesehen,ohne 1,3,alle5,2,100,436,431
tips6pos,ungesehen,ohne 1,3,nur234,2,100,436,432
tips6pos,ungesehen,ohne 1,3,alle5,2,120,690,629
tips6pos,ungesehen,ohne 1,3,nur234,2,120,690,634
tips6pos,ungesehen,ohne 1,3,alle5,2,70,794,794
tips6pos,ungesehen,ohne 1,3,nur234,2,70,794,793
tips6pos,ungesehen,ohne 1,3,alle5,3,100,672,291
tips6pos,ungesehen,ohne 1,3,nur234,3,100,672,314
tips6pos,ungesehen,ohne 1,3,alle5,3,120,736,369
tips6pos,ungesehen,ohne 1,3,nur234,3,120,736,375
tips6pos,ungesehen,ohne 1,3,alle5,3,70,642,292
tips6pos,ungesehen,ohne 1,3,nur234,3,70,642,293
tips6pos,ungesehen,ohne 1,3,alle5,4,100,368,274
tips6pos,ungesehen,ohne 1,3,nur234,4,100,368,282
tips6pos,ungesehen,ohne 1,3,alle5,4,120,344,301
tips6pos,ungesehen,ohne 1,3,nur234,4,120,344,332
tips6pos,ungesehen,ohne 1,3,alle5,4,125,470,454
tips6pos,ungesehen,ohne 1,3,nur234,4,125,470,461
tips6pos,ungesehen,ohne 1,3,alle5,4,60,94,24
tips6pos,ungesehen,ohne 1,3,nur234,4,60,94,91
tips6pos,ungesehen,ohne 1,3,alle5,4,70,124,71
tips6pos,ungesehen,ohne 1,3,nur234,4,70,124,123
tips6pos,ungesehen,ohne 1,3,alle5,4,80,188,185
tips6pos,ungesehen,ohne 1,3,nur234,4,80,188,188
tips6pos,ungesehen,ohne 1,4,alle5,2,100,436,434
tips6pos,ungesehen,ohne 1,4,nur234,2,100,436,434
tips6pos,ungesehen,ohne 1,4,alle5,2,120,690,631
tips6pos,ungesehen,ohne 1,4,nur234,2,120,690,651
tips6pos,ungesehen,ohne 1,4,alle5,2,70,794,766
tips6pos,ungesehen,ohne 1,4,nur234,2,70,794,791
tips6pos,ungesehen,ohne 1,4,alle5,3,100,672,221
tips6pos,ungesehen,ohne 1,4,nur234,3,100,672,247
tips6pos,ungesehen,ohne 1,4,alle5,3,120,736,353
tips6pos,ungesehen,ohne 1,4,nur234,3,120,736,362
tips6pos,ungesehen,ohne 1,4,alle5,3,70,642,267
tips6pos,ungesehen,ohne 1,4,nur234,3,70,642,272
tips6pos,ungesehen,ohne 1,4,alle5,4,100,368,285
tips6pos,ungesehen,ohne 1,4,nur234,4,100,368,292
tips6pos,ungesehen,ohne 1,4,alle5,4,120,344,309
tips6pos,ungesehen,ohne 1,4,nur234,4,120,344,336
tips6pos,ungesehen,ohne 1,4,alle5,4,125,470,459
tips6pos,ungesehen,ohne 1,4,nur234,4,125,470,460
tips6pos,ungesehen,ohne 1,4,alle5,4,60,94,49
tips6pos,ungesehen,ohne 1,4,nur234,4,60,94,93
tips6pos,ungesehen,ohne 1,4,alle5,4,70,124,94
tips6pos,ungesehen,ohne 1,4,nur234,4,70,124,124
tips6pos,ungesehen,ohne 1,4,alle5,4,80,188,188
tips6pos,ungesehen,ohne 1,4,nur234,4,80,188,188
tips6pos,ungesehen,ohne 1,5,alle5,2,100,436,429
tips6pos,ungesehen,ohne 1,5,nur234,2,100,436,429
tips6pos,ungesehen,ohne 1,5,alle5,2,120,690,614
tips6pos,ungesehen,ohne 1,5,nur234,2,120,690,630
tips6pos,ungesehen,ohne 1,5,alle5,2,70,794,755
tips6pos,ungesehen,ohne 1,5,nur234,2,70,794,791
tips6pos,ungesehen,ohne 1,5,alle5,3,100,672,287
tips6pos,ungesehen,ohne 1,5,nur234,3,100,672,331
tips6pos,ungesehen,ohne 1,5,alle5,3,120,736,393
tips6pos,ungesehen,ohne 1,5,nur234,3,120,736,400
tips6pos,ungesehen,ohne 1,5,alle5,3,70,642,330
tips6pos,ungesehen,ohne 1,5,nur234,3,70,642,332
tips6pos,ungesehen,ohne 1,5,alle5,4,100,368,278
tips6pos,ungesehen,ohne 1,5,nur234,4,100,368,285
tips6pos,ungesehen,ohne 1,5,alle5,4,120,344,305
tips6pos,ungesehen,ohne 1,5,nur234,4,120,344,336
tips6pos,ungesehen,ohne 1,5,alle5,4,125,470,459
tips6pos,ungesehen,ohne 1,5,nur234,4,125,470,463
tips6pos,ungesehen,ohne 1,5,alle5,4,60,94,47
tips6pos,ungesehen,ohne 1,5,nur234,4,60,94,91
tips6pos,ungesehen,ohne 1,5,alle5,4,70,124,94
tips6pos,ungesehen,ohne 1,5,nur234,4,70,124,124
tips6pos,ungesehen,ohne 1,5,alle5,4,80,188,188
tips6pos,ungesehen,ohne 1,5,nur234,4,80,188,188
tips6pos,ungesehen,ohne 1,6,alle5,2,100,436,431
tips6pos,ungesehen,ohne 1,6,nur234,2,100,436,432
tips6pos,ungesehen,ohne 1,6,alle5,2,120,690,626
tips6pos,ungesehen,ohne 1,6,nur234,2,120,690,640
tips6pos,ungesehen,ohne 1,6,alle5,2,70,794,792
tips6pos,ungesehen,ohne 1,6,nur234,2,70,794,793
tips6pos,ungesehen,ohne 1,6,alle5,3,100,672,290
tips6pos,ungesehen,ohne 1,6,nur234,3,100,672,305
tips6pos,ungesehen,ohne 1,6,alle5,3,120,736,376
tips6pos,ungesehen,ohne 1,6,nur234,3,120,736,380
tips6pos,ungesehen,ohne 1,6,alle5,3,70,642,276
tips6pos,ungesehen,ohne 1,6,nur234,3,70,642,276
tips6pos,ungesehen,ohne 1,6,alle5,4,100,368,288
tips6pos,ungesehen,ohne 1,6,nur234,4,100,368,293
tips6pos,ungesehen,ohne 1,6,alle5,4,120,344,309
tips6pos,ungesehen,ohne 1,6,nur234,4,120,344,334
tips6pos,ungesehen,ohne 1,6,alle5,4,125,470,461
tips6pos,ungesehen,ohne 1,6,nur234,4,125,470,463
tips6pos,ungesehen,ohne 1,6,alle5,4,60,94,40
tips6pos,ungesehen,ohne 1,6,nur234,4,60,94,91
tips6pos,ungesehen,ohne 1,6,alle5,4,70,124,80
tips6pos,ungesehen,ohne 1,6,nur234,4,70,124,123
tips6pos,ungesehen,ohne 1,6,alle5,4,80,188,186
tips6pos,ungesehen,ohne 1,6,nur234,4,80,188,188
tips6pos,ungesehen,ohne 1,7,alle5,2,100,436,430
tips6pos,ungesehen,ohne 1,7,nur234,2,100,436,432
tips6pos,ungesehen,ohne 1,7,alle5,2,120,690,633
tips6pos,ungesehen,ohne 1,7,nur234,2,120,690,666
tips6pos,ungesehen,ohne 1,7,alle5,2,70,794,707
tips6pos,ungesehen,ohne 1,7,nur234,2,70,794,793
tips6pos,ungesehen,ohne 1,7,alle5,3,100,672,310
tips6pos,ungesehen,ohne 1,7,nur234,3,100,672,334
tips6pos,ungesehen,ohne 1,7,alle5,3,120,736,360
tips6pos,ungesehen,ohne 1,7,nur234,3,120,736,383
tips6pos,ungesehen,ohne 1,7,alle5,3,70,642,299
tips6pos,ungesehen,ohne 1,7,nur234,3,70,642,315
tips6pos,ungesehen,ohne 1,7,alle5,4,100,368,267
tips6pos,ungesehen,ohne 1,7,nur234,4,100,368,269
tips6pos,ungesehen,ohne 1,7,alle5,4,120,344,291
tips6pos,ungesehen,ohne 1,7,nur234,4,120,344,320
tips6pos,ungesehen,ohne 1,7,alle5,4,125,470,442
tips6pos,ungesehen,ohne 1,7,nur234,4,125,470,459
tips6pos,ungesehen,ohne 1,7,alle5,4,60,94,4
tips6pos,ungesehen,ohne 1,7,nur234,4,60,94,64
tips6pos,ungesehen,ohne 1,7,alle5,4,70,124,51
tips6pos,ungesehen,ohne 1,7,nur234,4,70,124,124
tips6pos,ungesehen,ohne 1,7,alle5,4,80,188,145
tips6pos,ungesehen,ohne 1,7,nur234,4,80,188,181
tips6pos,ungesehen,ohne 1,8,alle5,2,100,436,428
tips6pos,ungesehen,ohne 1,8,nur234,2,100,436,429
tips6pos,ungesehen,ohne 1,8,alle5,2,120,690,603
tips6pos,ungesehen,ohne 1,8,nur234,2,120,690,618
tips6pos,ungesehen,ohne 1,8,alle5,2,70,794,656
tips6pos,ungesehen,ohne 1,8,nur234,2,70,794,783
tips6pos,ungesehen,ohne 1,8,alle5,3,100,672,292
tips6pos,ungesehen,ohne 1,8,nur234,3,100,672,316
tips6pos,ungesehen,ohne 1,8,alle5,3,120,736,369
tips6pos,ungesehen,ohne 1,8,nur234,3,120,736,390
tips6pos,ungesehen,ohne 1,8,alle5,3,70,642,274
tips6pos,ungesehen,ohne 1,8,nur234,3,70,642,327
tips6pos,ungesehen,ohne 1,8,alle5,4,100,368,272
tips6pos,ungesehen,ohne 1,8,nur234,4,100,368,283
tips6pos,ungesehen,ohne 1,8,alle5,4,120,344,289
tips6pos,ungesehen,ohne 1,8,nur234,4,120,344,333
tips6pos,ungesehen,ohne 1,8,alle5,4,125,470,451
tips6pos,ungesehen,ohne 1,8,nur234,4,125,470,463
tips6pos,ungesehen,ohne 1,8,alle5,4,60,94,3
tips6pos,ungesehen,ohne 1,8,nur234,4,60,94,90
tips6pos,ungesehen,ohne 1,8,alle5,4,70,124,36
tips6pos,ungesehen,ohne 1,8,nur234,4,70,124,124
tips6pos,ungesehen,ohne 1,8,alle5,4,80,188,124
tips6pos,ungesehen,ohne 1,8,nur234,4,80,188,188
tips6pos,ungesehen,ohne 1,9,alle5,2,100,436,430
tips6pos,ungesehen,ohne 1,9,nur234,2,100,436,431
tips6pos,ungesehen,ohne 1,9,alle5,2,120,690,617
tips6pos,ungesehen,ohne 1,9,nur234,2,120,690,635
tips6pos,ungesehen,ohne 1,9,alle5,2,70,794,756
tips6pos,ungesehen,ohne 1,9,nur234,2,70,794,793
tips6pos,ungesehen,ohne 1,9,alle5,3,100,672,255
tips6pos,ungesehen,ohne 1,9,nur234,3,100,672,302
tips6pos,ungesehen,ohne 1,9,alle5,3,120,736,355
tips6pos,ungesehen,ohne 1,9,nur234,3,120,736,362
tips6pos,ungesehen,ohne 1,9,alle5,3,70,642,178
tips6pos,ungesehen,ohne 1,9,nur234,3,70,642,283
tips6pos,ungesehen,ohne 1,9,alle5,4,100,368,272
tips6pos,ungesehen,ohne 1,9,nur234,4,100,368,281
tips6pos,ungesehen,ohne 1,9,alle5,4,120,344,287
tips6pos,ungesehen,ohne 1,9,nur234,4,120,344,333
tips6pos,ungesehen,ohne 1,9,alle5,4,125,470,450
tips6pos,ungesehen,ohne 1,9,nur234,4,125,470,459
tips6pos,ungesehen,ohne 1,9,alle5,4,60,94,2
tips6pos,ungesehen,ohne 1,9,nur234,4,60,94,91
tips6pos,ungesehen,ohne 1,9,alle5,4,70,124,37
tips6pos,ungesehen,ohne 1,9,nur234,4,70,124,124
tips6pos,ungesehen,ohne 1,9,alle5,4,80,188,137
tips6pos,ungesehen,ohne 1,9,nur234,4,80,188,188
TCN->TCN,bekannt,alle Personen (80/20),0,alle5,2,120,90,51
TCN->TCN,bekannt,alle Personen (80/20),0,nur234,2,120,90,71
TCN->TCN,bekannt,alle Personen (80/20),0,alle5,2,70,278,274
TCN->TCN,bekannt,alle Personen (80/20),0,nur234,2,70,278,274
TCN->TCN,bekannt,alle Personen (80/20),0,alle5,3,120,84,83
TCN->TCN,bekannt,alle Personen (80/20),0,nur234,3,120,84,83
TCN->TCN,bekannt,alle Personen (80/20),0,alle5,3,70,278,274
TCN->TCN,bekannt,alle Personen (80/20),0,nur234,3,70,278,273
TCN->TCN,bekannt,alle Personen (80/20),0,alle5,4,100,30,27
TCN->TCN,bekannt,alle Personen (80/20),0,nur234,4,100,30,30
TCN->TCN,bekannt,alle Personen (80/20),0,alle5,4,125,94,93
TCN->TCN,bekannt,alle Personen (80/20),0,nur234,4,125,94,94
TCN->TCN,bekannt,alle Personen (80/20),0,alle5,4,60,94,57
TCN->TCN,bekannt,alle Personen (80/20),0,nur234,4,60,94,93
TCN->TCN,bekannt,alle Personen (80/20),0,alle5,4,70,124,84
TCN->TCN,bekannt,alle Personen (80/20),0,nur234,4,70,124,84
TCN->TCN,bekannt,alle Personen (80/20),0,alle5,4,80,94,94
TCN->TCN,bekannt,alle Personen (80/20),0,nur234,4,80,94,94
TCN->TCN,bekannt,alle Personen (80/20),0,alle5,2,100,92,74
TCN->TCN,bekannt,alle Personen (80/20),0,nur234,2,100,92,74
TCN->TCN,bekannt,alle Personen (80/20),0,alle5,3,60,30,29
TCN->TCN,bekannt,alle Personen (80/20),0,nur234,3,60,30,29
TCN->TCN,bekannt,alle Personen (80/20),0,alle5,4,120,62,54
TCN->TCN,bekannt,alle Personen (80/20),0,nur234,4,120,62,54
TCN->TCN,bekannt,alle Personen (80/20),1,alle5,2,120,90,55
TCN->TCN,bekannt,alle Personen (80/20),1,nur234,2,120,90,71
TCN->TCN,bekannt,alle Personen (80/20),1,alle5,2,70,278,274
TCN->TCN,bekannt,alle Personen (80/20),1,nur234,2,70,278,274
TCN->TCN,bekannt,alle Personen (80/20),1,alle5,3,120,84,80
TCN->TCN,bekannt,alle Personen (80/20),1,nur234,3,120,84,81
TCN->TCN,bekannt,alle Personen (80/20),1,alle5,3,70,278,270
TCN->TCN,bekannt,alle Personen (80/20),1,nur234,3,70,278,270
TCN->TCN,bekannt,alle Personen (80/20),1,alle5,4,100,30,28
TCN->TCN,bekannt,alle Personen (80/20),1,nur234,4,100,30,29
TCN->TCN,bekannt,alle Personen (80/20),1,alle5,4,125,94,94
TCN->TCN,bekannt,alle Personen (80/20),1,nur234,4,125,94,94
TCN->TCN,bekannt,alle Personen (80/20),1,alle5,4,60,94,77
TCN->TCN,bekannt,alle Personen (80/20),1,nur234,4,60,94,93
TCN->TCN,bekannt,alle Personen (80/20),1,alle5,4,70,124,122
TCN->TCN,bekannt,alle Personen (80/20),1,nur234,4,70,124,122
TCN->TCN,bekannt,alle Personen (80/20),1,alle5,4,80,94,90
TCN->TCN,bekannt,alle Personen (80/20),1,nur234,4,80,94,94
TCN->TCN,bekannt,alle Personen (80/20),1,alle5,2,100,92,74
TCN->TCN,bekannt,alle Personen (80/20),1,nur234,2,100,92,74
TCN->TCN,bekannt,alle Personen (80/20),1,alle5,3,60,30,23
TCN->TCN,bekannt,alle Personen (80/20),1,nur234,3,60,30,23
TCN->TCN,bekannt,alle Personen (80/20),1,alle5,4,120,62,55
TCN->TCN,bekannt,alle Personen (80/20),1,nur234,4,120,62,55
TCN->TCN,bekannt,alle Personen (80/20),2,alle5,2,120,90,61
TCN->TCN,bekannt,alle Personen (80/20),2,nur234,2,120,90,80
TCN->TCN,bekannt,alle Personen (80/20),2,alle5,2,70,278,275
TCN->TCN,bekannt,alle Personen (80/20),2,nur234,2,70,278,275
TCN->TCN,bekannt,alle Personen (80/20),2,alle5,3,120,84,80
TCN->TCN,bekannt,alle Personen (80/20),2,nur234,3,120,84,80
TCN->TCN,bekannt,alle Personen (80/20),2,alle5,3,70,278,274
TCN->TCN,bekannt,alle Personen (80/20),2,nur234,3,70,278,276
TCN->TCN,bekannt,alle Personen (80/20),2,alle5,4,100,30,23
TCN->TCN,bekannt,alle Personen (80/20),2,nur234,4,100,30,30
TCN->TCN,bekannt,alle Personen (80/20),2,alle5,4,125,94,94
TCN->TCN,bekannt,alle Personen (80/20),2,nur234,4,125,94,94
TCN->TCN,bekannt,alle Personen (80/20),2,alle5,4,60,94,68
TCN->TCN,bekannt,alle Personen (80/20),2,nur234,4,60,94,93
TCN->TCN,bekannt,alle Personen (80/20),2,alle5,4,70,124,100
TCN->TCN,bekannt,alle Personen (80/20),2,nur234,4,70,124,100
TCN->TCN,bekannt,alle Personen (80/20),2,alle5,4,80,94,94
TCN->TCN,bekannt,alle Personen (80/20),2,nur234,4,80,94,94
TCN->TCN,bekannt,alle Personen (80/20),2,alle5,2,100,92,71
TCN->TCN,bekannt,alle Personen (80/20),2,nur234,2,100,92,78
TCN->TCN,bekannt,alle Personen (80/20),2,alle5,3,60,30,26
TCN->TCN,bekannt,alle Personen (80/20),2,nur234,3,60,30,26
TCN->TCN,bekannt,alle Personen (80/20),2,alle5,4,120,62,54
TCN->TCN,bekannt,alle Personen (80/20),2,nur234,4,120,62,54
TCN->TCN,bekannt,alle Personen (80/20),3,alle5,2,120,90,58
TCN->TCN,bekannt,alle Personen (80/20),3,nur234,2,120,90,74
TCN->TCN,bekannt,alle Personen (80/20),3,alle5,2,70,278,273
TCN->TCN,bekannt,alle Personen (80/20),3,nur234,2,70,278,274
TCN->TCN,bekannt,alle Personen (80/20),3,alle5,3,120,84,80
TCN->TCN,bekannt,alle Personen (80/20),3,nur234,3,120,84,80
TCN->TCN,bekannt,alle Personen (80/20),3,alle5,3,70,278,268
TCN->TCN,bekannt,alle Personen (80/20),3,nur234,3,70,278,269
TCN->TCN,bekannt,alle Personen (80/20),3,alle5,4,100,30,29
TCN->TCN,bekannt,alle Personen (80/20),3,nur234,4,100,30,30
TCN->TCN,bekannt,alle Personen (80/20),3,alle5,4,125,94,94
TCN->TCN,bekannt,alle Personen (80/20),3,nur234,4,125,94,94
TCN->TCN,bekannt,alle Personen (80/20),3,alle5,4,60,94,71
TCN->TCN,bekannt,alle Personen (80/20),3,nur234,4,60,94,93
TCN->TCN,bekannt,alle Personen (80/20),3,alle5,4,70,124,90
TCN->TCN,bekannt,alle Personen (80/20),3,nur234,4,70,124,90
TCN->TCN,bekannt,alle Personen (80/20),3,alle5,4,80,94,94
TCN->TCN,bekannt,alle Personen (80/20),3,nur234,4,80,94,94
TCN->TCN,bekannt,alle Personen (80/20),3,alle5,2,100,92,62
TCN->TCN,bekannt,alle Personen (80/20),3,nur234,2,100,92,64
TCN->TCN,bekannt,alle Personen (80/20),3,alle5,3,60,30,25
TCN->TCN,bekannt,alle Personen (80/20),3,nur234,3,60,30,25
TCN->TCN,bekannt,alle Personen (80/20),3,alle5,4,120,62,55
TCN->TCN,bekannt,alle Personen (80/20),3,nur234,4,120,62,55
TCN->TCN,bekannt,alle Personen (80/20),4,alle5,2,120,90,56
TCN->TCN,bekannt,alle Personen (80/20),4,nur234,2,120,90,64
TCN->TCN,bekannt,alle Personen (80/20),4,alle5,2,70,278,273
TCN->TCN,bekannt,alle Personen (80/20),4,nur234,2,70,278,274
TCN->TCN,bekannt,alle Personen (80/20),4,alle5,3,120,84,84
TCN->TCN,bekannt,alle Personen (80/20),4,nur234,3,120,84,84
TCN->TCN,bekannt,alle Personen (80/20),4,alle5,3,70,278,277
TCN->TCN,bekannt,alle Personen (80/20),4,nur234,3,70,278,277
TCN->TCN,bekannt,alle Personen (80/20),4,alle5,4,100,30,27
TCN->TCN,bekannt,alle Personen (80/20),4,nur234,4,100,30,30
TCN->TCN,bekannt,alle Personen (80/20),4,alle5,4,125,94,93
TCN->TCN,bekannt,alle Personen (80/20),4,nur234,4,125,94,94
TCN->TCN,bekannt,alle Personen (80/20),4,alle5,4,60,94,73
TCN->TCN,bekannt,alle Personen (80/20),4,nur234,4,60,94,92
TCN->TCN,bekannt,alle Personen (80/20),4,alle5,4,70,124,90
TCN->TCN,bekannt,alle Personen (80/20),4,nur234,4,70,124,90
TCN->TCN,bekannt,alle Personen (80/20),4,alle5,4,80,94,94
TCN->TCN,bekannt,alle Personen (80/20),4,nur234,4,80,94,94
TCN->TCN,bekannt,alle Personen (80/20),4,alle5,2,100,92,73
TCN->TCN,bekannt,alle Personen (80/20),4,nur234,2,100,92,75
TCN->TCN,bekannt,alle Personen (80/20),4,alle5,3,60,30,30
TCN->TCN,bekannt,alle Personen (80/20),4,nur234,3,60,30,30
TCN->TCN,bekannt,alle Personen (80/20),4,alle5,4,120,62,52
TCN->TCN,bekannt,alle Personen (80/20),4,nur234,4,120,62,52
TCN->TCN,bekannt,alle Personen (80/20),5,alle5,2,120,90,70
TCN->TCN,bekannt,alle Personen (80/20),5,nur234,2,120,90,78
TCN->TCN,bekannt,alle Personen (80/20),5,alle5,2,70,278,274
TCN->TCN,bekannt,alle Personen (80/20),5,nur234,2,70,278,274
TCN->TCN,bekannt,alle Personen (80/20),5,alle5,3,120,84,80
TCN->TCN,bekannt,alle Personen (80/20),5,nur234,3,120,84,80
TCN->TCN,bekannt,alle Personen (80/20),5,alle5,3,70,278,268
TCN->TCN,bekannt,alle Personen (80/20),5,nur234,3,70,278,270
TCN->TCN,bekannt,alle Personen (80/20),5,alle5,4,100,30,28
TCN->TCN,bekannt,alle Personen (80/20),5,nur234,4,100,30,30
TCN->TCN,bekannt,alle Personen (80/20),5,alle5,4,125,94,94
TCN->TCN,bekannt,alle Personen (80/20),5,nur234,4,125,94,94
TCN->TCN,bekannt,alle Personen (80/20),5,alle5,4,60,94,65
TCN->TCN,bekannt,alle Personen (80/20),5,nur234,4,60,94,93
TCN->TCN,bekannt,alle Personen (80/20),5,alle5,4,70,124,119
TCN->TCN,bekannt,alle Personen (80/20),5,nur234,4,70,124,121
TCN->TCN,bekannt,alle Personen (80/20),5,alle5,4,80,94,89
TCN->TCN,bekannt,alle Personen (80/20),5,nur234,4,80,94,94
TCN->TCN,bekannt,alle Personen (80/20),5,alle5,2,100,92,74
TCN->TCN,bekannt,alle Personen (80/20),5,nur234,2,100,92,83
TCN->TCN,bekannt,alle Personen (80/20),5,alle5,3,60,30,25
TCN->TCN,bekannt,alle Personen (80/20),5,nur234,3,60,30,25
TCN->TCN,bekannt,alle Personen (80/20),5,alle5,4,120,62,55
TCN->TCN,bekannt,alle Personen (80/20),5,nur234,4,120,62,55
TCN->TCN,bekannt,alle Personen (80/20),6,alle5,2,120,90,56
TCN->TCN,bekannt,alle Personen (80/20),6,nur234,2,120,90,70
TCN->TCN,bekannt,alle Personen (80/20),6,alle5,2,70,278,274
TCN->TCN,bekannt,alle Personen (80/20),6,nur234,2,70,278,274
TCN->TCN,bekannt,alle Personen (80/20),6,alle5,3,120,84,84
TCN->TCN,bekannt,alle Personen (80/20),6,nur234,3,120,84,84
TCN->TCN,bekannt,alle Personen (80/20),6,alle5,3,70,278,272
TCN->TCN,bekannt,alle Personen (80/20),6,nur234,3,70,278,273
TCN->TCN,bekannt,alle Personen (80/20),6,alle5,4,100,30,27
TCN->TCN,bekannt,alle Personen (80/20),6,nur234,4,100,30,29
TCN->TCN,bekannt,alle Personen (80/20),6,alle5,4,125,94,94
TCN->TCN,bekannt,alle Personen (80/20),6,nur234,4,125,94,94
TCN->TCN,bekannt,alle Personen (80/20),6,alle5,4,60,94,60
TCN->TCN,bekannt,alle Personen (80/20),6,nur234,4,60,94,93
TCN->TCN,bekannt,alle Personen (80/20),6,alle5,4,70,124,120
TCN->TCN,bekannt,alle Personen (80/20),6,nur234,4,70,124,121
TCN->TCN,bekannt,alle Personen (80/20),6,alle5,4,80,94,91
TCN->TCN,bekannt,alle Personen (80/20),6,nur234,4,80,94,94
TCN->TCN,bekannt,alle Personen (80/20),6,alle5,2,100,92,65
TCN->TCN,bekannt,alle Personen (80/20),6,nur234,2,100,92,67
TCN->TCN,bekannt,alle Personen (80/20),6,alle5,3,60,30,27
TCN->TCN,bekannt,alle Personen (80/20),6,nur234,3,60,30,27
TCN->TCN,bekannt,alle Personen (80/20),6,alle5,4,120,62,55
TCN->TCN,bekannt,alle Personen (80/20),6,nur234,4,120,62,55
TCN->TCN,bekannt,alle Personen (80/20),7,alle5,2,120,90,49
TCN->TCN,bekannt,alle Personen (80/20),7,nur234,2,120,90,73
TCN->TCN,bekannt,alle Personen (80/20),7,alle5,2,70,278,274
TCN->TCN,bekannt,alle Personen (80/20),7,nur234,2,70,278,274
TCN->TCN,bekannt,alle Personen (80/20),7,alle5,3,120,84,80
TCN->TCN,bekannt,alle Personen (80/20),7,nur234,3,120,84,80
TCN->TCN,bekannt,alle Personen (80/20),7,alle5,3,70,278,274
TCN->TCN,bekannt,alle Personen (80/20),7,nur234,3,70,278,274
TCN->TCN,bekannt,alle Personen (80/20),7,alle5,4,100,30,27
TCN->TCN,bekannt,alle Personen (80/20),7,nur234,4,100,30,30
TCN->TCN,bekannt,alle Personen (80/20),7,alle5,4,125,94,94
TCN->TCN,bekannt,alle Personen (80/20),7,nur234,4,125,94,94
TCN->TCN,bekannt,alle Personen (80/20),7,alle5,4,60,94,83
TCN->TCN,bekannt,alle Personen (80/20),7,nur234,4,60,94,93
TCN->TCN,bekannt,alle Personen (80/20),7,alle5,4,70,124,103
TCN->TCN,bekannt,alle Personen (80/20),7,nur234,4,70,124,103
TCN->TCN,bekannt,alle Personen (80/20),7,alle5,4,80,94,94
TCN->TCN,bekannt,alle Personen (80/20),7,nur234,4,80,94,94
TCN->TCN,bekannt,alle Personen (80/20),7,alle5,2,100,92,69
TCN->TCN,bekannt,alle Personen (80/20),7,nur234,2,100,92,74
TCN->TCN,bekannt,alle Personen (80/20),7,alle5,3,60,30,19
TCN->TCN,bekannt,alle Personen (80/20),7,nur234,3,60,30,19
TCN->TCN,bekannt,alle Personen (80/20),7,alle5,4,120,62,56
TCN->TCN,bekannt,alle Personen (80/20),7,nur234,4,120,62,56
TCN->TCN,bekannt,alle Personen (80/20),8,alle5,2,120,90,46
TCN->TCN,bekannt,alle Personen (80/20),8,nur234,2,120,90,60
TCN->TCN,bekannt,alle Personen (80/20),8,alle5,2,70,278,274
TCN->TCN,bekannt,alle Personen (80/20),8,nur234,2,70,278,274
TCN->TCN,bekannt,alle Personen (80/20),8,alle5,3,120,84,82
TCN->TCN,bekannt,alle Personen (80/20),8,nur234,3,120,84,82
TCN->TCN,bekannt,alle Personen (80/20),8,alle5,3,70,278,277
TCN->TCN,bekannt,alle Personen (80/20),8,nur234,3,70,278,278
TCN->TCN,bekannt,alle Personen (80/20),8,alle5,4,100,30,28
TCN->TCN,bekannt,alle Personen (80/20),8,nur234,4,100,30,30
TCN->TCN,bekannt,alle Personen (80/20),8,alle5,4,125,94,92
TCN->TCN,bekannt,alle Personen (80/20),8,nur234,4,125,94,94
TCN->TCN,bekannt,alle Personen (80/20),8,alle5,4,60,94,60
TCN->TCN,bekannt,alle Personen (80/20),8,nur234,4,60,94,93
TCN->TCN,bekannt,alle Personen (80/20),8,alle5,4,70,124,95
TCN->TCN,bekannt,alle Personen (80/20),8,nur234,4,70,124,95
TCN->TCN,bekannt,alle Personen (80/20),8,alle5,4,80,94,88
TCN->TCN,bekannt,alle Personen (80/20),8,nur234,4,80,94,94
TCN->TCN,bekannt,alle Personen (80/20),8,alle5,2,100,92,67
TCN->TCN,bekannt,alle Personen (80/20),8,nur234,2,100,92,68
TCN->TCN,bekannt,alle Personen (80/20),8,alle5,3,60,30,30
TCN->TCN,bekannt,alle Personen (80/20),8,nur234,3,60,30,30
TCN->TCN,bekannt,alle Personen (80/20),8,alle5,4,120,62,54
TCN->TCN,bekannt,alle Personen (80/20),8,nur234,4,120,62,54
TCN->TCN,bekannt,alle Personen (80/20),9,alle5,2,120,90,51
TCN->TCN,bekannt,alle Personen (80/20),9,nur234,2,120,90,67
TCN->TCN,bekannt,alle Personen (80/20),9,alle5,2,70,278,274
TCN->TCN,bekannt,alle Personen (80/20),9,nur234,2,70,278,274
TCN->TCN,bekannt,alle Personen (80/20),9,alle5,3,120,84,80
TCN->TCN,bekannt,alle Personen (80/20),9,nur234,3,120,84,80
TCN->TCN,bekannt,alle Personen (80/20),9,alle5,3,70,278,271
TCN->TCN,bekannt,alle Personen (80/20),9,nur234,3,70,278,272
TCN->TCN,bekannt,alle Personen (80/20),9,alle5,4,100,30,29
TCN->TCN,bekannt,alle Personen (80/20),9,nur234,4,100,30,30
TCN->TCN,bekannt,alle Personen (80/20),9,alle5,4,125,94,94
TCN->TCN,bekannt,alle Personen (80/20),9,nur234,4,125,94,94
TCN->TCN,bekannt,alle Personen (80/20),9,alle5,4,60,94,50
TCN->TCN,bekannt,alle Personen (80/20),9,nur234,4,60,94,94
TCN->TCN,bekannt,alle Personen (80/20),9,alle5,4,70,124,115
TCN->TCN,bekannt,alle Personen (80/20),9,nur234,4,70,124,122
TCN->TCN,bekannt,alle Personen (80/20),9,alle5,4,80,94,88
TCN->TCN,bekannt,alle Personen (80/20),9,nur234,4,80,94,94
TCN->TCN,bekannt,alle Personen (80/20),9,alle5,2,100,92,61
TCN->TCN,bekannt,alle Personen (80/20),9,nur234,2,100,92,61
TCN->TCN,bekannt,alle Personen (80/20),9,alle5,3,60,30,12
TCN->TCN,bekannt,alle Personen (80/20),9,nur234,3,60,30,12
TCN->TCN,bekannt,alle Personen (80/20),9,alle5,4,120,62,56
TCN->TCN,bekannt,alle Personen (80/20),9,nur234,4,120,62,56
TCN->TCN,ungesehen,ohne 3,0,alle5,2,100,284,145
TCN->TCN,ungesehen,ohne 3,0,nur234,2,100,284,166
TCN->TCN,ungesehen,ohne 3,0,alle5,3,100,62,60
TCN->TCN,ungesehen,ohne 3,0,nur234,3,100,62,60
TCN->TCN,ungesehen,ohne 3,0,alle5,4,100,248,180
TCN->TCN,ungesehen,ohne 3,0,nur234,4,100,248,180
TCN->TCN,ungesehen,ohne 3,0,alle5,2,120,188,168
TCN->TCN,ungesehen,ohne 3,0,nur234,2,120,188,170
TCN->TCN,ungesehen,ohne 3,0,alle5,2,70,196,96
TCN->TCN,ungesehen,ohne 3,0,nur234,2,70,196,100
TCN->TCN,ungesehen,ohne 3,0,alle5,3,120,96,74
TCN->TCN,ungesehen,ohne 3,0,nur234,3,120,96,73
TCN->TCN,ungesehen,ohne 3,0,alle5,4,120,78,77
TCN->TCN,ungesehen,ohne 3,0,nur234,4,120,78,77
TCN->TCN,ungesehen,ohne 3,0,alle5,4,70,62,62
TCN->TCN,ungesehen,ohne 3,0,nur234,4,70,62,62
TCN->TCN,ungesehen,ohne 3,1,alle5,2,100,284,159
TCN->TCN,ungesehen,ohne 3,1,nur234,2,100,284,162
TCN->TCN,ungesehen,ohne 3,1,alle5,3,100,62,62
TCN->TCN,ungesehen,ohne 3,1,nur234,3,100,62,62
TCN->TCN,ungesehen,ohne 3,1,alle5,4,100,248,156
TCN->TCN,ungesehen,ohne 3,1,nur234,4,100,248,156
TCN->TCN,ungesehen,ohne 3,1,alle5,2,120,188,180
TCN->TCN,ungesehen,ohne 3,1,nur234,2,120,188,180
TCN->TCN,ungesehen,ohne 3,1,alle5,2,70,196,110
TCN->TCN,ungesehen,ohne 3,1,nur234,2,70,196,110
TCN->TCN,ungesehen,ohne 3,1,alle5,3,120,96,58
TCN->TCN,ungesehen,ohne 3,1,nur234,3,120,96,57
TCN->TCN,ungesehen,ohne 3,1,alle5,4,120,78,78
TCN->TCN,ungesehen,ohne 3,1,nur234,4,120,78,78
TCN->TCN,ungesehen,ohne 3,1,alle5,4,70,62,57
TCN->TCN,ungesehen,ohne 3,1,nur234,4,70,62,58
TCN->TCN,ungesehen,ohne 3,2,alle5,2,100,284,123
TCN->TCN,ungesehen,ohne 3,2,nur234,2,100,284,150
TCN->TCN,ungesehen,ohne 3,2,alle5,3,100,62,36
TCN->TCN,ungesehen,ohne 3,2,nur234,3,100,62,36
TCN->TCN,ungesehen,ohne 3,2,alle5,4,100,248,186
TCN->TCN,ungesehen,ohne 3,2,nur234,4,100,248,186
TCN->TCN,ungesehen,ohne 3,2,alle5,2,120,188,157
TCN->TCN,ungesehen,ohne 3,2,nur234,2,120,188,157
TCN->TCN,ungesehen,ohne 3,2,alle5,2,70,196,103
TCN->TCN,ungesehen,ohne 3,2,nur234,2,70,196,111
TCN->TCN,ungesehen,ohne 3,2,alle5,3,120,96,39
TCN->TCN,ungesehen,ohne 3,2,nur234,3,120,96,39
TCN->TCN,ungesehen,ohne 3,2,alle5,4,120,78,78
TCN->TCN,ungesehen,ohne 3,2,nur234,4,120,78,78
TCN->TCN,ungesehen,ohne 3,2,alle5,4,70,62,60
TCN->TCN,ungesehen,ohne 3,2,nur234,4,70,62,60
TCN->TCN,ungesehen,ohne 3,3,alle5,2,100,284,121
TCN->TCN,ungesehen,ohne 3,3,nur234,2,100,284,146
TCN->TCN,ungesehen,ohne 3,3,alle5,3,100,62,25
TCN->TCN,ungesehen,ohne 3,3,nur234,3,100,62,25
TCN->TCN,ungesehen,ohne 3,3,alle5,4,100,248,225
TCN->TCN,ungesehen,ohne 3,3,nur234,4,100,248,225
TCN->TCN,ungesehen,ohne 3,3,alle5,2,120,188,178
TCN->TCN,ungesehen,ohne 3,3,nur234,2,120,188,177
TCN->TCN,ungesehen,ohne 3,3,alle5,2,70,196,122
TCN->TCN,ungesehen,ohne 3,3,nur234,2,70,196,124
TCN->TCN,ungesehen,ohne 3,3,alle5,3,120,96,19
TCN->TCN,ungesehen,ohne 3,3,nur234,3,120,96,19
TCN->TCN,ungesehen,ohne 3,3,alle5,4,120,78,78
TCN->TCN,ungesehen,ohne 3,3,nur234,4,120,78,78
TCN->TCN,ungesehen,ohne 3,3,alle5,4,70,62,62
TCN->TCN,ungesehen,ohne 3,3,nur234,4,70,62,62
TCN->TCN,ungesehen,ohne 3,4,alle5,2,100,284,145
TCN->TCN,ungesehen,ohne 3,4,nur234,2,100,284,147
TCN->TCN,ungesehen,ohne 3,4,alle5,3,100,62,60
TCN->TCN,ungesehen,ohne 3,4,nur234,3,100,62,60
TCN->TCN,ungesehen,ohne 3,4,alle5,4,100,248,186
TCN->TCN,ungesehen,ohne 3,4,nur234,4,100,248,186
TCN->TCN,ungesehen,ohne 3,4,alle5,2,120,188,170
TCN->TCN,ungesehen,ohne 3,4,nur234,2,120,188,170
TCN->TCN,ungesehen,ohne 3,4,alle5,2,70,196,121
TCN->TCN,ungesehen,ohne 3,4,nur234,2,70,196,122
TCN->TCN,ungesehen,ohne 3,4,alle5,3,120,96,26
TCN->TCN,ungesehen,ohne 3,4,nur234,3,120,96,27
TCN->TCN,ungesehen,ohne 3,4,alle5,4,120,78,78
TCN->TCN,ungesehen,ohne 3,4,nur234,4,120,78,78
TCN->TCN,ungesehen,ohne 3,4,alle5,4,70,62,54
TCN->TCN,ungesehen,ohne 3,4,nur234,4,70,62,56
TCN->TCN,ungesehen,ohne 3,5,alle5,2,100,284,114
TCN->TCN,ungesehen,ohne 3,5,nur234,2,100,284,124
TCN->TCN,ungesehen,ohne 3,5,alle5,3,100,62,22
TCN->TCN,ungesehen,ohne 3,5,nur234,3,100,62,22
TCN->TCN,ungesehen,ohne 3,5,alle5,4,100,248,186
TCN->TCN,ungesehen,ohne 3,5,nur234,4,100,248,186
TCN->TCN,ungesehen,ohne 3,5,alle5,2,120,188,171
TCN->TCN,ungesehen,ohne 3,5,nur234,2,120,188,170
TCN->TCN,ungesehen,ohne 3,5,alle5,2,70,196,105
TCN->TCN,ungesehen,ohne 3,5,nur234,2,70,196,105
TCN->TCN,ungesehen,ohne 3,5,alle5,3,120,96,51
TCN->TCN,ungesehen,ohne 3,5,nur234,3,120,96,51
TCN->TCN,ungesehen,ohne 3,5,alle5,4,120,78,78
TCN->TCN,ungesehen,ohne 3,5,nur234,4,120,78,78
TCN->TCN,ungesehen,ohne 3,5,alle5,4,70,62,62
TCN->TCN,ungesehen,ohne 3,5,nur234,4,70,62,62
TCN->TCN,ungesehen,ohne 3,6,alle5,2,100,284,64
TCN->TCN,ungesehen,ohne 3,6,nur234,2,100,284,79
TCN->TCN,ungesehen,ohne 3,6,alle5,3,100,62,49
TCN->TCN,ungesehen,ohne 3,6,nur234,3,100,62,49
TCN->TCN,ungesehen,ohne 3,6,alle5,4,100,248,183
TCN->TCN,ungesehen,ohne 3,6,nur234,4,100,248,183
TCN->TCN,ungesehen,ohne 3,6,alle5,2,120,188,133
TCN->TCN,ungesehen,ohne 3,6,nur234,2,120,188,135
TCN->TCN,ungesehen,ohne 3,6,alle5,2,70,196,94
TCN->TCN,ungesehen,ohne 3,6,nur234,2,70,196,98
TCN->TCN,ungesehen,ohne 3,6,alle5,3,120,96,72
TCN->TCN,ungesehen,ohne 3,6,nur234,3,120,96,70
TCN->TCN,ungesehen,ohne 3,6,alle5,4,120,78,78
TCN->TCN,ungesehen,ohne 3,6,nur234,4,120,78,78
TCN->TCN,ungesehen,ohne 3,6,alle5,4,70,62,62
TCN->TCN,ungesehen,ohne 3,6,nur234,4,70,62,62
TCN->TCN,ungesehen,ohne 3,7,alle5,2,100,284,100
TCN->TCN,ungesehen,ohne 3,7,nur234,2,100,284,116
TCN->TCN,ungesehen,ohne 3,7,alle5,3,100,62,62
TCN->TCN,ungesehen,ohne 3,7,nur234,3,100,62,62
TCN->TCN,ungesehen,ohne 3,7,alle5,4,100,248,149
TCN->TCN,ungesehen,ohne 3,7,nur234,4,100,248,149
TCN->TCN,ungesehen,ohne 3,7,alle5,2,120,188,147
TCN->TCN,ungesehen,ohne 3,7,nur234,2,120,188,147
TCN->TCN,ungesehen,ohne 3,7,alle5,2,70,196,102
TCN->TCN,ungesehen,ohne 3,7,nur234,2,70,196,103
TCN->TCN,ungesehen,ohne 3,7,alle5,3,120,96,86
TCN->TCN,ungesehen,ohne 3,7,nur234,3,120,96,86
TCN->TCN,ungesehen,ohne 3,7,alle5,4,120,78,78
TCN->TCN,ungesehen,ohne 3,7,nur234,4,120,78,78
TCN->TCN,ungesehen,ohne 3,7,alle5,4,70,62,55
TCN->TCN,ungesehen,ohne 3,7,nur234,4,70,62,56
TCN->TCN,ungesehen,ohne 3,8,alle5,2,100,284,108
TCN->TCN,ungesehen,ohne 3,8,nur234,2,100,284,121
TCN->TCN,ungesehen,ohne 3,8,alle5,3,100,62,31
TCN->TCN,ungesehen,ohne 3,8,nur234,3,100,62,31
TCN->TCN,ungesehen,ohne 3,8,alle5,4,100,248,184
TCN->TCN,ungesehen,ohne 3,8,nur234,4,100,248,184
TCN->TCN,ungesehen,ohne 3,8,alle5,2,120,188,154
TCN->TCN,ungesehen,ohne 3,8,nur234,2,120,188,165
TCN->TCN,ungesehen,ohne 3,8,alle5,2,70,196,112
TCN->TCN,ungesehen,ohne 3,8,nur234,2,70,196,123
TCN->TCN,ungesehen,ohne 3,8,alle5,3,120,96,75
TCN->TCN,ungesehen,ohne 3,8,nur234,3,120,96,76
TCN->TCN,ungesehen,ohne 3,8,alle5,4,120,78,78
TCN->TCN,ungesehen,ohne 3,8,nur234,4,120,78,78
TCN->TCN,ungesehen,ohne 3,8,alle5,4,70,62,62
TCN->TCN,ungesehen,ohne 3,8,nur234,4,70,62,62
TCN->TCN,ungesehen,ohne 3,9,alle5,2,100,284,86
TCN->TCN,ungesehen,ohne 3,9,nur234,2,100,284,90
TCN->TCN,ungesehen,ohne 3,9,alle5,3,100,62,47
TCN->TCN,ungesehen,ohne 3,9,nur234,3,100,62,47
TCN->TCN,ungesehen,ohne 3,9,alle5,4,100,248,182
TCN->TCN,ungesehen,ohne 3,9,nur234,4,100,248,182
TCN->TCN,ungesehen,ohne 3,9,alle5,2,120,188,145
TCN->TCN,ungesehen,ohne 3,9,nur234,2,120,188,145
TCN->TCN,ungesehen,ohne 3,9,alle5,2,70,196,103
TCN->TCN,ungesehen,ohne 3,9,nur234,2,70,196,105
TCN->TCN,ungesehen,ohne 3,9,alle5,3,120,96,38
TCN->TCN,ungesehen,ohne 3,9,nur234,3,120,96,35
TCN->TCN,ungesehen,ohne 3,9,alle5,4,120,78,78
TCN->TCN,ungesehen,ohne 3,9,nur234,4,120,78,78
TCN->TCN,ungesehen,ohne 3,9,alle5,4,70,62,61
TCN->TCN,ungesehen,ohne 3,9,nur234,4,70,62,61
TCN->TCN,ungesehen,ohne 2,0,alle5,2,100,340,283
TCN->TCN,ungesehen,ohne 2,0,nur234,2,100,340,289
TCN->TCN,ungesehen,ohne 2,0,alle5,2,120,234,230
TCN->TCN,ungesehen,ohne 2,0,nur234,2,120,234,230
TCN->TCN,ungesehen,ohne 2,0,alle5,2,70,238,223
TCN->TCN,ungesehen,ohne 2,0,nur234,2,70,238,223
TCN->TCN,ungesehen,ohne 2,0,alle5,3,100,172,167
TCN->TCN,ungesehen,ohne 2,0,nur234,3,100,172,167
TCN->TCN,ungesehen,ohne 2,0,alle5,3,120,84,82
TCN->TCN,ungesehen,ohne 2,0,nur234,3,120,84,82
TCN->TCN,ungesehen,ohne 2,0,alle5,3,130,84,72
TCN->TCN,ungesehen,ohne 2,0,nur234,3,130,84,72
TCN->TCN,ungesehen,ohne 2,0,alle5,3,60,30,22
TCN->TCN,ungesehen,ohne 2,0,nur234,3,60,30,22
TCN->TCN,ungesehen,ohne 2,0,alle5,3,70,86,85
TCN->TCN,ungesehen,ohne 2,0,nur234,3,70,86,85
TCN->TCN,ungesehen,ohne 2,0,alle5,4,100,280,196
TCN->TCN,ungesehen,ohne 2,0,nur234,4,100,280,195
TCN->TCN,ungesehen,ohne 2,0,alle5,4,120,62,41
TCN->TCN,ungesehen,ohne 2,0,nur234,4,120,62,41
TCN->TCN,ungesehen,ohne 2,0,alle5,4,70,62,46
TCN->TCN,ungesehen,ohne 2,0,nur234,4,70,62,46
TCN->TCN,ungesehen,ohne 2,0,alle5,4,90,60,48
TCN->TCN,ungesehen,ohne 2,0,nur234,4,90,60,48
TCN->TCN,ungesehen,ohne 2,1,alle5,2,100,340,173
TCN->TCN,ungesehen,ohne 2,1,nur234,2,100,340,210
TCN->TCN,ungesehen,ohne 2,1,alle5,2,120,234,225
TCN->TCN,ungesehen,ohne 2,1,nur234,2,120,234,225
TCN->TCN,ungesehen,ohne 2,1,alle5,2,70,238,213
TCN->TCN,ungesehen,ohne 2,1,nur234,2,70,238,214
TCN->TCN,ungesehen,ohne 2,1,alle5,3,100,172,167
TCN->TCN,ungesehen,ohne 2,1,nur234,3,100,172,168
TCN->TCN,ungesehen,ohne 2,1,alle5,3,120,84,84
TCN->TCN,ungesehen,ohne 2,1,nur234,3,120,84,84
TCN->TCN,ungesehen,ohne 2,1,alle5,3,130,84,84
TCN->TCN,ungesehen,ohne 2,1,nur234,3,130,84,84
TCN->TCN,ungesehen,ohne 2,1,alle5,3,60,30,24
TCN->TCN,ungesehen,ohne 2,1,nur234,3,60,30,24
TCN->TCN,ungesehen,ohne 2,1,alle5,3,70,86,86
TCN->TCN,ungesehen,ohne 2,1,nur234,3,70,86,86
TCN->TCN,ungesehen,ohne 2,1,alle5,4,100,280,247
TCN->TCN,ungesehen,ohne 2,1,nur234,4,100,280,249
TCN->TCN,ungesehen,ohne 2,1,alle5,4,120,62,53
TCN->TCN,ungesehen,ohne 2,1,nur234,4,120,62,53
TCN->TCN,ungesehen,ohne 2,1,alle5,4,70,62,60
TCN->TCN,ungesehen,ohne 2,1,nur234,4,70,62,60
TCN->TCN,ungesehen,ohne 2,1,alle5,4,90,60,60
TCN->TCN,ungesehen,ohne 2,1,nur234,4,90,60,60
TCN->TCN,ungesehen,ohne 2,2,alle5,2,100,340,248
TCN->TCN,ungesehen,ohne 2,2,nur234,2,100,340,294
TCN->TCN,ungesehen,ohne 2,2,alle5,2,120,234,232
TCN->TCN,ungesehen,ohne 2,2,nur234,2,120,234,232
TCN->TCN,ungesehen,ohne 2,2,alle5,2,70,238,212
TCN->TCN,ungesehen,ohne 2,2,nur234,2,70,238,215
TCN->TCN,ungesehen,ohne 2,2,alle5,3,100,172,170
TCN->TCN,ungesehen,ohne 2,2,nur234,3,100,172,171
TCN->TCN,ungesehen,ohne 2,2,alle5,3,120,84,84
TCN->TCN,ungesehen,ohne 2,2,nur234,3,120,84,84
TCN->TCN,ungesehen,ohne 2,2,alle5,3,130,84,84
TCN->TCN,ungesehen,ohne 2,2,nur234,3,130,84,84
TCN->TCN,ungesehen,ohne 2,2,alle5,3,60,30,24
TCN->TCN,ungesehen,ohne 2,2,nur234,3,60,30,24
TCN->TCN,ungesehen,ohne 2,2,alle5,3,70,86,86
TCN->TCN,ungesehen,ohne 2,2,nur234,3,70,86,86
TCN->TCN,ungesehen,ohne 2,2,alle5,4,100,280,220
TCN->TCN,ungesehen,ohne 2,2,nur234,4,100,280,220
TCN->TCN,ungesehen,ohne 2,2,alle5,4,120,62,40
TCN->TCN,ungesehen,ohne 2,2,nur234,4,120,62,40
TCN->TCN,ungesehen,ohne 2,2,alle5,4,70,62,54
TCN->TCN,ungesehen,ohne 2,2,nur234,4,70,62,54
TCN->TCN,ungesehen,ohne 2,2,alle5,4,90,60,60
TCN->TCN,ungesehen,ohne 2,2,nur234,4,90,60,60
TCN->TCN,ungesehen,ohne 2,3,alle5,2,100,340,180
TCN->TCN,ungesehen,ohne 2,3,nur234,2,100,340,212
TCN->TCN,ungesehen,ohne 2,3,alle5,2,120,234,233
TCN->TCN,ungesehen,ohne 2,3,nur234,2,120,234,233
TCN->TCN,ungesehen,ohne 2,3,alle5,2,70,238,178
TCN->TCN,ungesehen,ohne 2,3,nur234,2,70,238,178
TCN->TCN,ungesehen,ohne 2,3,alle5,3,100,172,169
TCN->TCN,ungesehen,ohne 2,3,nur234,3,100,172,169
TCN->TCN,ungesehen,ohne 2,3,alle5,3,120,84,84
TCN->TCN,ungesehen,ohne 2,3,nur234,3,120,84,84
TCN->TCN,ungesehen,ohne 2,3,alle5,3,130,84,84
TCN->TCN,ungesehen,ohne 2,3,nur234,3,130,84,84
TCN->TCN,ungesehen,ohne 2,3,alle5,3,60,30,16
TCN->TCN,ungesehen,ohne 2,3,nur234,3,60,30,16
TCN->TCN,ungesehen,ohne 2,3,alle5,3,70,86,85
TCN->TCN,ungesehen,ohne 2,3,nur234,3,70,86,85
TCN->TCN,ungesehen,ohne 2,3,alle5,4,100,280,237
TCN->TCN,ungesehen,ohne 2,3,nur234,4,100,280,239
TCN->TCN,ungesehen,ohne 2,3,alle5,4,120,62,54
TCN->TCN,ungesehen,ohne 2,3,nur234,4,120,62,54
TCN->TCN,ungesehen,ohne 2,3,alle5,4,70,62,50
TCN->TCN,ungesehen,ohne 2,3,nur234,4,70,62,50
TCN->TCN,ungesehen,ohne 2,3,alle5,4,90,60,44
TCN->TCN,ungesehen,ohne 2,3,nur234,4,90,60,44
TCN->TCN,ungesehen,ohne 2,4,alle5,2,100,340,257
TCN->TCN,ungesehen,ohne 2,4,nur234,2,100,340,293
TCN->TCN,ungesehen,ohne 2,4,alle5,2,120,234,234
TCN->TCN,ungesehen,ohne 2,4,nur234,2,120,234,234
TCN->TCN,ungesehen,ohne 2,4,alle5,2,70,238,226
TCN->TCN,ungesehen,ohne 2,4,nur234,2,70,238,226
TCN->TCN,ungesehen,ohne 2,4,alle5,3,100,172,164
TCN->TCN,ungesehen,ohne 2,4,nur234,3,100,172,164
TCN->TCN,ungesehen,ohne 2,4,alle5,3,120,84,83
TCN->TCN,ungesehen,ohne 2,4,nur234,3,120,84,83
TCN->TCN,ungesehen,ohne 2,4,alle5,3,130,84,83
TCN->TCN,ungesehen,ohne 2,4,nur234,3,130,84,83
TCN->TCN,ungesehen,ohne 2,4,alle5,3,60,30,22
TCN->TCN,ungesehen,ohne 2,4,nur234,3,60,30,22
TCN->TCN,ungesehen,ohne 2,4,alle5,3,70,86,85
TCN->TCN,ungesehen,ohne 2,4,nur234,3,70,86,85
TCN->TCN,ungesehen,ohne 2,4,alle5,4,100,280,209
TCN->TCN,ungesehen,ohne 2,4,nur234,4,100,280,209
TCN->TCN,ungesehen,ohne 2,4,alle5,4,120,62,50
TCN->TCN,ungesehen,ohne 2,4,nur234,4,120,62,50
TCN->TCN,ungesehen,ohne 2,4,alle5,4,70,62,45
TCN->TCN,ungesehen,ohne 2,4,nur234,4,70,62,45
TCN->TCN,ungesehen,ohne 2,4,alle5,4,90,60,58
TCN->TCN,ungesehen,ohne 2,4,nur234,4,90,60,58
TCN->TCN,ungesehen,ohne 2,5,alle5,2,100,340,218
TCN->TCN,ungesehen,ohne 2,5,nur234,2,100,340,280
TCN->TCN,ungesehen,ohne 2,5,alle5,2,120,234,232
TCN->TCN,ungesehen,ohne 2,5,nur234,2,120,234,232
TCN->TCN,ungesehen,ohne 2,5,alle5,2,70,238,223
TCN->TCN,ungesehen,ohne 2,5,nur234,2,70,238,222
TCN->TCN,ungesehen,ohne 2,5,alle5,3,100,172,169
TCN->TCN,ungesehen,ohne 2,5,nur234,3,100,172,169
TCN->TCN,ungesehen,ohne 2,5,alle5,3,120,84,84
TCN->TCN,ungesehen,ohne 2,5,nur234,3,120,84,84
TCN->TCN,ungesehen,ohne 2,5,alle5,3,130,84,81
TCN->TCN,ungesehen,ohne 2,5,nur234,3,130,84,81
TCN->TCN,ungesehen,ohne 2,5,alle5,3,60,30,27
TCN->TCN,ungesehen,ohne 2,5,nur234,3,60,30,27
TCN->TCN,ungesehen,ohne 2,5,alle5,3,70,86,86
TCN->TCN,ungesehen,ohne 2,5,nur234,3,70,86,86
TCN->TCN,ungesehen,ohne 2,5,alle5,4,100,280,255
TCN->TCN,ungesehen,ohne 2,5,nur234,4,100,280,256
TCN->TCN,ungesehen,ohne 2,5,alle5,4,120,62,51
TCN->TCN,ungesehen,ohne 2,5,nur234,4,120,62,51
TCN->TCN,ungesehen,ohne 2,5,alle5,4,70,62,32
TCN->TCN,ungesehen,ohne 2,5,nur234,4,70,62,32
TCN->TCN,ungesehen,ohne 2,5,alle5,4,90,60,59
TCN->TCN,ungesehen,ohne 2,5,nur234,4,90,60,59
TCN->TCN,ungesehen,ohne 2,6,alle5,2,100,340,87
TCN->TCN,ungesehen,ohne 2,6,nur234,2,100,340,85
TCN->TCN,ungesehen,ohne 2,6,alle5,2,120,234,226
TCN->TCN,ungesehen,ohne 2,6,nur234,2,120,234,226
TCN->TCN,ungesehen,ohne 2,6,alle5,2,70,238,210
TCN->TCN,ungesehen,ohne 2,6,nur234,2,70,238,210
TCN->TCN,ungesehen,ohne 2,6,alle5,3,100,172,170
TCN->TCN,ungesehen,ohne 2,6,nur234,3,100,172,171
TCN->TCN,ungesehen,ohne 2,6,alle5,3,120,84,84
TCN->TCN,ungesehen,ohne 2,6,nur234,3,120,84,84
TCN->TCN,ungesehen,ohne 2,6,alle5,3,130,84,84
TCN->TCN,ungesehen,ohne 2,6,nur234,3,130,84,84
TCN->TCN,ungesehen,ohne 2,6,alle5,3,60,30,30
TCN->TCN,ungesehen,ohne 2,6,nur234,3,60,30,30
TCN->TCN,ungesehen,ohne 2,6,alle5,3,70,86,86
TCN->TCN,ungesehen,ohne 2,6,nur234,3,70,86,86
TCN->TCN,ungesehen,ohne 2,6,alle5,4,100,280,165
TCN->TCN,ungesehen,ohne 2,6,nur234,4,100,280,166
TCN->TCN,ungesehen,ohne 2,6,alle5,4,120,62,18
TCN->TCN,ungesehen,ohne 2,6,nur234,4,120,62,18
TCN->TCN,ungesehen,ohne 2,6,alle5,4,70,62,33
TCN->TCN,ungesehen,ohne 2,6,nur234,4,70,62,36
TCN->TCN,ungesehen,ohne 2,6,alle5,4,90,60,53
TCN->TCN,ungesehen,ohne 2,6,nur234,4,90,60,53
TCN->TCN,ungesehen,ohne 2,7,alle5,2,100,340,237
TCN->TCN,ungesehen,ohne 2,7,nur234,2,100,340,241
TCN->TCN,ungesehen,ohne 2,7,alle5,2,120,234,229
TCN->TCN,ungesehen,ohne 2,7,nur234,2,120,234,229
TCN->TCN,ungesehen,ohne 2,7,alle5,2,70,238,228
TCN->TCN,ungesehen,ohne 2,7,nur234,2,70,238,227
TCN->TCN,ungesehen,ohne 2,7,alle5,3,100,172,171
TCN->TCN,ungesehen,ohne 2,7,nur234,3,100,172,171
TCN->TCN,ungesehen,ohne 2,7,alle5,3,120,84,84
TCN->TCN,ungesehen,ohne 2,7,nur234,3,120,84,84
TCN->TCN,ungesehen,ohne 2,7,alle5,3,130,84,84
TCN->TCN,ungesehen,ohne 2,7,nur234,3,130,84,84
TCN->TCN,ungesehen,ohne 2,7,alle5,3,60,30,28
TCN->TCN,ungesehen,ohne 2,7,nur234,3,60,30,28
TCN->TCN,ungesehen,ohne 2,7,alle5,3,70,86,85
TCN->TCN,ungesehen,ohne 2,7,nur234,3,70,86,85
TCN->TCN,ungesehen,ohne 2,7,alle5,4,100,280,200
TCN->TCN,ungesehen,ohne 2,7,nur234,4,100,280,200
TCN->TCN,ungesehen,ohne 2,7,alle5,4,120,62,46
TCN->TCN,ungesehen,ohne 2,7,nur234,4,120,62,46
TCN->TCN,ungesehen,ohne 2,7,alle5,4,70,62,38
TCN->TCN,ungesehen,ohne 2,7,nur234,4,70,62,38
TCN->TCN,ungesehen,ohne 2,7,alle5,4,90,60,60
TCN->TCN,ungesehen,ohne 2,7,nur234,4,90,60,60
TCN->TCN,ungesehen,ohne 2,8,alle5,2,100,340,88
TCN->TCN,ungesehen,ohne 2,8,nur234,2,100,340,93
TCN->TCN,ungesehen,ohne 2,8,alle5,2,120,234,227
TCN->TCN,ungesehen,ohne 2,8,nur234,2,120,234,227
TCN->TCN,ungesehen,ohne 2,8,alle5,2,70,238,136
TCN->TCN,ungesehen,ohne 2,8,nur234,2,70,238,135
TCN->TCN,ungesehen,ohne 2,8,alle5,3,100,172,167
TCN->TCN,ungesehen,ohne 2,8,nur234,3,100,172,167
TCN->TCN,ungesehen,ohne 2,8,alle5,3,120,84,84
TCN->TCN,ungesehen,ohne 2,8,nur234,3,120,84,84
TCN->TCN,ungesehen,ohne 2,8,alle5,3,130,84,84
TCN->TCN,ungesehen,ohne 2,8,nur234,3,130,84,84
TCN->TCN,ungesehen,ohne 2,8,alle5,3,60,30,20
TCN->TCN,ungesehen,ohne 2,8,nur234,3,60,30,20
TCN->TCN,ungesehen,ohne 2,8,alle5,3,70,86,84
TCN->TCN,ungesehen,ohne 2,8,nur234,3,70,86,84
TCN->TCN,ungesehen,ohne 2,8,alle5,4,100,280,175
TCN->TCN,ungesehen,ohne 2,8,nur234,4,100,280,173
TCN->TCN,ungesehen,ohne 2,8,alle5,4,120,62,48
TCN->TCN,ungesehen,ohne 2,8,nur234,4,120,62,48
TCN->TCN,ungesehen,ohne 2,8,alle5,4,70,62,29
TCN->TCN,ungesehen,ohne 2,8,nur234,4,70,62,34
TCN->TCN,ungesehen,ohne 2,8,alle5,4,90,60,56
TCN->TCN,ungesehen,ohne 2,8,nur234,4,90,60,56
TCN->TCN,ungesehen,ohne 2,9,alle5,2,100,340,222
TCN->TCN,ungesehen,ohne 2,9,nur234,2,100,340,247
TCN->TCN,ungesehen,ohne 2,9,alle5,2,120,234,232
TCN->TCN,ungesehen,ohne 2,9,nur234,2,120,234,232
TCN->TCN,ungesehen,ohne 2,9,alle5,2,70,238,225
TCN->TCN,ungesehen,ohne 2,9,nur234,2,70,238,224
TCN->TCN,ungesehen,ohne 2,9,alle5,3,100,172,164
TCN->TCN,ungesehen,ohne 2,9,nur234,3,100,172,164
TCN->TCN,ungesehen,ohne 2,9,alle5,3,120,84,84
TCN->TCN,ungesehen,ohne 2,9,nur234,3,120,84,84
TCN->TCN,ungesehen,ohne 2,9,alle5,3,130,84,83
TCN->TCN,ungesehen,ohne 2,9,nur234,3,130,84,83
TCN->TCN,ungesehen,ohne 2,9,alle5,3,60,30,24
TCN->TCN,ungesehen,ohne 2,9,nur234,3,60,30,24
TCN->TCN,ungesehen,ohne 2,9,alle5,3,70,86,86
TCN->TCN,ungesehen,ohne 2,9,nur234,3,70,86,86
TCN->TCN,ungesehen,ohne 2,9,alle5,4,100,280,256
TCN->TCN,ungesehen,ohne 2,9,nur234,4,100,280,258
TCN->TCN,ungesehen,ohne 2,9,alle5,4,120,62,49
TCN->TCN,ungesehen,ohne 2,9,nur234,4,120,62,49
TCN->TCN,ungesehen,ohne 2,9,alle5,4,70,62,43
TCN->TCN,ungesehen,ohne 2,9,nur234,4,70,62,43
TCN->TCN,ungesehen,ohne 2,9,alle5,4,90,60,59
TCN->TCN,ungesehen,ohne 2,9,nur234,4,90,60,59
TCN->TCN,ungesehen,ohne 1,0,alle5,2,100,432,430
TCN->TCN,ungesehen,ohne 1,0,nur234,2,100,432,430
TCN->TCN,ungesehen,ohne 1,0,alle5,2,120,678,625
TCN->TCN,ungesehen,ohne 1,0,nur234,2,120,678,665
TCN->TCN,ungesehen,ohne 1,0,alle5,2,70,794,721
TCN->TCN,ungesehen,ohne 1,0,nur234,2,70,794,723
TCN->TCN,ungesehen,ohne 1,0,alle5,3,100,672,242
TCN->TCN,ungesehen,ohne 1,0,nur234,3,100,672,241
TCN->TCN,ungesehen,ohne 1,0,alle5,3,120,728,346
TCN->TCN,ungesehen,ohne 1,0,nur234,3,120,728,346
TCN->TCN,ungesehen,ohne 1,0,alle5,3,70,642,349
TCN->TCN,ungesehen,ohne 1,0,nur234,3,70,642,348
TCN->TCN,ungesehen,ohne 1,0,alle5,4,100,368,270
TCN->TCN,ungesehen,ohne 1,0,nur234,4,100,368,283
TCN->TCN,ungesehen,ohne 1,0,alle5,4,120,344,296
TCN->TCN,ungesehen,ohne 1,0,nur234,4,120,344,297
TCN->TCN,ungesehen,ohne 1,0,alle5,4,125,470,450
TCN->TCN,ungesehen,ohne 1,0,nur234,4,125,470,450
TCN->TCN,ungesehen,ohne 1,0,alle5,4,60,94,28
TCN->TCN,ungesehen,ohne 1,0,nur234,4,60,94,94
TCN->TCN,ungesehen,ohne 1,0,alle5,4,70,124,115
TCN->TCN,ungesehen,ohne 1,0,nur234,4,70,124,123
TCN->TCN,ungesehen,ohne 1,0,alle5,4,80,188,171
TCN->TCN,ungesehen,ohne 1,0,nur234,4,80,188,188
TCN->TCN,ungesehen,ohne 1,1,alle5,2,100,432,427
TCN->TCN,ungesehen,ohne 1,1,nur234,2,100,432,427
TCN->TCN,ungesehen,ohne 1,1,alle5,2,120,678,631
TCN->TCN,ungesehen,ohne 1,1,nur234,2,120,678,660
TCN->TCN,ungesehen,ohne 1,1,alle5,2,70,794,729
TCN->TCN,ungesehen,ohne 1,1,nur234,2,70,794,733
TCN->TCN,ungesehen,ohne 1,1,alle5,3,100,672,320
TCN->TCN,ungesehen,ohne 1,1,nur234,3,100,672,321
TCN->TCN,ungesehen,ohne 1,1,alle5,3,120,728,482
TCN->TCN,ungesehen,ohne 1,1,nur234,3,120,728,482
TCN->TCN,ungesehen,ohne 1,1,alle5,3,70,642,492
TCN->TCN,ungesehen,ohne 1,1,nur234,3,70,642,496
TCN->TCN,ungesehen,ohne 1,1,alle5,4,100,368,269
TCN->TCN,ungesehen,ohne 1,1,nur234,4,100,368,290
TCN->TCN,ungesehen,ohne 1,1,alle5,4,120,344,301
TCN->TCN,ungesehen,ohne 1,1,nur234,4,120,344,303
TCN->TCN,ungesehen,ohne 1,1,alle5,4,125,470,451
TCN->TCN,ungesehen,ohne 1,1,nur234,4,125,470,455
TCN->TCN,ungesehen,ohne 1,1,alle5,4,60,94,40
TCN->TCN,ungesehen,ohne 1,1,nur234,4,60,94,93
TCN->TCN,ungesehen,ohne 1,1,alle5,4,70,124,122
TCN->TCN,ungesehen,ohne 1,1,nur234,4,70,124,124
TCN->TCN,ungesehen,ohne 1,1,alle5,4,80,188,187
TCN->TCN,ungesehen,ohne 1,1,nur234,4,80,188,188
TCN->TCN,ungesehen,ohne 1,2,alle5,2,100,432,427
TCN->TCN,ungesehen,ohne 1,2,nur234,2,100,432,429
TCN->TCN,ungesehen,ohne 1,2,alle5,2,120,678,624
TCN->TCN,ungesehen,ohne 1,2,nur234,2,120,678,651
TCN->TCN,ungesehen,ohne 1,2,alle5,2,70,794,785
TCN->TCN,ungesehen,ohne 1,2,nur234,2,70,794,788
TCN->TCN,ungesehen,ohne 1,2,alle5,3,100,672,295
TCN->TCN,ungesehen,ohne 1,2,nur234,3,100,672,295
TCN->TCN,ungesehen,ohne 1,2,alle5,3,120,728,331
TCN->TCN,ungesehen,ohne 1,2,nur234,3,120,728,332
TCN->TCN,ungesehen,ohne 1,2,alle5,3,70,642,388
TCN->TCN,ungesehen,ohne 1,2,nur234,3,70,642,389
TCN->TCN,ungesehen,ohne 1,2,alle5,4,100,368,268
TCN->TCN,ungesehen,ohne 1,2,nur234,4,100,368,276
TCN->TCN,ungesehen,ohne 1,2,alle5,4,120,344,299
TCN->TCN,ungesehen,ohne 1,2,nur234,4,120,344,299
TCN->TCN,ungesehen,ohne 1,2,alle5,4,125,470,449
TCN->TCN,ungesehen,ohne 1,2,nur234,4,125,470,451
TCN->TCN,ungesehen,ohne 1,2,alle5,4,60,94,43
TCN->TCN,ungesehen,ohne 1,2,nur234,4,60,94,94
TCN->TCN,ungesehen,ohne 1,2,alle5,4,70,124,116
TCN->TCN,ungesehen,ohne 1,2,nur234,4,70,124,122
TCN->TCN,ungesehen,ohne 1,2,alle5,4,80,188,184
TCN->TCN,ungesehen,ohne 1,2,nur234,4,80,188,188
TCN->TCN,ungesehen,ohne 1,3,alle5,2,100,432,423
TCN->TCN,ungesehen,ohne 1,3,nur234,2,100,432,425
TCN->TCN,ungesehen,ohne 1,3,alle5,2,120,678,626
TCN->TCN,ungesehen,ohne 1,3,nur234,2,120,678,664
TCN->TCN,ungesehen,ohne 1,3,alle5,2,70,794,788
TCN->TCN,ungesehen,ohne 1,3,nur234,2,70,794,791
TCN->TCN,ungesehen,ohne 1,3,alle5,3,100,672,510
TCN->TCN,ungesehen,ohne 1,3,nur234,3,100,672,510
TCN->TCN,ungesehen,ohne 1,3,alle5,3,120,728,550
TCN->TCN,ungesehen,ohne 1,3,nur234,3,120,728,550
TCN->TCN,ungesehen,ohne 1,3,alle5,3,70,642,587
TCN->TCN,ungesehen,ohne 1,3,nur234,3,70,642,586
TCN->TCN,ungesehen,ohne 1,3,alle5,4,100,368,270
TCN->TCN,ungesehen,ohne 1,3,nur234,4,100,368,286
TCN->TCN,ungesehen,ohne 1,3,alle5,4,120,344,296
TCN->TCN,ungesehen,ohne 1,3,nur234,4,120,344,297
TCN->TCN,ungesehen,ohne 1,3,alle5,4,125,470,451
TCN->TCN,ungesehen,ohne 1,3,nur234,4,125,470,451
TCN->TCN,ungesehen,ohne 1,3,alle5,4,60,94,65
TCN->TCN,ungesehen,ohne 1,3,nur234,4,60,94,92
TCN->TCN,ungesehen,ohne 1,3,alle5,4,70,124,121
TCN->TCN,ungesehen,ohne 1,3,nur234,4,70,124,124
TCN->TCN,ungesehen,ohne 1,3,alle5,4,80,188,188
TCN->TCN,ungesehen,ohne 1,3,nur234,4,80,188,188
TCN->TCN,ungesehen,ohne 1,4,alle5,2,100,432,428
TCN->TCN,ungesehen,ohne 1,4,nur234,2,100,432,430
TCN->TCN,ungesehen,ohne 1,4,alle5,2,120,678,624
TCN->TCN,ungesehen,ohne 1,4,nur234,2,120,678,661
TCN->TCN,ungesehen,ohne 1,4,alle5,2,70,794,767
TCN->TCN,ungesehen,ohne 1,4,nur234,2,70,794,768
TCN->TCN,ungesehen,ohne 1,4,alle5,3,100,672,322
TCN->TCN,ungesehen,ohne 1,4,nur234,3,100,672,321
TCN->TCN,ungesehen,ohne 1,4,alle5,3,120,728,380
TCN->TCN,ungesehen,ohne 1,4,nur234,3,120,728,380
TCN->TCN,ungesehen,ohne 1,4,alle5,3,70,642,553
TCN->TCN,ungesehen,ohne 1,4,nur234,3,70,642,553
TCN->TCN,ungesehen,ohne 1,4,alle5,4,100,368,275
TCN->TCN,ungesehen,ohne 1,4,nur234,4,100,368,280
TCN->TCN,ungesehen,ohne 1,4,alle5,4,120,344,296
TCN->TCN,ungesehen,ohne 1,4,nur234,4,120,344,299
TCN->TCN,ungesehen,ohne 1,4,alle5,4,125,470,449
TCN->TCN,ungesehen,ohne 1,4,nur234,4,125,470,453
TCN->TCN,ungesehen,ohne 1,4,alle5,4,60,94,35
TCN->TCN,ungesehen,ohne 1,4,nur234,4,60,94,93
TCN->TCN,ungesehen,ohne 1,4,alle5,4,70,124,123
TCN->TCN,ungesehen,ohne 1,4,nur234,4,70,124,123
TCN->TCN,ungesehen,ohne 1,4,alle5,4,80,188,188
TCN->TCN,ungesehen,ohne 1,4,nur234,4,80,188,188
TCN->TCN,ungesehen,ohne 1,5,alle5,2,100,432,427
TCN->TCN,ungesehen,ohne 1,5,nur234,2,100,432,430
TCN->TCN,ungesehen,ohne 1,5,alle5,2,120,678,629
TCN->TCN,ungesehen,ohne 1,5,nur234,2,120,678,663
TCN->TCN,ungesehen,ohne 1,5,alle5,2,70,794,779
TCN->TCN,ungesehen,ohne 1,5,nur234,2,70,794,782
TCN->TCN,ungesehen,ohne 1,5,alle5,3,100,672,201
TCN->TCN,ungesehen,ohne 1,5,nur234,3,100,672,201
TCN->TCN,ungesehen,ohne 1,5,alle5,3,120,728,346
TCN->TCN,ungesehen,ohne 1,5,nur234,3,120,728,346
TCN->TCN,ungesehen,ohne 1,5,alle5,3,70,642,269
TCN->TCN,ungesehen,ohne 1,5,nur234,3,70,642,269
TCN->TCN,ungesehen,ohne 1,5,alle5,4,100,368,282
TCN->TCN,ungesehen,ohne 1,5,nur234,4,100,368,305
TCN->TCN,ungesehen,ohne 1,5,alle5,4,120,344,310
TCN->TCN,ungesehen,ohne 1,5,nur234,4,120,344,311
TCN->TCN,ungesehen,ohne 1,5,alle5,4,125,470,455
TCN->TCN,ungesehen,ohne 1,5,nur234,4,125,470,458
TCN->TCN,ungesehen,ohne 1,5,alle5,4,60,94,55
TCN->TCN,ungesehen,ohne 1,5,nur234,4,60,94,94
TCN->TCN,ungesehen,ohne 1,5,alle5,4,70,124,123
TCN->TCN,ungesehen,ohne 1,5,nur234,4,70,124,124
TCN->TCN,ungesehen,ohne 1,5,alle5,4,80,188,188
TCN->TCN,ungesehen,ohne 1,5,nur234,4,80,188,188
TCN->TCN,ungesehen,ohne 1,6,alle5,2,100,432,428
TCN->TCN,ungesehen,ohne 1,6,nur234,2,100,432,430
TCN->TCN,ungesehen,ohne 1,6,alle5,2,120,678,627
TCN->TCN,ungesehen,ohne 1,6,nur234,2,120,678,672
TCN->TCN,ungesehen,ohne 1,6,alle5,2,70,794,786
TCN->TCN,ungesehen,ohne 1,6,nur234,2,70,794,794
TCN->TCN,ungesehen,ohne 1,6,alle5,3,100,672,222
TCN->TCN,ungesehen,ohne 1,6,nur234,3,100,672,219
TCN->TCN,ungesehen,ohne 1,6,alle5,3,120,728,339
TCN->TCN,ungesehen,ohne 1,6,nur234,3,120,728,339
TCN->TCN,ungesehen,ohne 1,6,alle5,3,70,642,362
TCN->TCN,ungesehen,ohne 1,6,nur234,3,70,642,362
TCN->TCN,ungesehen,ohne 1,6,alle5,4,100,368,268
TCN->TCN,ungesehen,ohne 1,6,nur234,4,100,368,284
TCN->TCN,ungesehen,ohne 1,6,alle5,4,120,344,302
TCN->TCN,ungesehen,ohne 1,6,nur234,4,120,344,305
TCN->TCN,ungesehen,ohne 1,6,alle5,4,125,470,452
TCN->TCN,ungesehen,ohne 1,6,nur234,4,125,470,455
TCN->TCN,ungesehen,ohne 1,6,alle5,4,60,94,42
TCN->TCN,ungesehen,ohne 1,6,nur234,4,60,94,94
TCN->TCN,ungesehen,ohne 1,6,alle5,4,70,124,119
TCN->TCN,ungesehen,ohne 1,6,nur234,4,70,124,124
TCN->TCN,ungesehen,ohne 1,6,alle5,4,80,188,173
TCN->TCN,ungesehen,ohne 1,6,nur234,4,80,188,188
TCN->TCN,ungesehen,ohne 1,7,alle5,2,100,432,425
TCN->TCN,ungesehen,ohne 1,7,nur234,2,100,432,425
TCN->TCN,ungesehen,ohne 1,7,alle5,2,120,678,629
TCN->TCN,ungesehen,ohne 1,7,nur234,2,120,678,655
TCN->TCN,ungesehen,ohne 1,7,alle5,2,70,794,788
TCN->TCN,ungesehen,ohne 1,7,nur234,2,70,794,788
TCN->TCN,ungesehen,ohne 1,7,alle5,3,100,672,262
TCN->TCN,ungesehen,ohne 1,7,nur234,3,100,672,262
TCN->TCN,ungesehen,ohne 1,7,alle5,3,120,728,353
TCN->TCN,ungesehen,ohne 1,7,nur234,3,120,728,353
TCN->TCN,ungesehen,ohne 1,7,alle5,3,70,642,379
TCN->TCN,ungesehen,ohne 1,7,nur234,3,70,642,379
TCN->TCN,ungesehen,ohne 1,7,alle5,4,100,368,277
TCN->TCN,ungesehen,ohne 1,7,nur234,4,100,368,285
TCN->TCN,ungesehen,ohne 1,7,alle5,4,120,344,298
TCN->TCN,ungesehen,ohne 1,7,nur234,4,120,344,299
TCN->TCN,ungesehen,ohne 1,7,alle5,4,125,470,451
TCN->TCN,ungesehen,ohne 1,7,nur234,4,125,470,454
TCN->TCN,ungesehen,ohne 1,7,alle5,4,60,94,37
TCN->TCN,ungesehen,ohne 1,7,nur234,4,60,94,93
TCN->TCN,ungesehen,ohne 1,7,alle5,4,70,124,121
TCN->TCN,ungesehen,ohne 1,7,nur234,4,70,124,124
TCN->TCN,ungesehen,ohne 1,7,alle5,4,80,188,187
TCN->TCN,ungesehen,ohne 1,7,nur234,4,80,188,188
TCN->TCN,ungesehen,ohne 1,8,alle5,2,100,432,429
TCN->TCN,ungesehen,ohne 1,8,nur234,2,100,432,431
TCN->TCN,ungesehen,ohne 1,8,alle5,2,120,678,619
TCN->TCN,ungesehen,ohne 1,8,nur234,2,120,678,659
TCN->TCN,ungesehen,ohne 1,8,alle5,2,70,794,768
TCN->TCN,ungesehen,ohne 1,8,nur234,2,70,794,771
TCN->TCN,ungesehen,ohne 1,8,alle5,3,100,672,311
TCN->TCN,ungesehen,ohne 1,8,nur234,3,100,672,311
TCN->TCN,ungesehen,ohne 1,8,alle5,3,120,728,354
TCN->TCN,ungesehen,ohne 1,8,nur234,3,120,728,354
TCN->TCN,ungesehen,ohne 1,8,alle5,3,70,642,538
TCN->TCN,ungesehen,ohne 1,8,nur234,3,70,642,539
TCN->TCN,ungesehen,ohne 1,8,alle5,4,100,368,260
TCN->TCN,ungesehen,ohne 1,8,nur234,4,100,368,265
TCN->TCN,ungesehen,ohne 1,8,alle5,4,120,344,289
TCN->TCN,ungesehen,ohne 1,8,nur234,4,120,344,294
TCN->TCN,ungesehen,ohne 1,8,alle5,4,125,470,446
TCN->TCN,ungesehen,ohne 1,8,nur234,4,125,470,446
TCN->TCN,ungesehen,ohne 1,8,alle5,4,60,94,31
TCN->TCN,ungesehen,ohne 1,8,nur234,4,60,94,93
TCN->TCN,ungesehen,ohne 1,8,alle5,4,70,124,119
TCN->TCN,ungesehen,ohne 1,8,nur234,4,70,124,121
TCN->TCN,ungesehen,ohne 1,8,alle5,4,80,188,188
TCN->TCN,ungesehen,ohne 1,8,nur234,4,80,188,188
TCN->TCN,ungesehen,ohne 1,9,alle5,2,100,432,429
TCN->TCN,ungesehen,ohne 1,9,nur234,2,100,432,429
TCN->TCN,ungesehen,ohne 1,9,alle5,2,120,678,637
TCN->TCN,ungesehen,ohne 1,9,nur234,2,120,678,666
TCN->TCN,ungesehen,ohne 1,9,alle5,2,70,794,788
TCN->TCN,ungesehen,ohne 1,9,nur234,2,70,794,791
TCN->TCN,ungesehen,ohne 1,9,alle5,3,100,672,287
TCN->TCN,ungesehen,ohne 1,9,nur234,3,100,672,286
TCN->TCN,ungesehen,ohne 1,9,alle5,3,120,728,356
TCN->TCN,ungesehen,ohne 1,9,nur234,3,120,728,356
TCN->TCN,ungesehen,ohne 1,9,alle5,3,70,642,422
TCN->TCN,ungesehen,ohne 1,9,nur234,3,70,642,420
TCN->TCN,ungesehen,ohne 1,9,alle5,4,100,368,277
TCN->TCN,ungesehen,ohne 1,9,nur234,4,100,368,288
TCN->TCN,ungesehen,ohne 1,9,alle5,4,120,344,304
TCN->TCN,ungesehen,ohne 1,9,nur234,4,120,344,307
TCN->TCN,ungesehen,ohne 1,9,alle5,4,125,470,452
TCN->TCN,ungesehen,ohne 1,9,nur234,4,125,470,452
TCN->TCN,ungesehen,ohne 1,9,alle5,4,60,94,55
TCN->TCN,ungesehen,ohne 1,9,nur234,4,60,94,94
TCN->TCN,ungesehen,ohne 1,9,alle5,4,70,124,115
TCN->TCN,ungesehen,ohne 1,9,nur234,4,70,124,121
TCN->TCN,ungesehen,ohne 1,9,alle5,4,80,188,185
TCN->TCN,ungesehen,ohne 1,9,nur234,4,80,188,186
